tensor_path,stage_sequence,spectral
processed_sleepedf/tensors/SC4001E0-PSG.pt,W W W W W W W W W W W W W W W W W W W W W W W W W W W W W W W W W W W W W W W W W W W W W W W W W W W W W W W W W W W W N1 N1 N1 N1 N2 N2 N2 N2 N2 N2 N2 N2 N2 N2 N2 N2 N2 N3 N2 N3 N3 N3 N3 N3 N3 N3 N3 N3 N3 N3 N3 N3 N3 N3 N3 N3 N3 N3 N3 W N3 N3 N2 N2 N3 N3 N3 N3 N3 N3 N3 N3 N3 N3 N2 N2 N2 N2 N2 N2 N2 N3 N2 N2 N3 N3 N3 N3 N1 N2 N2 N2 N2 N2 N3 N3 N2 N3 N2 N3 N3 N3 N3 N3 N3 N3 N3 N3 N3 N2 N3 N3 N3 N3 N3 N3 N3 N3 N3 N3 N3 N3 N3 N3 N3 N3 N3 N3 N3 N3 N3 N3 N3 N3 N3 N3 N3 N3 N3 N3 N3 N3 N3 N3 N3 N3 N3 N3 N3 N3 N3 N3 N3 N3 N3 N3 N3 N3 N3 N3 N3 N3 N3 N3 N3 N3 N3 N3 N3 N3 N3 N3 N3 N3 N3 N3 N3 N3 N3 N1 N3 N3 N3 N3 N3 N3 N3 N2 N2 N3 N3 N3 N2 N2 N2 N2 N2 N3 REM REM REM REM REM REM REM REM REM REM REM REM REM REM REM REM REM REM REM REM REM REM REM REM REM REM REM REM REM N1 N1 N1 N1 N1 N1 N2 N2 N2 N2 N2 N2 N2 N2 N3 N1 N1 N1 N1 N2 N2 N2 N1 N2 N2 N2 N2 N2 N2 N2 N2 N2 N2 N2 N2 N2 N2 N2 N2 N2 N2 N2 N2 N2 N2 N2 N2 N2 N2 N2 N2 N2 N2 N2 N3 N2 N3 N3 N3 N3 N3 N3 N3 N3 N2 N2 N2 N2 N2 N3 N3 N3 N3 N3 N3 N3 N3 N3 N3 N3 N3 N3 N3 N3 N3 N3 N3 N3 N3 N3 N3 N3 N3 N3 N3 N3 N3 N3 N3 N3 N3 N1 N2 N2 N1 N2 N2 N2 N2 N2 N2 N2 N1 N2 N2 N1 N2 N2 N2 N2 N2 N2 REM REM REM REM REM REM REM REM REM REM REM REM REM REM REM REM REM REM REM REM REM REM REM REM REM REM REM REM REM N2 N1 N1 W N1 N1 N1 N1 N2 N2 N2 N2 N2 N2 N2 N2 N2 N2 N2 N2 N2 N2 N2 N2 N2 N2 N2 N2 N2 N2 N2 N2 N2 N2 N2 N2 N2 N1 N2 N1 N2 N2 N2 N2 N2 N2 N2 N2 N2 N2 N3 N2 N2 N2 N2 N2 N2 N2 N2 N2 N2 N2 N2 N2 N3 N2 N3 N2 N3 N3 N3 N3 N3 N3 N3 N3 N3 N3 N2 N2 N2 N2 N2 N2 N2 N3 N3 N2 N3 N3 N3 N3 N3 N3 N3 N3 N3 N3 N3 N3 N3 N3 N3 N3 N3 N2 N2 N2 N2 N3 N3 N2 REM REM REM REM REM REM REM REM N1 REM REM REM REM REM REM REM REM REM REM REM REM REM REM REM REM REM W N1 N1 N1 N1 W W W W W W W W W W W W W W W W N1 N1 N1 W N1 N1 N1 N1 N2 N2 N2 N2 N2 N2 N2 N2 N2 N2 N2 N2 N2 N2 N2 N2 N2 N2 N2 N2 N2 N2 N2 W W N1 N2 N2 N2 N2 N2 N2 N2 N2 N2 N2 N2 N2 N2 N2 N2 N2 N2 N2 N2 N2 N2 N2 N2 N2 N2 N2 N2 N2 N2 N2 N2 N2 N2 N3 N2 N3 N3 N3 N2 N2 N2 N2 N3 N3 N2 N2 N3 N2 N3 N2 N3 N3 N3 N3 N2 N2 N2 N2 N2 N2 N2 N3 N2 N2 N2 N2 N1 N1 REM REM REM REM REM REM REM REM REM REM REM REM REM REM REM REM REM REM REM REM REM REM REM REM REM REM REM REM REM REM REM REM REM W N1 N1 N1 N1 N1 REM REM REM REM REM REM REM REM REM W W W W W W W W W W W W W W W W W N1 N1 N1 W W W W W W W W W W N1 W W W W W W W W W W W W W W W W W W N1 N1 N1 N1 N1 W W W W W W W W W W W W W W W W W W W W W W W W W W W W W W W W W W W W W W W W W W W W W W W W W W W W W W W W W W W W,processed_sleepedf/spectral/SC4001E0-PSG_spectral.pt
processed_sleepedf/tensors/SC4002E0-PSG.pt,W W W W W W W W W W W W W W W W W W W W W W W W W W W W W W W W W W W W W W W W W W W W W W W W W W W W W W W W W W W W N1 N1 N1 N2 N2 N2 N2 N2 N2 N2 N2 N2 N2 N2 N2 N2 N2 N2 N2 N2 N3 N3 N3 N3 N3 N3 N3 N3 N3 N3 N3 N3 N3 N3 N3 N3 N3 N3 N3 N3 N3 N3 N3 N3 N3 N3 N3 N3 N3 N3 N3 N3 N3 N3 N3 N3 N3 N3 N3 N3 N3 N3 N3 N3 N3 N3 N3 N3 N3 N3 N3 N3 N3 N3 N3 N3 N3 N3 N3 N3 N3 N3 N3 N3 N3 N3 N3 N3 N3 N3 N3 N3 N3 N3 N3 N3 N3 N3 N3 N3 N3 N3 N3 N3 N3 N3 N3 N2 N2 N2 N2 N2 N2 N2 N2 N3 N2 N2 N2 N2 N2 N3 N3 N3 N2 N2 N2 N2 N2 N2 N2 REM REM REM REM REM REM REM REM REM REM REM REM REM REM REM REM REM REM REM REM N2 N2 N2 N2 N2 N2 N2 N2 N2 N2 N2 N2 N2 N2 N2 N2 N3 N2 N2 N2 N2 N3 N2 N3 N3 N3 N3 N3 N3 N3 N3 N3 N3 N3 N3 N3 N3 N3 N3 N3 N3 N3 N3 N3 N3 N3 N3 N3 N3 N3 N3 N3 N3 N3 N3 N3 N3 N3 N3 N3 N3 N3 N3 N3 N3 N3 N3 N3 N3 N3 N3 N3 N3 N3 N3 N3 N3 N3 N3 N3 N3 N3 N3 N3 N3 N3 N3 N3 N3 N3 N3 N3 N3 N3 N3 W N1 N1 N2 N2 N2 N2 N2 N2 N2 N2 N2 N2 N3 N2 N2 N2 N2 REM REM REM REM REM REM REM REM REM W N1 N2 W N1 N1 REM REM REM REM REM REM REM REM REM REM REM REM REM REM REM REM REM REM REM REM REM REM REM REM REM REM REM REM REM REM REM REM REM REM REM REM REM REM REM REM REM REM REM REM N2 N2 N2 REM REM N2 N2 N2 N2 N2 N2 N2 REM REM REM N2 N2 N2 N2 N2 N2 N2 N2 N2 N2 W N1 N1 W W W W W W W W W N1 N1 W W W W W N1 N2 N2 N2 N2 N2 N2 N2 N2 N2 N2 N2 N2 N2 N2 N2 N2 N2 N2 N2 N2 N2 N2 N2 N2 N2 N2 N2 N2 N2 N2 N2 N2 N2 N2 N3 N2 N3 N3 N3 N3 N3 N3 N3 N2 N2 N3 N3 N3 N3 N3 N3 N3 N3 N3 N3 N3 N3 N3 N3 N3 N3 N3 N3 N3 N3 N3 N3 N3 N3 N3 N3 N3 N2 N2 N2 N2 N2 N2 N2 N2 N2 N2 N2 N2 N2 N2 N2 N2 N2 N2 N2 N3 N2 N2 N2 N1 W N1 N2 N2 N2 W N1 N2 N2 N2 N2 N2 N2 N2 REM REM REM REM REM REM REM REM REM REM REM REM REM REM REM REM W W N1 N2 N2 N2 N2 N2 N2 N2 N2 N2 W N1 N1 W W W W W W W W W W W W W W W W W W W W N1 W W W W W W W N1 N1 N1 N2 N2 N2 N2 N2 N2 N2 N2 N2 N2 N2 N2 N2 N2 N2 N2 N2 N2 N2 N2 N2 N2 N2 N2 N2 N2 N2 N2 N2 N2 N2 N2 N2 N3 N2 N2 N2 N2 N2 N2 N2 N2 N2 N2 N2 N2 N2 N2 N2 N2 N2 N3 N3 N3 N3 N3 N3 N2 N2 N2 N2 N3 N3 N3 N3 N3 N3 N3 N3 N3 N3 N3 N1 N2 N2 N2 N2 N3 N3 N2 N2 N2 N2 N2 N2 N1 N2 N1 REM REM REM REM REM REM REM REM REM REM REM REM REM REM REM W W N1 N1 N1 N1 N1 N1 REM REM W N1 N1 REM REM REM REM REM REM REM REM REM REM REM REM REM REM REM REM REM REM REM REM REM REM REM REM REM REM REM REM REM REM REM REM REM REM REM W N1 N1 N1 N1 N2 N2 N2 N2 N2 N1 N1 N1 REM REM REM REM REM REM REM REM REM REM REM REM REM REM REM REM REM REM REM REM REM N1 N1 N2 N2 N1 N2 N2 N2 N2 N2 N2 N2 N2 N2 N2 N2 N2 N2 N2 N2 N2 N2 N2 N2 W N1 N2 N2 N2 N2 N2 N2 N2 N2 N2 N2 N2 N2 N2 N2 N2 N2 N2 N2 N2 N2 N3 N3 N3 N3 N3 N3 N3 N3 N3 N3 N3 N3 N3 N3 N3 N3 N3 N3 N3 N3 N3 N3 N3 N3 N3 N3 N3 N3 N3 N3 N3 N3 N3 N3 N3 N3 N3 N3 N3 N3 N3 N3 N3 N3 N3 N3 N3 N3 N3 N3 N3 N3 N3 N3 N3 N3 N3 N3 N3 N3 N3 N3 N3 N3 N3 N3 N3 N3 N3 N3 N3 N3 N3 N3 N3 W W N1 N1 N2 N2 N1 N1 N1 N1 REM REM REM REM REM REM REM REM REM REM REM REM REM REM REM REM REM REM REM REM REM REM REM REM REM REM REM REM REM REM REM REM REM REM REM REM N1 REM REM REM REM REM REM REM REM REM REM REM REM W W W N1 N1 N2 N2 N2 N2 W N1 N1 N2 N2 N2 N2 N2 W N1 N2 N2 N2 N2 N2 N2 N2 N2 N2 N2 N2 N2 N2 N2 N2 N2 N2 N2 N2 N2 N2 N2 N2 N2 N2 N2 N2 N2 N2 N2 N2 N2 N2 N2 N2 N2 N2 N2 N2 N2 N2 N2 N2 N2 N2 N2 N2 N2 N2 N2 N2 N2 N2 N2 N2 N2 N2 N2 N2 N2 N2 W N1 N2 N2 N2 N2 N2 N2 N2 N1 N2 N2 N2 N2 N2 N2 N2 N2 N2 N2 N2 N2 W W W W W W W W W W W W W W W W W W W W W W W W W W W W W W W W W W W W W W W W W W W W W W W W W W W W W W W W W W W W,processed_sleepedf/spectral/SC4002E0-PSG_spectral.pt
processed_sleepedf/tensors/SC4011E0-PSG.pt,W W W W W W W W W W W W W W W W W W W W W W W W W W W W W W W W W W W W W W W W W W W W W W W W W W W W W W W W W W W W N1 N1 N1 N1 N1 N1 N1 N1 N1 N1 N1 N1 N2 N2 N1 N1 N2 N2 N2 N2 N2 N2 N1 N1 N1 N1 N1 N1 N1 N1 N1 N1 N1 N1 N1 N1 N1 N1 N1 W N1 N1 N1 N1 N1 N2 N2 N2 N2 N2 N2 N1 N1 N1 N1 N1 N1 N1 W W N1 N1 N1 N1 N1 N1 N2 N2 N2 N2 N2 N2 N2 N2 N2 N2 N2 N2 N3 N2 N2 N2 N2 N3 N3 N3 N3 N3 N3 N3 N3 N3 N3 N3 N3 N3 N3 N3 N3 N3 N3 N3 N3 N3 N3 N3 N2 N3 N3 N3 N3 N3 N3 N3 N3 N3 N3 N3 N3 N3 N3 N3 N3 N3 N3 N3 N3 N3 N3 N3 N3 N3 N3 N3 N3 N3 N3 N3 N3 N2 N2 N2 W W W W W W W W W N1 N1 N1 N2 N2 N2 N2 N2 N2 N2 N2 N2 N2 N2 N2 N2 N2 N2 N2 N2 N2 N2 N2 N2 N2 N2 W W W W N1 N1 N1 N1 N1 N1 N1 N2 N2 N2 N2 N2 N2 N2 W N1 N1 N1 N2 N2 N2 N2 N2 N2 N2 N2 N2 N2 N1 N2 N2 N2 N2 N2 N2 N2 N2 N2 N2 N2 N2 N2 N2 N2 N2 N2 N2 N2 N2 N2 N2 N2 N2 N2 N2 N2 N2 N2 REM REM REM REM REM REM REM REM REM REM REM REM REM REM REM REM REM REM REM REM REM REM REM REM REM REM REM REM REM REM REM REM REM REM REM REM REM REM REM REM REM REM REM REM REM REM REM REM REM REM REM REM REM REM REM N2 N2 N2 N2 N2 N2 N2 N2 N2 N2 N2 N2 N2 N2 N2 N2 N2 N2 N2 N2 N2 N2 N2 N2 N2 N2 N2 N2 N2 N2 N2 N2 N2 N2 N2 N2 N2 N3 N2 N3 N3 N3 N2 N3 N3 N3 N3 N3 N3 N3 N3 N3 N3 N3 N3 N3 N3 N3 N3 N3 N3 N3 N3 N3 N3 N3 N3 N2 N2 N2 N2 N2 N2 N2 N2 N2 N2 N2 N2 N2 N2 N2 N2 N2 N2 N2 N2 N2 N2 N2 N2 N2 N2 N1 N2 N2 N2 N2 N2 N2 N2 N2 N2 N2 N2 N2 N2 N2 N2 N2 N2 N2 N2 N2 N2 N2 N2 N2 N2 N2 N2 N2 N2 N2 N2 N2 N2 N2 N2 N1 N2 N2 N2 N2 N2 N2 N2 N2 N2 N2 N2 N2 N2 N2 N2 N2 N2 N2 N2 N2 N2 N2 N2 N2 N2 N2 N2 N2 N2 N2 N2 N2 N2 N2 N2 N2 N2 N2 N2 N2 N2 N2 N2 N2 N2 N2 N1 W W N1 N1 N1 W W W W N1 N1 N1 N1 N1 N1 N1 N2 N2 N2 N2 N2 N2 N2 N2 N2 N2 N2 N2 N2 W W W N1 N1 W W W N1 W N1 N1 W W W W N1 N1 N1 N1 N2 N2 N2 N2 N2 N2 N2 N2 N2 N2 N2 N2 N2 N2 N2 N2 N2 N2 N2 N2 N2 N2 N2 N2 N2 N1 N1 N2 N2 N2 N2 N2 N2 N2 N2 N2 N2 N2 N2 N2 N2 N2 N2 N2 N2 N2 N2 REM REM REM REM REM REM REM REM REM REM REM REM REM REM REM REM REM REM REM REM REM REM REM REM REM REM REM REM REM REM REM REM REM REM REM REM REM REM REM N2 N2 N2 N2 N2 N2 N2 N2 N2 N2 N2 N2 N2 N2 N2 N2 N2 N2 N2 N2 N2 N2 N2 N2 N2 N2 N2 N2 N2 N2 N2 N2 N2 N2 N2 N2 N2 N2 N2 N2 N2 N2 N2 N2 N3 N3 N2 N2 N2 N2 N3 N2 N3 N3 N3 N2 N2 N3 N3 N2 N2 N2 N2 N3 N3 N2 N2 N3 N2 N3 N2 N2 N3 N3 N3 N3 N3 N3 N3 N3 N3 N1 N2 N2 N2 N2 N2 N2 N2 N2 N2 N2 N2 N2 N2 N2 N2 N2 N2 N2 N2 N2 N2 N2 N2 N2 N2 N2 N2 N2 N2 N2 N2 N2 N2 N2 N2 N2 N2 N2 N2 N2 N2 N1 N1 N2 N2 N2 N2 N2 N2 N2 N2 N2 N2 N2 N1 N1 N2 N2 N2 N2 N2 N2 N2 N2 N2 N2 N1 N1 N2 N2 N2 N2 N1 N1 N1 N2 N2 N2 N2 N2 N2 REM N2 N2 N2 N2 N2 N2 N2 N2 N2 W N1 N2 N2 N2 N2 N2 N2 N2 N2 REM REM REM REM REM REM REM N1 N1 REM REM REM REM REM REM REM REM REM REM REM REM REM REM REM REM REM REM REM REM REM REM REM REM REM REM REM REM REM REM REM REM REM REM REM REM N1 REM REM REM N2 N2 N1 N1 N2 N2 N2 N2 N2 N2 N2 N2 N2 N2 N2 N2 N2 N2 N2 N2 N2 N2 N2 N2 N2 N2 N2 N1 N1 N2 N2 N2 N2 N2 N2 N2 N2 N1 N1 N2 N2 N2 N2 N2 N2 N2 N2 N2 N2 N2 N2 N2 N2 N2 N2 N2 N2 N2 N2 N2 N2 N2 N2 N2 N2 N2 N2 N2 N2 N2 N2 N2 N2 W W N1 N2 N2 N2 N2 N2 N2 N2 N2 N2 N2 N2 N2 N2 N2 N2 N2 N2 N2 N2 N2 N2 N2 N2 N2 N2 N2 N2 N2 N2 N2 N2 N2 N2 N2 N2 N2 N2 N2 N2 REM REM REM REM REM REM REM REM REM REM REM REM REM N1 REM REM REM REM REM REM REM REM REM REM REM REM REM REM REM REM W W W W W W W W W W W W W W W W W W W W W W W W W W W W W W W W W W W W W W W W W W W W W W W W W W W W W W W W W W W W,processed_sleepedf/spectral/SC4011E0-PSG_spectral.pt
processed_sleepedf/tensors/SC4012E0-PSG.pt,W W W W W W W W W W W W W W W W W W W W W W W W W W W W W W W W W W W W W W W W W W W W W W W W W W W W W W W W W W W W N1 N1 N1 N1 N1 N2 N2 N2 N2 N2 N2 N2 N2 N2 N2 N2 N2 N2 N2 N2 N2 N2 N2 N2 N2 N2 N2 N2 N2 N2 N2 N2 N2 N2 N2 N1 N2 N2 N2 N2 N2 N2 N2 N2 N2 N2 N2 N2 N2 N2 N2 N2 N2 N3 N3 N2 N3 N3 N3 N3 N3 N3 N3 N3 N3 N3 N3 N3 N3 N3 N3 N3 N3 N3 N3 N3 N3 N2 N2 N2 N1 N2 N2 N2 N2 N2 N2 N2 N2 N2 N2 N2 N2 N2 N3 N3 N2 N2 N3 N3 N2 N3 N2 N2 N3 N3 N2 N2 N3 N3 N3 N3 N3 N3 N3 N3 N2 N2 N2 N2 N2 N2 N2 N2 N2 N2 N2 N3 N3 N3 N2 N3 N3 N2 N3 N2 N2 N2 N2 N2 N2 N2 N2 N2 N2 N2 N2 N2 N2 N2 N2 N2 N2 N2 N2 N2 N2 N2 N2 N2 N2 N2 N2 N2 N2 N2 N2 N2 N2 W N1 N2 N2 N2 N2 N2 N2 N2 N2 N2 N2 N2 N2 N2 N2 N2 N2 N2 N2 N2 N2 N2 N2 N2 N2 N2 N2 REM REM REM REM REM REM REM REM REM REM REM REM N1 N1 N1 N1 N1 N2 N2 N2 N2 N2 N2 REM N2 REM REM REM REM REM REM REM REM REM REM REM REM REM REM REM REM N2 REM N2 N1 N1 REM REM N1 N1 N1 N1 N1 N1 N2 N2 N2 N2 N2 N2 N2 N2 N2 N2 N2 N2 N2 N2 N3 N2 N2 N2 N2 N2 N2 N2 N2 N2 N2 N2 N2 N2 N3 N2 N2 N3 N2 N2 N3 N2 N3 N3 N3 N3 N3 N3 N2 N3 N3 N3 N2 N3 N3 N2 N2 N2 N2 N2 N2 N3 N2 N3 N3 N3 N3 N3 N3 N3 N3 N3 N3 N3 N3 N3 N3 N3 N3 N3 N3 N3 N3 N3 N3 N3 N3 W W W N1 N2 N2 N2 N2 N2 N2 N2 N2 N2 N2 N2 N2 N2 N2 N2 N2 N2 N2 N2 N2 N2 N2 N2 N2 N2 N2 N2 N2 N2 N2 N2 N2 N2 N2 N1 N2 N2 N2 N2 N2 N2 N2 N2 N2 N2 N2 N2 N2 N2 N2 N2 N2 N2 N2 N2 N2 N2 N2 N2 N2 N2 N2 N2 N2 N1 N2 N2 N2 N2 N2 N2 N2 N2 N2 N2 N2 N2 N2 N2 N2 N2 N2 N2 N2 N2 N2 N2 N2 N2 REM REM REM N1 N1 REM REM REM REM REM REM REM REM REM N1 N1 W N1 N2 N2 N2 N2 N2 REM REM REM REM REM REM REM REM REM REM REM REM REM REM N1 N1 N1 N1 N1 N2 N2 N2 N2 N2 REM REM REM REM REM REM REM REM REM REM REM REM REM REM N1 N1 REM REM REM REM REM REM REM REM REM REM REM REM REM REM REM REM REM REM REM REM REM REM REM N1 REM REM REM REM N1 N1 N2 N2 N2 N2 W W W W W W W W W W W W W W W W W W N1 N1 N1 N1 N1 N2 N2 N2 N2 N2 N2 N2 N2 N2 N2 N2 N2 N2 N2 N2 N2 N2 N2 N1 N2 N2 N2 N2 N2 N2 N2 N2 N2 N2 N2 N2 N2 N2 N2 N2 N2 N2 N2 N2 N2 N2 N2 N2 N2 N2 N2 N2 N2 N2 N2 N2 N3 N2 N2 N3 N2 N2 N2 N3 N3 N3 N3 N3 N3 N2 N3 N3 N3 N3 N2 W N1 N2 W W N1 N2 N2 N2 N2 N2 N2 N2 N2 N2 N2 N2 N2 N2 N2 N2 N2 N2 N2 N2 N2 N2 N2 N2 N2 N2 N2 N2 N2 N2 N2 N2 N2 N2 N2 N2 N2 N2 N2 N2 N2 N2 N2 N2 N2 N2 N2 N2 N2 N2 N2 N2 N2 N2 N2 N2 N2 N1 N2 N2 N2 N2 N2 N2 N2 N2 N2 N2 N2 W N1 N1 W N1 N2 N2 N2 N2 N2 N2 N2 N2 N2 N2 N2 N2 N2 REM REM REM REM REM REM REM REM N1 N1 N2 REM REM REM REM N1 N1 REM REM REM REM REM REM N1 REM REM REM REM REM REM REM REM REM REM REM REM REM REM REM N1 N1 N1 N1 N1 N2 N1 N1 N2 N2 N2 N2 N2 N2 N2 N2 N2 N2 N2 N2 N2 N2 N1 N2 N2 N2 N2 N2 N1 REM W N1 N2 N2 N2 N2 N2 N2 N2 N2 N2 N2 N2 N2 N2 N2 N2 N2 N2 N2 N2 N2 N2 N2 N2 N2 N2 N2 N2 N2 N2 N2 N2 N2 N2 N2 N2 N2 N2 N2 N2 N2 N2 N1 N1 N2 N2 N2 N2 N2 N2 N2 N2 N2 N2 N2 N2 N2 N2 N2 N2 N2 N2 N2 N2 N2 N2 N2 N2 N2 N2 N2 N2 N2 N2 N2 N2 N2 N2 N2 N2 N2 N2 REM REM REM REM W N1 N1 N1 W N1 N1 N1 N2 N2 N2 N2 N2 N2 N2 N2 N2 N2 N2 N2 N2 N2 N2 N2 N1 N1 W W W W N1 N2 N2 N2 N2 N2 N2 N2 N2 N2 N2 N1 W W W W N1 N1 N1 N1 N1 N1 N1 N2 N2 N2 N2 N2 N2 N2 N2 N2 N2 N2 N2 REM REM REM REM REM REM REM REM REM REM REM REM REM REM REM REM REM REM REM REM REM REM REM REM REM REM REM REM REM REM REM REM REM REM REM REM REM REM REM W W N1 N1 N2 N2 N2 N2 N2 N2 N2 N2 N2 N2 N2 N2 N2 N2 N2 N2 W N1 N1 N1 N2 N2 N2 N2 N2 N2 N2 N2 N2 N2 N2 N2 N2 N2 N2 N2 N2 N2 N2 N2 N2 N2 N2 N2 N2 N2 N2 N2 N2 N2 N2 N2 N2 N2 N2 N2 N1 N1 N2 N2 N2 N2 N2 N2 N2 N2 N2 N2 N2 N2 N2 N2 N2 N2 N2 N2 N2 N2 N2 N2 N2 N2 N2 N2 N2 N2 N2 N2 N2 N2 N2 N2 N2 N2 N2 W W W W W W W W W W W W W W W W W W W W W W W W W W W W W W W W W W W W W W W W W W W W W W W W W W W W W W W W W W W W,processed_sleepedf/spectral/SC4012E0-PSG_spectral.pt
processed_sleepedf/tensors/SC4021E0-PSG.pt,W W W W W W W W W W W W W W W W W W W W W W W W W W W W W W W W W W W W W W W W W W W W W W W W W W W W W W W W W W W W N1 N1 N1 N1 N1 N1 N1 N1 N1 N1 N1 N1 N1 N1 N1 N1 N1 N1 N1 N1 N1 N1 N1 N1 N1 N1 W N1 N1 N1 N1 N1 N1 N1 N1 N1 N1 N1 N1 N1 N1 N1 N2 N2 N2 N2 N2 N2 N2 N2 N2 N2 N2 N2 N2 N2 N2 N2 N2 N2 N2 N2 N2 N2 N2 N2 N2 N2 N2 N2 N2 N2 N2 W N2 N2 N2 N2 N2 N2 N2 N2 N2 N2 N2 N2 N2 N2 N2 N3 N3 N2 N2 N3 N3 N3 N2 N3 N3 N3 N2 N3 N3 N2 N3 N3 N3 N3 N3 N3 N3 N3 N3 N3 N3 N3 N3 N3 N2 N2 N2 N2 N2 N3 N2 N2 N2 N2 N2 N2 N2 N2 N2 N3 N2 N2 N2 N2 N1 N2 N2 N2 N2 N2 N2 N2 N2 N2 N2 N2 N2 N2 N2 N2 N2 N2 N2 N2 N2 REM N2 N2 N2 REM N2 N2 N2 N2 N2 N2 N2 N2 N2 N2 N2 N2 N2 N2 N2 N2 N2 N3 N2 N2 N2 N2 N2 N2 N3 N2 N2 N3 N3 N3 N3 N3 N3 N3 N2 N3 N3 N3 N3 N3 N2 N3 N3 N3 N3 N3 N3 N3 N3 N3 N3 N3 N3 N3 N3 N3 N3 N3 N3 N3 N3 N3 N3 N3 W N2 N2 N2 N3 N2 N2 N2 N2 N2 N2 N2 N2 N2 N2 N2 N2 N2 N2 N2 N2 N2 N2 N2 N2 N2 N2 N2 N2 N2 N2 N2 N2 N2 N3 N2 N2 N2 N2 N2 N2 N2 N2 N2 N2 N2 N3 N2 N3 N3 N3 N3 N3 N2 N2 N3 N2 N2 N2 REM REM REM REM N2 N2 REM REM REM REM REM REM REM REM REM REM REM REM REM REM REM REM REM REM REM N1 N2 N2 REM REM REM REM REM REM REM W N1 N2 N2 N2 N1 N1 N2 N2 N2 N2 N2 N2 N2 N2 N2 N2 N2 N1 N1 N2 N2 N2 N2 N2 N2 N2 N2 N2 N2 N2 N2 N2 N2 N2 N2 N2 N3 N2 N2 N2 N2 N2 N2 N2 N2 N2 N2 N2 N2 N2 N2 N2 N2 N2 N2 N2 N3 N3 N2 N2 N3 N3 N2 N2 N2 N3 N2 N2 N3 N3 N3 N2 N2 N3 N2 N2 N2 N2 N2 N2 N2 N2 N2 N2 N2 N2 N3 N3 N2 N2 N2 N2 N2 N2 N2 N2 N2 N2 N2 N2 N2 N2 N2 N2 N2 N3 N2 N2 N2 REM N2 N2 REM REM REM N2 REM REM REM REM REM REM REM REM REM N1 N1 N2 N2 N2 N2 N2 N2 N2 N2 N2 N2 N2 N2 N2 N2 N2 N2 N2 N2 N2 N2 N2 N2 N2 N2 REM REM REM REM REM REM REM REM REM REM REM REM REM REM REM REM REM REM N1 N1 N1 N1 N1 N1 N1 N1 N2 N2 N2 N2 N2 N2 N2 N2 N2 N2 N2 N2 N2 N2 N2 N2 N2 N2 N2 N2 N2 N2 N2 N2 N2 N2 N2 N2 N2 N2 N2 N2 N2 N2 N2 N2 N2 N2 N2 N2 N2 N2 N2 N3 N2 N2 N3 N3 N2 N1 N2 N2 N2 N2 N2 N2 N2 N2 N2 N2 N2 N2 N3 N2 N2 N2 N2 N2 N2 N2 N2 N3 N2 N2 N2 N3 N2 N2 N2 N2 N3 N3 W N1 N1 N2 N2 N2 N2 N2 N2 N2 N2 N2 N2 N2 N2 N2 N2 N2 N2 N2 N2 N2 N2 N2 N2 N2 N2 N2 REM REM REM REM REM REM REM REM REM REM REM REM N1 N1 REM REM REM REM REM REM REM REM N1 N1 N1 REM REM REM REM REM REM REM REM REM REM REM REM REM REM REM REM REM REM REM REM REM REM REM REM REM N1 N1 N1 N1 N1 N2 N2 N2 N2 N2 N2 REM REM REM REM REM REM REM REM REM REM REM REM REM REM REM REM REM N2 REM REM REM W N1 N1 N2 N2 N2 N2 N2 N2 N2 N2 N2 N2 N2 N2 N2 N2 N2 N2 N2 N2 N2 N2 N2 N2 N2 N2 N2 N2 N2 N2 N2 N2 N2 N2 N3 N2 N2 N2 N2 N2 N2 N2 N2 N2 N2 N2 N2 N2 N2 N2 N2 N3 N1 N1 N2 N2 N2 N2 N2 N2 N2 N2 N2 N2 N2 N2 N2 N2 N2 N2 N2 N2 N2 N2 N2 N2 N2 N2 N2 N2 N2 N2 N2 N2 N2 N2 REM REM REM REM REM REM REM REM REM REM REM REM REM REM REM REM REM REM REM REM REM REM REM REM REM REM REM REM REM REM REM REM REM REM REM N1 N1 N1 N2 N2 N2 N2 N2 N2 N2 N2 N2 N2 N2 N2 N2 N2 N2 N1 N1 N2 N2 N2 N2 N2 N2 N2 N2 N2 N2 N2 N2 N2 N2 N2 N2 N2 N2 N2 N2 W W N1 N1 N1 N1 N2 N2 N2 N2 N2 N2 N2 N2 N2 N2 N2 N2 N1 N1 N2 N2 N2 N2 N2 N2 N2 N2 N2 N2 N2 N2 N2 N1 N1 N1 N2 N2 N2 N2 N2 N2 N2 N2 N2 N2 N1 N1 N1 N1 N1 W W W W W W W W W W W W W W W W W W W W W W W W W W W W W W W W W W W W W W W W W W W W W W W W W W W W W W W W W W W W,processed_sleepedf/spectral/SC4021E0-PSG_spectral.pt
processed_sleepedf/tensors/SC4022E0-PSG.pt,W W W W W W W W W W W W W W W W W W W W W W W W W W W W W W W W W W W W W W W W W W W W W W W W W W W W W W W W W W W W N1 N1 N1 N1 N1 N1 N1 N1 N1 N1 N1 N1 N1 N1 N1 N1 N1 N1 N1 N1 N1 N1 N1 N1 N1 N1 N1 N1 N1 N1 N1 N1 N1 N2 N2 N2 N2 N2 N2 N2 N2 N2 N2 N2 N2 N2 N2 N2 N2 N2 N2 N3 N2 N3 N3 N3 N3 N3 N3 N3 N2 N3 N3 N3 N3 N3 N3 N3 N3 N3 N3 N3 N3 N3 N3 N3 N3 N3 N3 N3 N3 N3 N3 N3 N3 N1 N1 N1 N1 N1 N1 N1 N1 N1 N1 N1 N1 N1 N2 N1 N1 N1 N2 N2 N2 N2 N2 N2 N2 N2 N2 N2 N2 N2 N2 N2 N2 N2 N1 N1 N2 N2 N2 N2 N2 N2 N1 N1 N2 N2 N2 N2 N1 N2 N2 N2 N2 N2 N2 N2 N2 N1 N1 N2 N1 N2 N2 N2 N2 N2 N1 N2 N2 N2 N2 N2 N2 N2 N3 N3 N2 N2 N3 N1 N1 N1 N1 N1 N1 N1 N1 N1 N2 N2 N2 N2 N2 N2 N2 N2 N2 N2 N2 N3 N3 N3 N3 N2 N2 N3 N3 N3 N3 N3 N3 N3 N3 N3 N3 N3 N3 N3 N3 N3 N1 N1 N1 N1 N2 N2 N2 N2 N2 N2 N2 N2 N3 N2 N3 N3 N3 N2 N3 N3 N3 N3 N3 N3 N3 N3 N3 N3 N3 N3 N3 N3 N3 N3 N2 N3 N3 N2 N2 N2 N2 N2 N3 N2 N2 N2 N2 N2 N2 N2 N1 N1 N1 N1 N2 N1 N1 N2 REM REM REM REM REM REM REM REM REM REM REM REM REM REM N1 REM REM REM REM REM REM REM REM REM REM REM REM REM REM REM REM N1 N1 N1 N1 N1 N1 N2 N2 REM REM REM REM REM REM REM REM REM REM REM REM REM REM REM REM REM REM REM REM REM REM REM REM REM REM REM REM REM REM REM REM REM REM REM REM REM REM REM REM REM REM REM N1 N1 N1 N1 N1 N1 N2 N2 N2 N2 N2 N2 N2 N2 N2 N1 N1 N2 N2 N2 N2 N2 N2 N2 N2 N2 N2 N1 N1 N1 N2 N2 N2 N2 N2 N3 N2 N2 N3 N2 N3 N3 N2 N2 N2 N2 N3 N3 N1 N2 N2 N2 N2 N2 N2 N2 N3 N3 N3 N2 N3 N2 N3 N3 N3 N2 N3 N3 N3 N3 N3 N3 N3 N3 N3 N3 N3 N3 N3 N3 N3 N3 N3 N3 N3 N3 N3 N3 N3 N3 N3 N1 N1 N1 N1 N1 N1 N1 N1 N1 N1 N2 N2 N2 N2 N2 N2 N2 N2 N2 N2 N2 N2 N2 N2 N2 N2 N2 N2 N2 N2 N2 N2 N2 N3 N2 N2 N1 N2 N2 N2 N2 N1 N1 N2 N2 N2 N2 N2 N2 REM REM REM REM REM REM REM REM REM REM REM REM REM REM N1 N1 N1 N2 N1 N1 N2 N2 REM REM REM REM REM REM REM REM REM REM REM REM REM REM REM REM REM REM REM REM REM REM REM REM REM REM REM REM REM REM N1 N1 N1 N1 N2 N2 N2 N2 N2 N2 N2 N2 N2 N2 N2 N1 N1 N2 N2 N2 N1 N1 N1 N2 N2 N2 N2 N2 N1 N2 N2 N2 N1 N1 N2 N2 N2 N2 N2 N2 N2 N2 N2 N2 N2 N2 N2 N2 N2 N2 N2 N2 N2 N2 N2 N1 N1 N2 N2 N2 N2 N2 N2 N2 N2 N2 N1 N2 N2 N2 N2 N1 N1 N2 N2 N2 N2 N2 N2 N2 N2 N2 N2 N2 N2 N2 N2 N2 W N1 N1 N2 N1 N2 N2 N2 N2 N2 N2 N2 N2 N2 N2 N2 N2 N2 N3 N2 N2 N2 N1 N2 N2 N2 N2 N2 N3 N2 N2 N2 N2 N2 N2 N2 N2 N2 N2 N2 N2 N2 N2 N2 N1 N1 N2 N2 N2 REM REM REM N1 REM REM REM REM REM REM REM REM REM REM REM REM REM N1 N1 N1 N1 N1 N1 W N1 N1 N1 N1 N1 N1 N1 N2 N2 N2 N2 N2 N2 N2 N2 N2 N2 N2 N2 N2 N2 N1 N1 N1 N2 N2 N2 N2 N2 N2 N2 N2 N2 N2 N2 N2 N2 N2 N2 N2 N2 N2 N1 N1 N1 N2 N2 N1 N2 N2 N2 N2 N2 N2 N2 N2 N2 N2 N1 N1 N1 N2 N2 N2 N2 N2 N2 N2 N1 N1 N2 N2 N2 N2 N2 N2 N2 N2 N1 N2 N2 N2 N2 N2 N2 N2 N2 N2 N2 N2 N2 N2 N2 N2 N2 N2 N2 N3 N2 N2 N2 N1 N1 N2 N2 N2 N2 N2 N2 N2 N2 N2 N2 N2 N2 N2 N2 N2 N2 N2 N2 N1 N1 N1 N2 N2 N2 N2 REM REM REM REM REM REM REM N1 N1 N1 REM REM REM REM REM REM REM REM REM REM REM REM REM REM REM REM REM REM REM REM REM REM REM REM REM N1 N1 REM N1 N1 N1 N1 REM REM REM REM REM REM REM REM REM REM REM REM REM W N1 N1 N1 N1 N1 W W N1 W W W W W W W W W W W W W W W W W W W W W W W W W W W W W W W W W W W W W W W W W W W W W W W W W W W W W W W W W W W W,processed_sleepedf/spectral/SC4022E0-PSG_spectral.pt
processed_sleepedf/tensors/SC4031E0-PSG.pt,W W W W W W W W W W W W W W W W W W W W W W W W W W W W W W W W W W W W W W W W W W W W W W W W W W W W W W W W W W W W N1 W W N1 N1 N1 N1 N1 N1 N1 N1 W N1 N1 N1 N2 N2 N2 N2 N2 N2 N2 N2 N2 N2 N2 N2 N2 N2 N2 N2 N2 N2 N2 N2 N2 N2 N2 N2 N2 N2 N2 N2 N2 N2 N2 N2 N2 N2 N2 N3 N2 N2 N2 N2 N2 N3 N3 N3 N3 N3 N3 N3 N3 N3 N3 N3 N3 N3 N2 N2 N2 N3 N3 N3 N2 W W N1 W N1 N2 N1 N2 N2 N2 N2 N2 N2 N2 N2 N2 N2 N2 N2 N2 N2 N2 N2 N2 N2 N2 N2 N2 N2 N2 N3 N2 N2 W W W N1 N1 N1 N1 N2 N2 N2 N2 N1 W W N1 N1 N1 N1 N1 N2 N1 N2 N2 N2 N2 N2 N2 N2 N2 N2 N2 N2 N2 N2 N2 N2 N2 N3 N2 N2 N3 N2 N3 N2 N2 N3 N2 N2 N3 N3 N3 N3 N3 N3 N3 N2 N3 N3 N3 N3 N3 N3 N3 N3 N3 N3 N2 N2 N2 N2 N2 N2 N2 N2 N2 N2 N2 N2 N2 N2 N2 N2 N2 N2 N2 N2 N2 N2 N2 N2 N2 N2 N2 N1 N2 N2 N2 N2 N2 N2 N2 N2 REM REM REM REM REM REM REM REM REM REM REM N1 REM REM REM REM REM REM REM REM REM REM REM REM REM REM REM REM REM REM N2 N2 N2 N2 N2 N1 N1 N2 N2 N2 N2 N2 N2 N2 N2 N2 N2 N2 N2 N2 N2 N2 N1 N2 N2 N2 N2 N2 N2 N2 N2 N2 N2 N2 N2 N2 N2 N2 N2 N2 N2 N3 N2 N2 N2 N3 N2 N3 N3 N2 N3 N3 N3 N3 N2 N2 N2 N2 N3 N3 N3 N3 N3 N2 N2 N2 N2 N2 N2 N2 N2 N2 N2 N2 N2 N2 N2 N2 N2 N2 N2 N2 N2 N2 N2 N2 N2 N2 N2 N2 N2 N2 N2 N2 N2 N2 N2 N2 N2 N2 N2 N2 N2 W N1 N1 N2 N2 N2 N2 N2 N2 N2 N2 N2 N2 N2 N2 N2 N2 N2 N2 N2 N2 N2 N2 N2 N2 N2 N2 N2 N2 N2 N2 N2 N2 N2 N2 N2 N2 N2 N2 N1 N2 N2 N2 N2 N2 N2 N2 N2 N2 N2 W W N1 N1 N2 N2 N2 N1 N1 N2 N2 N2 N2 N2 REM REM REM REM REM REM REM REM REM REM REM REM REM REM REM REM REM REM REM REM REM REM REM REM REM REM REM REM REM REM REM REM REM REM REM REM REM REM REM REM REM W REM REM REM REM REM REM REM REM REM REM REM REM REM REM REM REM REM REM REM REM REM REM REM REM REM REM REM REM REM REM REM REM REM REM REM REM REM REM REM REM REM REM N2 N2 N2 N2 N2 N2 N2 N2 N2 N2 N2 N2 N2 N2 N2 N2 N2 N2 N2 N2 N2 N2 N2 N2 N2 N2 N2 N2 N2 N2 N2 N2 N2 N2 N2 N2 N2 N2 N2 N2 N2 N2 N2 N2 N2 N2 N2 N3 N2 N2 N2 N1 N1 N1 N2 N2 N2 N2 N2 N2 N2 N2 N2 N2 N2 N2 N2 N2 N2 N2 N2 N2 N2 N2 N2 N2 N2 N2 N2 N2 N2 N2 N2 N2 N2 N2 N2 N2 N2 N2 N2 N3 N2 N2 N2 N2 N2 N2 N3 N2 N2 N2 N1 N2 N2 N2 N2 N2 N2 N2 N2 N2 N2 N2 N2 N2 N2 N2 N2 N2 N3 N2 N2 N2 N2 N2 N2 N2 N2 N2 N2 N2 N3 N2 N2 W N1 N2 N2 N2 N2 N2 N2 REM REM REM REM REM REM REM REM REM REM REM REM REM REM REM REM REM REM REM REM REM REM REM REM REM REM REM REM REM REM REM REM REM REM REM W N1 N1 REM REM REM REM REM REM REM W W W N1 N1 N1 N2 N2 N2 N2 N2 N2 N2 N2 N2 N2 N2 N2 N2 N2 N2 N2 N2 N2 N2 N2 N2 N2 N2 N2 N2 N2 N2 N2 N2 N2 N2 N2 N2 N2 N2 N2 N2 N2 N2 N2 N2 N2 N2 N2 N2 N2 N2 N2 N2 N2 N2 N2 N2 N2 N2 N1 N2 N2 N2 N2 N2 N2 N2 N2 N2 N1 N1 N2 N2 N2 N2 N2 N2 N2 N1 N1 N2 N2 N2 N2 N2 N2 N2 REM REM REM REM REM REM REM REM REM REM REM REM REM REM REM REM REM REM REM REM REM REM N1 N1 N1 N1 REM REM REM REM REM REM REM REM REM REM REM REM REM REM REM REM REM REM REM N1 REM REM REM REM REM N1 REM REM REM REM REM REM REM REM REM N1 N1 W W W W W W W W W W W W W W W W W W W W W W W W W W W W W W W W W W W W W W W W W W W W W W W W W W W W W W W W W W W W,processed_sleepedf/spectral/SC4031E0-PSG_spectral.pt
processed_sleepedf/tensors/SC4032E0-PSG.pt,W W W W W W W W W W W W W W W W W W W W W W W W W W W W W W W W W W W W W W W W W W W W W W W W W W W W W W W W W W W W N1 N1 N1 N1 N1 N1 N1 N1 N1 N2 N2 N2 N2 N2 N1 N2 N2 N2 N2 N2 N2 N2 N2 N2 N2 N2 N2 N2 N2 N2 N2 N2 N2 N2 N2 N2 N2 N2 N2 N2 N2 N2 N3 N3 N3 N3 N3 N3 N3 N3 N3 N3 N3 N3 N3 N3 N3 N3 N3 N3 N3 N3 N3 N3 N3 N3 N3 N3 N3 N3 N3 N3 N3 N3 N3 N3 N3 N3 N3 N3 N3 N3 N3 N3 N3 N3 N3 N3 N3 N3 N3 N3 N3 N3 N2 N2 N2 N2 N2 N2 N2 N2 N2 N2 N2 N2 N2 N2 N2 N2 REM REM REM REM REM REM REM REM REM REM REM REM REM REM REM REM W N1 N2 REM REM REM REM REM REM REM REM REM REM REM REM REM REM REM REM REM REM REM REM REM REM N2 N2 N2 N2 N2 N2 N2 N2 N2 N2 N2 N2 N2 N2 N2 N2 N2 N2 N2 N2 N2 N2 N2 N2 N2 N2 N3 N3 N2 N3 N3 N3 N3 N3 W W N1 N2 N2 N2 N2 N2 N2 N2 N2 N2 N2 N3 N2 N3 N3 N3 N2 N2 N2 N2 N2 N2 N2 N2 N2 N2 N2 N2 N2 N3 N3 N3 N3 N3 N3 N3 N3 N3 N3 N3 N3 N3 N3 N3 N3 N3 N3 N2 W N2 N2 N2 N2 N2 N2 N2 N2 N2 N2 N2 N2 N2 N2 N2 N2 N2 N2 N2 N2 N2 N2 N2 N2 N2 N2 N2 N2 N3 N2 N2 N2 N3 N2 N2 N2 N2 N2 N2 N2 N2 N2 N2 N2 N2 N2 N2 N2 N2 N2 N2 N2 N2 N2 N2 N2 N2 N2 N3 N3 N2 N3 N3 N2 N2 N2 N2 N3 N3 N3 N2 N2 N2 N2 N2 N2 N2 N2 N2 N2 N2 N2 N2 N2 N2 N3 N3 N3 N3 N3 N2 W N1 N2 N2 N2 N2 N2 N2 N2 N2 N2 N2 REM REM REM REM REM REM REM REM REM REM REM REM REM REM REM REM REM REM REM REM REM REM REM REM REM REM REM REM REM REM REM REM REM REM REM REM REM REM REM REM REM REM REM REM REM REM REM REM REM REM REM REM REM REM REM REM REM REM REM REM REM REM REM REM REM REM REM REM N2 N2 N2 N2 N2 N2 N2 N2 N2 N1 N2 N2 N2 N2 N2 N2 N2 N2 N2 N2 N2 N2 N2 N2 N2 N2 N2 N2 N2 N2 N2 N2 N2 N2 N2 N2 N2 N2 N2 N3 N3 N3 N3 N3 N3 N3 N3 N3 N3 N3 N3 N3 N3 N3 N3 N3 N3 N3 N3 N3 N3 N3 N3 N3 N3 N3 N3 N3 N3 N3 N3 N3 N3 N2 N2 N2 N2 N2 N2 N2 N2 N2 N2 N2 N2 N2 N2 N2 N2 N2 N2 N2 N2 N2 N2 N2 N2 N2 N2 N2 N2 N2 N2 N2 N2 N2 N2 N1 N1 N1 N2 N2 N2 N2 N2 N2 N2 N2 N2 N2 REM REM REM REM REM REM REM REM REM REM REM W N1 REM REM REM REM REM REM REM REM REM REM REM REM REM REM W N1 N1 REM REM REM REM REM REM REM REM REM REM REM REM REM REM REM REM N2 N2 N2 N2 N2 N2 N2 N2 REM REM REM REM REM REM REM REM REM REM REM REM REM REM REM REM REM REM REM REM N2 N2 N2 N2 N2 N2 N2 N2 N2 N2 N2 N2 N2 N2 N2 N2 N2 N2 N2 N2 N2 N2 N2 N2 N2 N2 N2 N2 N2 N2 N2 N2 N2 N2 N2 N2 N2 N2 N2 N2 N2 N2 N2 N2 N2 N2 N3 N2 N2 N2 N2 N2 N2 N3 N2 N2 N2 N2 N2 N2 N2 N2 N2 N2 N2 N2 N2 N2 N2 N1 N2 N2 N2 N2 N2 N2 N2 N2 N2 N2 N2 N2 N2 N2 N2 N1 W W W N1 N1 N1 N1 N1 N1 N1 N2 N2 N2 N2 N2 N2 N2 N2 N1 N1 N1 N2 N2 N2 N2 N2 N2 N2 N2 REM N1 N2 REM REM REM N1 N1 W N1 N1 N2 N2 N2 N2 N2 N2 N2 W N1 N1 N2 N2 N2 N2 N2 N2 N2 REM REM REM REM REM REM REM REM REM REM REM REM REM W W N1 N1 REM REM REM REM REM REM REM REM REM REM REM REM REM N1 N1 REM REM W W N1 N1 N2 N2 N2 N2 N2 N2 N2 N2 N2 W W W W W W W W W W W W W W W W W W W W W W W W W W W W W W W W W W W W W W W W W W W W W W W W W W W W W W W W W W W W,processed_sleepedf/spectral/SC4032E0-PSG_spectral.pt
processed_sleepedf/tensors/SC4041E0-PSG.pt,W W W W W W W W W W W W W W W W W W W W W W W W W W W W W W W W W W W W W W W W W W W W W W W W W W W W W W W W W W W W N1 N1 N1 N1 N1 N1 N1 N1 N1 W W W W N1 N1 N1 N1 N1 N1 N1 N1 N1 N1 N1 N1 N1 N1 N1 N1 N1 N1 N1 N2 N2 N2 N2 N2 N2 N2 N2 N2 N2 N2 N2 N2 N2 N2 N2 N2 N2 N2 N2 N2 N2 N2 W W W W N1 N1 N1 N1 N1 N1 N1 N1 N1 N1 N1 N1 N2 N2 N2 N2 N2 N2 N2 N2 N2 N2 N2 N2 N2 N2 N2 N2 N2 N2 N2 N2 N2 N2 N1 N1 N1 N1 N2 N2 N2 N2 N2 N2 N2 N2 N2 N2 N3 N2 N2 N1 N2 N2 N2 N2 N2 N2 N2 N2 N2 N2 N3 N3 N3 N2 N3 N2 N2 N2 N2 N2 N2 N2 N3 N2 N2 N2 N2 N2 N2 N2 N2 N2 N2 REM REM REM REM REM REM REM REM REM REM REM REM REM REM REM N1 N1 N1 N1 N1 N2 N2 N2 N2 N2 N2 N2 N2 N2 N2 N2 N2 N2 N2 N2 N2 N2 N2 N2 N2 N2 N2 N2 N3 N2 N2 N3 N2 N2 N2 N2 N2 N2 N2 N3 N2 N3 N2 N2 N3 N3 N3 N3 N3 N3 N3 N3 N3 N3 N3 N3 N3 N3 N3 N3 N3 N3 N3 N3 N2 N2 N3 N3 N3 N3 N3 N3 W W W N1 N1 N1 N1 N2 N2 N2 N2 N2 N2 N2 N2 N2 W N1 N2 N2 N2 N2 N2 N2 N2 N1 N1 N2 N2 N2 N2 N2 N2 N2 N2 N2 N2 N2 N1 N1 N2 N2 N2 N2 N2 N2 N2 N2 N2 N2 N2 N2 N2 N2 N2 N2 N2 N2 N2 N2 N2 N2 N2 N2 N2 N2 N2 N1 N1 N2 N2 N2 N2 N2 N2 N2 N2 N2 REM REM REM REM REM REM REM REM REM REM REM REM REM REM N1 N1 REM REM REM REM REM REM REM N1 N1 REM REM REM REM REM N1 N1 N1 N1 N1 N1 N1 N2 N2 N2 N2 N2 N2 N2 N2 N2 N2 N2 N2 N2 N2 N2 N2 N2 N2 N2 N2 N2 N2 N2 N2 N2 N2 N2 N2 N2 N2 N1 N2 N2 N2 N2 N2 N1 N1 N2 N2 N2 N2 N2 N2 N2 N2 N2 N2 N2 N2 N2 N1 N1 N1 N1 N2 N2 N2 N2 N2 N2 N2 N2 N2 N2 N2 N2 N2 N2 N2 N2 N2 N2 N2 N2 N2 N2 N2 N2 N2 N2 N2 N2 N2 N2 N2 N2 N2 N2 N2 N2 N2 N2 N2 N2 N2 N2 N2 N2 N2 N2 N2 N2 N2 N2 N2 N2 N3 N2 N2 N2 N2 N2 N3 N3 N3 N3 N3 N2 N3 N2 N3 N3 N3 N3 N3 N3 N3 N3 N3 N2 N2 N2 N2 N2 N2 N2 N2 N2 N2 N2 N2 N2 N2 N2 N2 N2 N2 N2 N2 N2 N2 N2 N2 N2 N2 N2 N2 N2 N2 N2 N2 REM REM REM REM REM REM REM REM N1 N1 REM REM N1 N1 N1 N1 N1 N1 N1 N1 N1 N2 N2 N2 N2 N2 N2 N2 N2 N2 N2 N2 N2 N2 REM REM REM REM REM REM REM REM REM REM REM REM REM REM REM REM REM REM REM N1 N1 REM REM REM REM REM REM REM W N1 N1 N1 N1 N2 N2 N2 N2 N2 N2 N2 N2 N2 N2 N2 N2 N1 N2 N2 N2 N2 N2 N2 N2 N2 N2 N2 N2 N2 N2 N2 N2 N2 N2 N2 N2 N2 N2 N2 N2 N2 N2 N2 N2 N2 N2 N2 N2 N2 N2 N2 N2 N2 N2 N2 N2 N2 N2 N2 N2 N2 N2 N2 N2 N2 N2 N2 N2 N2 N2 N2 N2 N2 N2 N2 N2 N2 N2 N2 N2 N2 N2 N2 N2 N2 N2 N2 N2 N3 N2 N2 N2 N2 N2 N2 N2 N2 N2 N2 N2 N2 N2 N2 N2 W N1 N2 N2 N2 N2 N2 N2 N2 N2 W W W W W W W N1 N1 N1 N1 N1 N1 N1 N1 N2 N2 N2 N2 N2 N2 N2 N2 N2 N2 N2 N2 N2 N2 N2 N2 N2 N2 N2 REM REM REM REM REM REM REM REM REM W N1 REM REM REM REM REM REM REM REM REM W W N1 N1 REM REM REM W REM REM REM REM N1 N1 N1 N1 N1 N1 N1 N1 N1 N1 N1 N1 N1 N1 N1 N1 N1 W W N1 N1 N2 N2 N2 N2 N2 N2 N2 N2 N2 N2 N2 N2 N2 N2 N2 N2 N2 N2 N2 N2 N2 N2 N2 N2 N2 N2 N2 N2 N2 N2 N2 W W N1 N2 N2 N2 N2 N2 N2 N2 N2 N2 N2 N2 N2 N2 N2 N2 N2 N2 N2 N2 N2 N2 N2 N2 N2 N2 N2 N2 N2 N2 N2 N2 N2 W W N1 N2 N2 N2 N2 N2 N2 N2 N2 W W N1 N1 N2 N2 N2 N2 N2 N2 N2 N2 N2 N2 N2 REM REM REM W REM REM REM W REM REM REM REM REM REM REM REM W W W REM REM REM REM REM REM REM REM REM REM REM REM REM REM W REM REM REM REM W REM REM REM REM REM REM REM REM REM REM REM REM REM REM W W REM REM REM REM REM REM REM REM REM REM REM REM REM REM W W N1 N1 N1 W W W W W W W W W W W W W W W W W W W W N1 N1 N1 N1 N1 N1 N1 N1 N1 N1 N1 N2 N1 N1 N2 N2 N2 N2 N2 N2 N2 N2 W N1 N2 N2 N1 N1 N1 N1 N2 N2 N2 N2 N2 N2 N2 N1 N2 N2 N2 N1 N1 W W W W W W N1 N1 N1 N1 N2 N2 N2 N2 N2 N2 N2 N2 N2 N1 N2 N2 N2 N1 N2 N2 N2 N2 N2 N2 N2 N2 N2 N2 N2 N2 N2 N2 N2 N2 N2 N2 N2 N1 N2 N2 N2 N2 N2 N2 N2 N2 N2 N2 N2 N2 N2 N2 N2 N2 N2 N2 N2 N2 N2 N2 N2 REM W REM REM REM REM REM REM REM REM REM REM REM W REM REM W REM REM REM REM REM REM REM REM REM REM REM REM REM REM REM REM REM REM REM REM W W W W W W N1 N1 N1 N2 W W W W W W W W W W W W W W W W W W W W W W W W W W W W W W W W W W W W W W W W W W W W W W W W W W W W W W W W W W W W,processed_sleepedf/spectral/SC4041E0-PSG_spectral.pt
processed_sleepedf/tensors/SC4042E0-PSG.pt,W W W W W W W W W W W W W W W W W W W W W W W W W W W W W W W W W W W W W W W W W W W W W W W W W W W W W W W W W W W W N1 N1 N1 N1 N1 W W W W W W W N1 W W N1 N1 N1 N1 N1 N1 N1 N1 N1 N1 N1 N1 N1 N1 N1 N1 N1 N1 N1 N1 N2 N2 N2 N2 N2 N2 N2 N2 N2 N1 N2 N2 W W W W W W W N1 W W W W W W N1 N1 W W W W W N1 N1 W W W W W W W W W W W W W W W W W W W W W N1 N1 N1 N1 N1 N1 N1 N1 N1 N1 N1 N1 N1 N1 N1 N1 N1 N1 N2 N2 N2 N2 N2 N2 N2 N2 N2 N2 N2 N2 N2 N2 N2 N2 N2 N2 N2 N2 N2 N2 N2 N2 N2 N2 N2 N2 N2 N2 N2 N2 N2 N2 N2 N2 N2 N2 N2 N2 N3 N2 N3 N2 N2 N2 N3 N3 N3 N3 N2 N3 N2 N3 N3 N3 N3 N3 N3 N3 N3 N3 N1 N1 N2 N2 N2 N2 N2 N2 N3 N3 N2 N2 N2 N2 N2 N2 N2 N2 N2 N2 W N1 W N1 N2 N2 N2 N2 N2 N2 N2 N2 N2 N2 N2 N2 N2 N2 N2 REM REM REM REM REM REM REM REM REM REM REM REM REM REM REM REM REM REM N2 N2 N2 N2 N2 N2 N2 N2 N2 N2 N2 N2 N2 N2 N2 N2 N2 N1 N1 N2 N2 N2 N2 N2 N2 N2 N2 N2 N1 N1 N2 N2 N2 N2 N2 N2 N2 N2 N2 N2 N2 N2 N2 N2 N2 N2 N2 N2 N3 N3 N3 N3 N3 N3 N2 N3 N3 N2 N3 N3 N3 N3 N3 N3 N3 N3 N2 N3 N3 N3 N3 N2 N2 N2 N2 N3 N3 N3 N2 N3 N3 N3 N2 N2 N2 N2 N2 N3 N2 N2 N2 N2 N3 N2 N2 N3 N3 N3 N3 N3 N3 N3 N3 N3 N3 N3 N3 N3 N3 N3 N3 N3 N3 N2 N3 N3 N3 N2 N2 N2 N2 N2 N2 N2 N2 N2 N3 N2 N3 N2 N3 N3 N3 N3 N3 N3 N2 N3 N3 N3 N3 N3 N3 N3 N3 N3 N3 N3 N3 N3 N3 N3 N3 N3 N3 N2 N2 N2 N2 N2 N2 N2 N2 N2 N2 N2 N2 N2 REM REM REM REM REM REM REM REM REM REM REM REM REM REM REM REM REM REM REM REM REM REM REM REM REM REM REM REM REM REM REM REM REM REM REM REM REM REM REM REM REM REM N1 N1 N1 REM REM REM REM REM REM REM REM REM REM REM REM N1 N1 N1 N1 N1 N2 N2 N2 N2 N2 N2 N2 N2 N2 N2 N2 N2 N2 N2 N2 N2 N2 N2 N2 N2 N2 N2 N2 N2 N2 N2 N2 N2 N2 N2 N2 N2 N2 N2 N2 N2 N2 N2 N2 N2 N2 N2 N2 N2 N2 N2 N2 N2 N2 N2 N2 N2 N2 N2 N2 N2 N2 N2 N2 N2 N2 N2 N2 N3 N2 N2 N2 N2 N2 N2 N2 N2 N2 N2 N2 N2 N2 N2 N2 N2 N1 N2 N2 N2 N2 N2 N2 N2 N2 N2 N2 N2 N2 N2 N2 N1 N2 N2 N1 N1 N2 N2 N2 N2 N2 N2 N2 N2 N2 N2 N2 N2 N2 N2 N2 N2 N2 N2 N2 N2 N2 N2 N2 N2 N2 N2 N2 N2 N1 N1 N2 N2 N2 N2 N1 N1 N2 N2 N1 N1 N1 N1 N1 N1 N1 N1 W W W W N1 N1 N1 N1 N2 N2 N2 N2 N2 N2 N2 N2 N2 N2 N2 N2 N2 REM REM REM REM REM REM REM REM REM REM REM REM REM REM REM REM REM REM REM REM REM REM REM REM REM REM REM REM N1 REM REM REM REM REM REM REM REM REM N1 REM REM REM N1 N1 N1 REM REM REM REM REM REM REM REM REM N1 N1 REM REM REM REM REM REM REM REM REM REM REM REM REM REM REM REM REM REM N1 REM REM REM REM REM REM REM REM REM REM N1 REM REM REM REM REM REM N1 N1 N1 N1 N2 N2 N2 N2 N2 N2 N2 N2 N2 N2 N2 N2 N2 N2 N2 N2 N2 W N1 N2 N2 N2 N2 N2 N2 N2 N2 N2 N2 N2 N2 N2 N2 N2 N2 N2 N2 N2 N2 N2 N2 N2 N2 N2 N2 N2 N2 N2 N2 N2 N1 N1 N2 N2 N2 N2 N2 N2 N2 N2 N2 N2 N2 N2 N2 N2 N2 N2 N2 N2 N2 N2 N2 N2 N2 N2 N2 N1 N1 N2 N2 N2 N2 N2 N2 N2 N2 N2 N2 N2 N2 N2 N2 N2 N2 N2 N2 N2 N2 N2 N2 N2 REM REM REM REM REM N1 REM REM REM N1 REM REM REM REM REM REM REM REM REM REM REM REM REM N1 REM REM REM REM REM REM REM REM REM REM N1 N1 REM REM REM REM REM REM REM REM REM REM REM REM REM REM N1 REM REM REM REM REM REM REM REM REM N2 N2 N2 REM REM N2 REM N1 N1 REM REM REM N2 N2 REM N2 W W W N1 N1 N1 N1 N2 N1 N2 N2 N2 N2 N2 N2 N2 N2 N2 N2 N2 N2 N2 N2 N2 N2 N2 N2 N2 N2 N2 N2 N2 N2 N2 N2 N2 N2 N2 N2 N2 N2 N2 N2 N2 N2 N2 N2 N2 N2 N2 N2 N2 N2 N2 N2 W W W W N1 N1 N2 N2 N2 N1 N1 N2 N2 N2 N2 N2 N2 N2 N2 N2 W W N1 N2 N2 N2 N2 N2 N2 N2 N2 N2 N2 N2 N2 N2 N2 N2 N2 N2 N2 N2 N2 N2 N2 N2 N2 N2 N2 N2 N2 N2 N2 N2 N2 N2 REM REM REM REM N1 REM REM REM REM REM REM REM REM N1 N1 N1 N1 REM REM REM REM N1 N1 REM REM REM REM REM REM REM REM REM N1 N1 N1 REM REM REM REM REM N1 N1 REM REM REM REM REM REM N1 REM REM REM REM REM N1 REM REM REM N1 REM REM REM REM REM REM REM REM W REM REM W W W W W W W W W W W W W W W W W W W W W W W W W W W W W W W W W W W W W W W W W W W W W W W W W W W W W W W W W W W W,processed_sleepedf/spectral/SC4042E0-PSG_spectral.pt
processed_sleepedf/tensors/SC4051E0-PSG.pt,W W W W W W W W W W W W W W W W W W W W W W W W W W W W W W W W W W W W W W W W W W W W W W W W W W W W W W W W W W W W N1 N1 N1 N1 N1 N1 N2 N2 N2 N2 N2 N2 N2 N2 N2 N2 N2 N2 N2 N2 N2 N2 N2 N2 N2 N2 N2 N2 N2 N2 N2 N2 N2 N2 N2 N2 N3 N2 N3 N3 N2 N2 N3 N2 N3 N2 N2 N2 N3 N3 N3 N3 N3 N2 N3 N3 N2 N3 N2 N3 N3 N2 N3 N3 N3 N2 N3 N3 N3 N3 N3 N3 N3 N3 N3 N3 N3 N3 N3 N3 N3 N2 N3 N3 N3 N3 N3 N3 N3 N3 N3 N3 N2 N3 N3 N3 N3 N3 N3 N3 N3 N3 N3 N3 N3 N3 N3 N3 N3 N3 N3 N3 N3 N3 N3 N3 N3 N3 N3 N3 N3 N3 N3 N3 N3 N3 N3 N3 N3 N3 N3 N3 N3 N2 N2 N2 N2 N2 N2 N2 W W N1 N2 N2 W N1 N2 N2 N2 N2 N2 N2 N2 W N1 N2 N2 N2 N2 N2 N2 N2 N2 REM N2 N2 N2 REM REM REM REM REM REM REM REM REM REM REM REM REM REM REM REM REM REM REM REM REM REM REM REM REM REM REM REM REM REM REM REM REM REM REM REM REM REM REM REM REM REM REM N2 N2 N2 N2 N2 N2 N2 N1 N2 N2 N2 N2 N2 N2 N2 N2 N2 N2 N2 N2 N2 N2 N2 N2 N2 W W W W W W W W W W W W W W W W W W W W W W W W W W W W W W W W W W W W W W W W W W W W W W W W W W W N1 N1 N1 N1 N1 N1 W W N1 N1 N1 N1 N1 N1 N1 N1 N1 W W W W W W W W N1 W W N1 N1 N2 N1 N1 N1 N2 N2 N2 N2 N2 N2 N2 N2 N2 N2 N2 N2 N2 N2 N2 N2 N2 N2 N2 N2 N2 N2 N2 N2 N2 N2 N2 N2 N2 N2 N2 N2 N2 N2 N3 N2 N2 N2 N2 N2 N3 N2 N2 N2 N2 N2 N3 N2 N2 N3 N2 N2 N3 N2 N2 N3 N2 N2 N3 N2 N2 N3 N3 N3 N3 N2 N2 N3 N2 N3 N3 N2 N2 N3 N3 N2 N3 N3 N3 N2 N3 N2 N3 N3 N3 N3 N3 N3 N2 N3 N3 N3 N3 N3 N3 N3 N2 N3 N3 N3 N3 N3 N3 N3 N3 N3 N2 N3 N3 N3 N3 N3 N3 N3 N3 N3 N2 N3 N2 N2 N2 N2 N2 REM REM REM REM REM REM REM REM REM REM REM REM REM REM REM REM REM REM REM REM REM REM REM REM N1 N1 N1 N2 N1 N2 N2 N2 N2 N2 N1 N2 N2 N2 N2 N1 N2 N2 N2 N2 N2 N1 N2 N2 N2 N2 N2 N2 N2 N2 N2 N2 N1 N2 N2 N2 N2 N2 N2 N2 N2 N2 N2 N2 N2 N2 N2 N2 N2 N2 N2 N2 N2 N2 N2 N2 N2 N2 W W W W W W N1 W W W W W N1 N1 W W W W W W W W W W N1 N1 W W W W W W W W W W W W W W W W W W W W W W W W W W W W W W W W W W W W W W W W W W W W W W W W W W W W W W W W W W W W,processed_sleepedf/spectral/SC4051E0-PSG_spectral.pt
processed_sleepedf/tensors/SC4052E0-PSG.pt,W W W W W W W W W W W W W W W W W W W W W W W W W W W W W W W W W W W W W W W W W W W W W W W W W W W W W W W W W W W W N1 N1 N1 N1 N1 N1 N1 N1 N1 N1 N2 N2 N2 N2 N2 N2 N2 N2 N2 N2 N2 N2 N2 N2 N2 N2 N2 N2 N2 W N1 W W W N1 N1 N2 N2 N2 N2 N2 N2 N2 N2 N2 N2 N2 N2 N2 N2 N2 N2 N2 N3 N2 N2 N2 N2 N2 N2 N2 N3 N2 N2 N2 N2 N2 N2 N2 N2 N2 N2 N2 N2 N2 N3 N3 N2 N2 N3 N3 N3 N3 N3 N3 N3 N3 N3 N3 N3 N3 N3 N3 N3 N3 N3 N3 N3 N3 N3 N3 N3 N3 N3 N3 N3 N2 N2 N2 N2 N2 N2 N2 N2 N2 N2 N2 N2 N2 REM REM REM REM REM REM REM REM REM REM REM REM REM REM REM REM REM REM REM REM REM REM REM REM REM REM REM REM W N1 N2 N2 N2 N2 N2 N2 N2 N2 N2 N2 N2 N2 N2 N2 N2 N2 N2 N2 N2 N2 N2 N2 N2 N2 N2 N2 N2 N2 N2 N3 N2 N2 N2 N3 N3 N3 N3 N3 N3 N3 N3 N3 N3 N3 N3 N3 N3 N3 N3 N3 N3 N3 N3 N3 N3 N3 N3 N3 N3 N3 N3 N3 N3 N3 N3 N3 N3 N3 N3 N3 N3 N3 N3 N3 N3 N3 N3 N3 N3 N3 N3 N3 N3 N3 N3 N3 N3 N3 N3 N3 N3 N3 N3 N3 N3 N3 N3 N3 N3 N3 N3 N3 N3 N3 N3 N3 N3 N3 N3 N3 N3 N3 N3 W W W W N1 N1 N2 N2 N2 N2 N2 N2 N2 N2 N2 N2 N2 N2 N2 N2 N2 N2 N2 N2 N2 N2 N2 N2 N2 N2 N2 N2 N2 N2 N2 N2 N2 N1 N1 N2 N2 REM REM REM REM REM REM W W REM REM REM REM REM REM REM REM REM REM REM REM REM REM W REM REM REM REM REM REM REM REM REM REM REM REM W W W N1 N1 N2 N2 N2 N2 N2 N2 N2 N2 N2 N2 N2 N2 N2 N2 N2 N2 N2 N2 N2 N2 N2 N2 N2 N2 N2 N2 N2 N2 N2 N2 N2 N2 N2 N2 N2 N2 N2 N2 N2 N2 N2 N2 N2 N2 N2 N2 N2 N2 N2 N2 N2 N2 N2 N2 N2 N2 N2 N2 N2 N2 N2 N2 N2 N2 N2 N2 N2 N2 N2 N2 N2 W W N2 N2 N2 N1 N2 N2 N2 N2 N2 N2 N2 N2 N2 N2 N2 N2 N2 N2 N2 N2 N2 N2 N2 N2 N2 N2 N2 N2 N2 N2 N2 N2 W N1 N2 N1 N2 N2 N2 N2 N2 N2 N2 N1 W N2 N1 N2 N2 N2 N2 N2 N2 N2 N2 N2 N2 N2 N2 N2 N2 N2 N2 N2 N2 N2 N2 N2 N2 N2 N2 N2 N2 N2 W N1 N2 N2 N2 N2 N2 N2 N2 N2 N2 N2 N2 N2 N2 N2 N2 N2 N2 N2 N2 N2 N2 N2 N2 N2 N2 N2 N2 N2 N2 N2 N2 N2 N2 N2 N2 N2 N2 N2 N2 N2 N2 N2 N2 W W W W N1 N1 N1 N1 REM REM REM REM REM REM REM REM REM REM REM REM W W W W N1 N1 N1 W N1 N1 W W N1 W W W N1 N1 N1 W N1 N2 W N1 N1 N1 N2 N2 N2 N2 N2 N2 N2 N2 N2 N2 N2 N1 N1 N2 N2 N2 N2 N2 N2 N2 N2 N2 N2 N1 N2 N2 N2 N2 N2 N2 N2 N1 N2 N2 N2 N2 N2 N2 N2 N2 N2 N2 N2 N2 N2 N2 N2 N2 N2 N2 N2 N2 N2 N2 N2 N2 N2 N2 N2 N2 N2 N2 N2 N2 N2 N2 N2 N2 N2 N2 N2 N2 N2 N2 N2 N2 N2 N2 N2 N2 N2 N2 N2 N2 N2 N2 N2 N2 N2 N2 N2 N2 N2 N2 N2 N2 N2 N2 N2 N2 N2 N2 N2 N3 N2 N2 N2 N2 N2 N2 N2 N2 N2 N2 N3 N2 N2 N2 N2 N2 N2 N2 N2 N2 N2 N2 N2 N2 N2 N2 N1 N1 N2 N1 N1 REM REM REM REM REM REM REM REM REM REM REM REM REM N1 REM REM REM REM REM REM REM REM REM REM REM REM REM REM REM REM REM REM REM REM REM REM REM REM REM REM REM W N1 N1 N1 N1 N1 N1 N1 N1 REM REM REM REM REM REM REM REM REM REM REM REM REM N1 REM REM REM REM REM REM REM REM REM REM REM N1 W W W W N1 N1 N1 N1 W W N1 W W W N1 N1 N1 W W W W W W W W W W W W W W W W W W W W W W W W W W W W W W W N1 N1 W W W N1 W W W W W W W W W W W W W W W W W W W N1 N1 N1 N1 N1 N1 N1 N1 N1 N1 N1 N1 N1 N1 N1 N1 N2 N2 N2 N2 N2 N2 N2 N2 N2 N2 N2 N2 N2 N2 N2 N2 N2 N2 N2 N2 N2 N2 N2 N2 N2 N2 N2 N2 N2 N2 N2 N2 N2 N2 N2 N2 N2 N2 N2 N2 N2 N2 N2 N2 N2 N2 N2 N2 N2 N2 N2 N2 N2 N2 N2 N2 N2 N2 N2 N2 N2 N2 N2 N2 N2 N2 N2 N2 N2 N2 N2 N2 N2 N2 N2 N2 N2 N2 N2 N2 N2 N2 N2 N2 N2 N2 N2 N2 N1 N1 N1 W N1 N1 N2 N2 N2 N2 N2 N2 N2 REM REM REM REM REM REM REM REM REM REM REM REM REM REM REM REM REM REM REM REM REM REM REM REM REM REM N1 REM REM REM REM REM REM REM REM REM REM REM N1 N1 N1 N1 N1 N1 N1 N1 N1 N1 N1 N1 N1 N1 N2 N2 N2 N2 N2 REM REM REM REM REM REM REM N1 N1 N2 N2 N2 N2 N2 N2 N2 N2 N2 N2 N2 N2 N2 N2 N2 N2 N2 N2 N2 N2 N2 N2 N2 N2 N2 N2 N2 N2 N2 N2 N2 N2 N2 N2 N2 N2 N2 N2 N2 N2 N2 N2 N2 N2 N2 N2 N2 N2 N2 N2 N2 N2 N2 N2 N2 N2 N2 N2 N2 N2 N2 N2 N2 N2 N2 N2 N2 N2 N2 N2 N1 N2 N2 N2 N1 W W N1 W W W W W W W W W W W W W W W W W W W W W W W W W W W W W W W W W W W W W W W W W W W W W W W W W W W W W W W W W W W W,processed_sleepedf/spectral/SC4052E0-PSG_spectral.pt
processed_sleepedf/tensors/SC4061E0-PSG.pt,W W W W W W W W W W W W W W W W W W W W W W W W W W W W W W W W W W W W W W W W W W W W W W W W W W W W W W W W W W W W N1 N1 N1 N1 N1 N1 N2 N2 N2 N2 N1 N2 N2 N2 N2 N2 N2 N2 N2 N2 N2 N2 N2 N2 N2 N2 N2 N2 N2 N2 N2 N2 N2 N2 N2 N2 N2 N2 N2 N2 N2 N2 N2 N2 N2 N2 N2 N2 N2 N2 N2 N2 N2 N2 N2 W W N1 N1 N1 N1 N1 N1 N1 N2 N2 N2 N2 W N1 N1 N1 W W N1 N1 N1 N1 N1 N1 N2 N2 N2 N2 N2 N2 N2 N2 N1 N2 N2 N2 N2 N2 N2 N2 N2 N2 N2 N2 N2 N2 N2 N2 N2 N2 N2 N2 N3 N2 N2 N2 N3 N3 N3 N3 N3 N3 N3 N3 N3 N3 N3 N3 N3 N3 N3 N3 N3 N3 N3 N3 N3 N3 N3 N3 N3 N3 N2 N2 N2 N2 N2 N2 N2 N2 N2 N2 N2 N2 N2 N3 N3 N3 N3 N3 N3 N3 N3 N3 N3 N3 N3 N2 N2 N2 N2 N2 N2 N2 N2 N2 N2 N2 N2 N2 N2 N1 N1 N1 N1 N2 N2 N2 N2 N2 N2 N2 N2 REM REM REM REM REM REM REM REM REM REM REM REM REM REM REM REM REM REM N2 N2 N2 N2 N2 N2 N2 N2 N2 N2 N2 N2 N2 N2 N2 N2 N2 N2 N2 N2 N2 N2 N2 N2 N2 N2 N2 N2 N2 N1 N1 N1 N1 N1 N2 N2 N2 N2 N2 N2 N2 N2 N2 N2 N2 N2 N2 N2 N2 N2 N2 N2 N2 N2 N2 N2 N2 N2 N2 N1 N2 N2 N2 N2 N2 N2 N2 N2 N2 N2 N2 N2 N2 N2 N3 N2 N2 N2 N2 N2 N2 N2 N2 N2 N2 N2 N2 N2 N3 N2 N2 N2 N2 N3 N3 N3 N3 N3 N3 N3 N3 N3 N3 N3 N3 N3 N3 N3 N3 N3 N3 N3 N3 N3 N3 N3 N3 N3 N3 N3 N3 N3 N3 N3 N3 N3 N3 N3 N3 N3 N3 N3 N3 N3 N3 N3 N3 N3 N3 N3 N3 N3 N3 N3 N3 N3 N3 N3 N3 N3 N3 N3 N3 N3 N3 N3 N3 N3 N3 N3 N3 N3 N3 N3 N3 N3 N3 N3 N3 N1 N2 N2 N2 N2 N2 N2 N2 N2 W N1 N2 N2 N2 N2 N2 N2 N2 N2 N2 N2 N2 N2 N2 REM REM REM REM REM REM REM REM REM REM REM REM REM REM REM REM REM REM REM REM REM REM REM REM REM REM REM REM REM W N2 N2 N2 N2 N2 N2 N2 N2 N2 N2 N2 N2 N2 N2 N2 N2 N2 N2 N2 N2 N2 N2 N2 N2 N2 N2 N2 N2 N2 N2 N2 N2 N2 N2 W W W W W W N1 N1 N1 N1 N1 N1 N2 N2 N2 N2 N2 N2 N2 N2 N2 N2 N2 W W W W W N1 N1 N2 N2 N2 N2 N2 N2 N2 N2 N2 N2 N2 N2 N2 N2 N2 N2 N2 N2 N2 N2 N2 N2 N2 N2 N2 N2 N2 N2 N2 N2 N2 N2 N2 N2 N2 N2 N2 N2 N2 N2 N2 N2 N2 N2 N2 N2 N2 N2 N2 N2 N2 N2 N2 N2 N2 N2 N2 N2 N2 N2 N3 N3 N3 N3 N3 N3 N3 N3 N3 N3 N3 N3 N3 N3 N3 N3 N2 N2 N2 N2 N2 N3 N2 N3 N3 N2 N2 N2 N2 N2 N2 N2 N2 N2 N2 N2 N2 N2 N2 N2 N2 N2 N2 REM REM REM REM REM REM REM REM REM REM REM REM REM REM REM REM REM REM REM REM REM REM REM REM REM REM REM REM REM REM N1 REM REM REM REM REM REM REM REM REM REM REM REM REM REM REM REM REM REM REM REM REM REM REM REM REM W N1 N1 N2 N2 N2 N2 N2 N2 N2 N2 N2 N2 N2 N2 N2 N2 N2 N2 N2 N2 N2 N2 N2 W N2 N2 N2 N2 N2 N2 N2 N2 N2 W N1 N1 N1 N2 N2 W N1 N1 N1 N1 N2 N2 N2 N2 N2 N2 N2 N1 N1 N2 N2 N2 N2 N2 N2 N2 N2 N2 N2 N2 N2 N2 N2 N2 N2 W W W W W W W W W W W W W W W W W W W W W W W W W W W W W W W W W W W W W W W W W W W W W W W W W W W W W W W W W W W W,processed_sleepedf/spectral/SC4061E0-PSG_spectral.pt
processed_sleepedf/tensors/SC4062E0-PSG.pt,W W W W W W W W W W W W W W W W W W W W W W W W W W W W W W W W W W W W W W W W W W W W W W W W W W W W W W W W W W W W N1 W W W W W W W W W W W W W N1 N1 N1 N1 N1 N1 N1 N1 N2 N2 N2 N2 N2 N2 N2 N2 N2 N2 N2 N2 N2 N2 N2 N2 N2 N2 N2 N2 N2 N2 N2 W W W N1 N1 N1 N1 N1 N1 N2 N2 N2 N2 N2 N2 N2 N2 N2 N2 N2 N2 N2 N2 N2 N2 N2 N2 N2 N2 N2 N2 N3 N3 N3 N3 N3 N3 N3 N3 N3 N3 N3 N3 N3 N3 N3 N3 N3 N3 N3 N3 N3 N3 N3 N3 N3 N3 N3 N3 N3 N3 N3 N3 N3 N3 N3 N3 N3 N3 N3 N3 N3 N3 N3 N3 N3 N3 N3 N3 N3 N3 N3 N3 N3 N3 N3 N3 N3 N3 N3 N3 N3 N3 N3 N3 N3 N3 N3 N3 N3 N2 N2 N2 N2 N2 N2 N2 N2 N2 N2 N2 N2 N2 N2 N2 N2 N2 REM REM REM REM REM REM REM REM REM REM REM REM REM REM REM REM REM REM REM REM REM REM REM REM REM REM REM REM REM REM W N1 N1 N2 N2 N2 N2 N2 N2 N2 N2 N2 N2 N2 N2 N2 N2 N2 N2 N2 N2 N2 N2 W N1 N2 N2 N2 N2 N2 N2 N2 N2 N2 N2 N2 N2 N2 N2 N2 N2 N2 N2 N2 N2 N2 N2 N2 N2 N2 N2 N2 N2 N2 N2 N2 N2 N1 N1 N2 W N1 N1 N1 N2 N2 N2 W W W W W W N1 N1 N1 N2 N2 N2 N2 N2 N2 N2 N2 N2 N2 N2 N2 N2 N2 N2 N2 N2 N2 N2 N2 N2 N2 N2 N2 N2 N2 N2 N2 N2 W W W N1 N2 N2 N2 N2 N2 N2 N2 N2 N2 N2 N2 N2 N2 N2 N1 N1 N1 N1 N2 N2 N2 N2 N2 N2 N2 N2 N2 N2 N2 N2 N2 N2 N2 N2 N2 N2 N2 N2 N2 N2 N2 N2 N2 N2 N2 N2 N2 N2 N2 N2 N2 N3 N2 N2 N2 N3 N3 N3 N3 N3 N3 N3 N3 N3 N3 N3 N3 N3 N3 N3 N3 N1 N1 N1 N2 N2 N2 N2 N2 N2 N2 N2 N2 N2 N2 N2 N2 N2 N2 N2 N2 N2 N2 N2 N2 N2 N2 N2 N2 N2 W N1 N2 N2 N2 N2 N2 N2 N2 N2 REM REM REM REM REM REM REM REM REM REM REM REM REM REM REM REM REM REM REM REM REM REM REM REM REM REM REM REM REM REM REM REM REM REM REM N1 N1 N1 N2 N2 N2 N2 N2 N2 REM REM REM REM REM REM REM REM REM REM REM REM REM REM REM REM REM REM REM REM REM N2 N2 N2 N2 N2 N2 N2 N2 N2 N1 N1 N2 N2 N2 N2 N2 N2 N2 N2 N2 N2 N2 N2 N2 N2 N2 N2 N2 N2 N2 N2 N2 N2 N2 N1 N1 N1 N1 N1 N2 N2 N2 N2 N2 N2 N2 N2 N2 N2 N2 N2 N2 N2 N2 N2 N2 N2 N2 N2 N2 N2 N2 N2 N2 N2 N2 N2 N2 N2 N2 N3 N2 N2 N2 N2 N2 N2 N2 N2 N2 N3 N2 N2 N2 N3 N2 N2 N3 N2 N3 N3 N3 N3 N3 N3 N3 N3 N3 N3 N3 N3 N3 N3 N3 N3 N3 N3 N3 N3 N3 N3 N3 N3 N3 N3 N3 N3 N3 N3 N3 N3 N3 N3 N3 N3 N3 N3 N3 N2 N2 N2 N2 N2 N2 N2 N2 N2 N2 N2 N2 N2 N2 N2 N2 N2 N2 N2 N2 REM REM REM REM REM REM N1 N1 REM REM REM REM REM REM REM REM REM REM REM REM REM REM REM REM REM REM REM REM REM REM REM REM REM REM REM N1 N1 N2 N2 N2 N2 N2 N2 N2 N2 N2 N2 N2 N2 N2 N2 N2 N2 N2 N2 N2 N2 N2 N2 N2 N2 N2 N2 N2 N2 N2 N2 N2 N2 N2 N1 N1 W W W W W W W N1 W W W W W W W W W N1 N1 N1 W W N1 N1 N1 N1 N1 N1 N1 N1 N2 N2 N2 N1 N1 N1 N1 N1 W W W W W W W W W W W W W W W W W W W W W W W W W W N1 N1 N1 N1 N1 N1 N1 N1 N1 N1 N1 N2 N2 N2 N2 N2 N2 N2 N2 N2 N2 N2 N2 N2 N2 N2 N2 N2 N2 N1 N1 N1 N1 N1 N1 N1 N2 N2 N2 N2 N2 N2 N2 N2 N2 N2 N2 N2 N2 N2 N2 N2 N2 N2 N2 N2 N2 N2 N2 N2 N2 N2 N2 N2 REM REM REM REM REM REM REM REM REM REM REM REM REM REM REM REM REM REM REM REM REM REM REM REM REM REM REM REM REM REM REM REM REM REM REM REM REM REM REM REM REM REM REM REM REM REM REM REM REM REM REM REM REM REM REM REM REM REM REM REM REM REM REM REM REM REM REM REM N1 N1 N1 N1 W W W W W W W W W W W W W W W W W W W W W W W W W W W W W W W W W W W W W W W W W W W W W W W W W W W W W W W W W W W W,processed_sleepedf/spectral/SC4062E0-PSG_spectral.pt
processed_sleepedf/tensors/SC4071E0-PSG.pt,W W W W W W W W W W W W W W W W W W W W W W W W W W W W W W W W W W W W W W W W W W W W W W W W W W W W W W W W W W W W N1 N1 N1 N1 N1 N1 N1 N1 N1 N1 N1 N1 N1 N1 N1 N1 N1 N1 N1 N1 N1 N1 N2 N2 N2 N2 N2 N2 N2 N2 N2 N1 N1 N2 N2 N2 N2 N2 N2 N2 N2 N2 N2 N2 N2 N2 N2 N2 N2 N2 N3 N3 N3 N3 N3 N3 N3 N3 N3 N3 N3 N3 N3 N3 N3 N3 N3 N3 N3 N3 N3 N3 N3 N3 N3 N3 N3 N3 N3 N3 N3 N1 N1 N1 N1 N2 N2 N2 N2 N2 N2 N2 N2 N2 N2 N2 N2 N2 N2 N2 N2 N2 N2 N2 N3 N3 N3 N3 N2 N2 N3 N2 N2 N2 N2 N2 N2 REM REM REM REM REM REM REM REM REM REM REM REM REM REM REM REM REM REM REM REM REM REM REM REM REM REM REM REM N1 N1 N1 N1 N1 N1 N2 N2 N2 N2 N2 N2 N2 N2 N2 N2 N2 N2 N2 N2 N2 N2 N2 N2 N2 N2 N2 N2 N2 N3 N3 N3 N3 N3 N3 N3 N3 N3 N3 N3 N3 N3 N3 N3 N3 N3 N3 N3 N3 N3 N3 N3 N2 N2 N2 N2 N2 N2 N2 N2 N2 N2 N3 N2 N3 N3 N3 N3 N3 N3 N3 N3 N3 N3 N3 N3 N3 N3 N3 N3 N3 N3 N3 N3 N3 N3 N3 N3 N3 N3 N3 N3 N3 N3 N3 N3 N3 N3 N3 N3 N3 N3 N3 N3 N3 N3 N3 N3 N3 N3 N3 N3 N3 N3 N3 N3 N3 N3 N3 N3 N3 N3 N3 N3 N2 N2 N2 N2 N2 N2 N2 N2 N2 N2 N2 N2 N2 N2 N2 N2 N2 REM REM REM REM REM REM REM REM REM REM REM REM REM REM REM REM REM REM REM REM REM REM REM REM REM REM REM REM REM REM REM REM REM REM N1 N1 N2 N2 N2 N2 N2 N2 N2 N2 N2 N2 N2 N2 N2 N2 N2 N2 N2 N2 N2 N2 N2 N2 N2 N2 N2 N2 N2 N2 N2 N2 N2 N2 N2 N2 N2 N2 N2 N2 N2 N2 N2 N2 N2 N2 N2 N2 N2 N2 N2 N2 N2 N2 N2 N2 N2 N3 N2 N2 N2 N2 N2 N2 N2 N2 N2 N2 N2 N2 N2 N2 N2 N2 N3 N2 N2 N3 N3 N3 N3 N3 N3 N3 N3 N3 N3 N3 N3 N3 N3 N3 N3 N3 N3 N3 N3 N3 N3 N2 N2 N2 N2 N2 N2 N2 N2 N2 N2 N2 N2 N2 REM REM REM REM REM REM REM REM REM REM REM REM REM REM REM REM REM REM REM REM REM REM REM REM REM REM N1 N1 N2 N2 N2 N2 N2 REM REM REM REM REM REM REM REM N2 N2 N2 N2 N2 N2 N2 N2 N2 N2 REM REM REM REM REM REM REM REM REM REM REM REM REM REM REM REM REM REM REM REM REM REM REM REM REM REM REM REM REM REM N2 N2 N2 N2 N2 N2 N2 N2 N2 N2 N2 N2 N2 N2 N2 N2 N2 N2 N2 N2 N2 N2 N2 N2 N2 N2 N2 N2 N2 N2 N2 N2 N2 N2 N2 N2 N2 N2 N2 N2 N2 N2 N2 N2 N2 N2 N2 N2 N2 N2 N3 N3 N3 N3 N3 N3 N3 N3 N3 N3 N2 N3 N2 N3 N3 N3 N3 N3 N3 N3 N2 N1 N2 N2 N2 N2 N2 N2 N2 N2 N2 N2 N2 N2 N2 N2 N2 N2 N2 N2 N2 N1 N1 N2 N2 N2 N2 N2 N2 N2 N2 N2 N2 N2 N2 N2 N2 N2 N2 N2 N2 N2 N2 N2 N1 N1 N1 N2 N2 N2 N2 N2 N2 N2 N2 N2 N2 N2 N2 N2 N1 N1 N2 N2 N2 REM REM REM REM REM REM REM REM REM REM REM REM REM REM REM REM REM REM REM N1 N1 REM REM REM REM REM REM REM REM REM REM REM N1 N1 REM REM REM REM REM REM N1 N1 N2 REM REM REM REM REM REM REM REM REM REM REM REM REM REM N1 N1 N2 N2 REM REM REM REM REM REM REM REM REM REM N1 N1 REM REM REM REM REM REM REM REM REM REM REM REM N1 N1 N1 N1 N1 N2 N2 N2 N2 N2 N2 N1 N1 N1 N2 N2 N2 N2 N2 N2 N2 N2 N2 N2 N2 N2 N2 N2 N2 N1 N2 N2 N2 N2 N2 N1 N1 N2 N2 N2 N2 N2 N2 N2 N2 N2 N2 N2 N2 N2 N2 N2 N2 N2 N2 N2 N2 N2 N2 N2 N2 N2 N1 N2 N2 N2 N2 N2 N2 N2 N2 N2 N2 N2 N2 N2 N2 N2 N2 N2 N2 W W N1 N1 N1 N1 N1 N1 N1 N1 N1 N1 N1 N1 N2 N2 W N1 N1 N1 N1 N1 N2 N2 N2 N2 N2 N2 N2 N2 W N1 N1 N1 N1 N2 N2 N2 N2 N2 N2 N2 W W W W W W W W W W W W W W W W W W W W W W W W W W W W W W W W W W W W W W W W W W W W W W W W W W W W W W W W W W W W,processed_sleepedf/spectral/SC4071E0-PSG_spectral.pt
processed_sleepedf/tensors/SC4072E0-PSG.pt,W W W W W W W W W W W W W W W W W W W W W W W W W W W W W W W W W W W W W W W W W W W W W W W W W W W W W W W W W W W W N1 W W W W W W W W W W W W W N1 W W W W W W W W W W W W W W W W W W W W W W W W W W W W W W W W W W W W W W W W W W W W W W W W W W W W W W W W W W W W W W W W W W W W W W W W W W W W W W W W W W W W W W W W W W W W W W W W W W W W W W W W W W W W W W W W W W W W W W W W W W W W W W W W W W W W W W W W W W W W W W W W W W W W W W W W W W W W W W W W W W W W W W W W W W W W W W W W W W W W W W W W W W W W W W W W W W W W W W W W W W W W W W W W W W W W W W W W W W W W W W W W W W W W W W W W W W W W W W W W W W W W W W W W W W W W W W W W W W W W W W W W W W W W N1 N1 N1 N1 N1 N1 N1 N1 N1 W W N1 N1 N1 N1 N1 N1 N1 N1 N2 N2 N2 N2 N2 N2 N2 N2 N2 N2 N2 N2 N2 N2 N2 N2 N1 N1 N1 N2 N2 N2 N2 N2 N2 N3 N2 N2 N3 N2 N3 N3 N3 N3 N3 N3 N3 N3 N3 N3 N3 N3 N3 N3 N3 N3 N3 N3 N3 N3 N3 N3 N3 N3 N3 N3 N3 N3 N3 N3 N3 N3 N3 N3 N3 N3 N3 N3 N3 N3 N3 N3 N3 N3 N3 N3 N3 N3 N3 N3 N3 N3 N3 N3 N3 N2 N2 N2 N2 REM REM REM REM REM REM REM REM REM REM REM REM REM REM W N1 N1 N1 N2 N2 N2 N2 N2 N2 N2 N2 N2 N2 N2 N2 N2 N2 N2 N2 N2 N2 N2 N2 N2 N2 N2 N2 N2 N2 N2 N2 N2 N2 N2 N2 N2 N2 N2 N2 N2 N2 N2 N2 N2 N2 N3 N2 N3 N3 N3 N3 N3 N3 N3 N3 N3 N3 N3 N3 N3 N3 N3 N3 N3 N3 N3 N3 N3 N3 N3 N3 N3 N3 N3 N3 N3 N3 N3 N3 N3 N3 N3 N2 N3 N2 N2 N2 N2 N3 N2 N3 N2 N2 N3 N2 N2 N3 N3 N3 N2 N2 N2 N2 REM N2 REM N1 N2 N2 N2 REM N1 N1 REM REM REM REM REM REM REM N1 N1 N1 REM N1 N1 N2 N2 N2 N2 N2 N2 N2 N2 N2 N2 N2 N2 N2 N2 N2 N2 N2 N2 N2 N2 N2 N2 N2 N2 N2 REM N2 N2 N2 N2 N2 N2 N2 N2 N2 REM REM REM N2 N2 N2 REM REM REM REM REM REM REM N1 N1 N1 REM REM REM REM REM REM REM REM N1 REM REM REM REM N1 N1 N1 N1 REM REM REM N1 REM REM REM REM REM REM REM REM REM REM N1 N1 REM REM REM REM REM REM REM REM REM REM N1 N2 N2 N2 N2 N2 N2 N2 N2 N2 N2 N2 N2 N2 N2 N2 N2 N2 N2 N2 N2 N2 N2 N2 N2 N2 N2 N3 N3 N3 N2 N3 N3 N3 N3 N3 N3 N3 N3 N3 N3 N3 N3 N3 N3 N3 N3 N3 N3 N3 N3 N3 N3 N3 N3 N3 N3 N3 N3 N2 N2 N2 N3 N2 N2 N2 N2 N2 N2 N2 N2 N2 N2 N2 N3 N2 N2 N3 N3 N3 N3 N3 N3 N3 N3 N3 N3 N3 N3 N3 N3 N3 N3 N3 N3 N3 N3 N3 N3 N3 N3 N3 N2 N2 N2 N3 N2 N2 N2 N2 N2 N2 N2 N2 N2 N2 N2 N2 N2 N2 N2 N2 N2 N2 N2 N2 N2 N2 N2 N2 N2 N3 N2 N2 N2 N2 N2 N2 N2 N2 N2 N2 N2 N2 N2 N2 N2 N2 N2 N2 N2 N2 N2 N2 N2 N2 N2 N2 N2 N2 N2 N2 N2 REM REM REM REM REM REM REM REM N1 REM REM REM REM REM N1 REM N1 N1 N2 REM REM REM N1 REM REM REM REM REM REM REM REM N1 REM REM REM REM REM REM REM REM N1 REM REM REM W N1 N1 REM N1 N1 REM REM REM REM REM REM REM REM REM REM REM REM REM REM N1 N1 N1 REM REM REM REM REM REM REM REM REM N1 N1 N2 N2 N2 REM REM REM REM REM REM REM REM REM REM REM REM REM REM N1 N1 N1 N2 N2 N2 N2 N2 N2 N2 N2 N2 N2 N2 N2 N2 N2 N2 N2 N2 N2 N2 N2 N2 N2 N2 N2 N2 N2 N2 N2 N2 N2 N2 N2 N2 N2 N2 N2 N2 N2 N2 N2 N2 N2 N2 N2 N2 N3 N2 N2 N2 N3 N2 N3 N3 N2 N2 N3 N3 N3 N2 N3 N3 N3 N3 N3 N3 N3 N3 N3 N3 N3 N3 N3 N3 N3 N3 N3 N3 N3 N3 N3 N3 N3 N3 N3 N3 N3 N3 N3 N3 N3 N3 N3 N3 N3 N3 N3 N3 N3 N3 N3 N3 N3 N3 N3 N3 N3 N3 N3 N3 N3 N3 N3 N3 N3 N2 N2 N1 N2 N2 N2 N2 N1 N2 N2 N2 N2 N2 REM REM REM REM REM N1 REM REM REM REM N1 REM REM N1 N1 REM REM REM REM REM REM N1 N1 N1 N1 N2 N2 N2 N2 N2 REM REM REM REM REM N1 N2 N2 N2 N2 N2 N2 N2 N2 N2 N2 N2 N2 N2 N2 N2 N2 N2 N2 N2 N2 N2 N2 N2 N2 N2 N2 W N1 N2 N2 N2 N2 N2 N2 N2 N2 N2 N2 N2 N2 N2 N2 N2 N2 N2 N2 N2 N2 N2 N2 N2 N2 N2 N1 N2 N2 N2 N2 N2 N2 N2 N2 N2 N2 N2 N2 N1 N1 N2 N2 N2 N2 N2 N2 N2 N2 N2 N2 N2 N2 N2 N2 N2 W N1 N2 N2 N2 N2 N2 N2 N2 N1 N1 N2 N2 N2 N2 N2 N2 REM N1 N1 W W W W W W W W W W W W W W W W W W W W W W W W W W W W W W W W W W W W W W W W W W W W W W W W W W W W W W W W W W W W,processed_sleepedf/spectral/SC4072E0-PSG_spectral.pt
processed_sleepedf/tensors/SC4081E0-PSG.pt,W W W W W W W W W W W W W W W W W W W W W W W W W W W W W W W W W W W W W W W W W W W W W W W W W W W W W W W W W W W W N1 N1 N1 N1 N1 N1 W W W W N1 N1 N1 N1 N1 N1 N1 W W W W W W W W N1 N1 N1 W W W N1 W W W W W W W W W W W W W W W W W W W W W W W W W W W W W W W W W W W W W W W W W W W W W W W W W W W W W W W W W W W W W W W W W W W W W W W W W W W W W W W W W W W W W W W W W W W W W W W W W W W W W W W W W W W W W W W W W W W W W W W W W W W W W W W W W W W W W W W W W W W W W W W W W W W W W W W W W W W W W W W W W W W W W W W W N1 N1 N1 N1 N1 N1 N1 N1 N1 N1 N1 N1 N1 N1 N1 N1 N1 N1 N1 N1 N1 N1 N1 N1 N1 N1 N1 N1 N2 N2 N2 N2 N2 N2 N2 N2 N2 N2 N2 N2 N2 N2 N2 N2 N3 N3 N3 N3 N3 N3 N3 N3 N3 N3 N3 N3 N3 N3 N3 N3 N3 N3 N3 N3 N3 N3 N3 N3 N3 N3 N3 N3 N3 N3 N3 N3 N3 N3 N3 N3 N3 N3 N3 N3 N3 N3 N3 N3 N3 N3 N3 N3 N3 N3 N3 N3 N3 N3 N3 N3 N3 N2 N3 N3 N3 N3 N3 N3 N3 N2 N3 N3 N3 N3 N3 N3 N3 N3 N3 N3 N3 N3 N3 N3 N3 N3 N3 N3 N3 N3 N3 N3 N3 N3 N3 N3 N3 N3 N3 N3 N3 N3 N3 N3 N3 N3 N3 N3 N3 N3 N3 N3 N3 N3 N3 N3 N3 N3 N3 N3 N3 N1 N2 N3 N3 N1 N1 N2 N2 N3 N3 N3 N2 N2 N3 N2 N3 N3 N2 N2 N3 N3 N3 N3 N2 N3 N2 N3 N3 N3 N3 N3 N2 N3 N3 N3 N3 N2 N2 N2 N2 N3 N3 N3 N2 N2 N3 N3 N3 N3 N3 N3 N3 N3 N3 N3 N3 N3 N3 N3 N3 N3 N3 N3 N3 N3 N3 N3 N2 N2 N2 N3 N3 N3 N2 N3 N3 N3 N3 N3 N3 N3 N3 N3 N2 N3 N2 N2 N2 N2 N2 REM REM REM REM REM REM REM REM REM REM REM REM REM REM REM REM REM REM REM REM REM REM REM REM REM REM REM REM REM REM REM REM REM REM REM REM REM REM REM REM REM REM REM REM REM REM REM REM REM REM REM REM REM REM REM REM REM REM REM N2 N2 N2 N2 N2 N2 N2 N2 N2 N2 N3 N3 W W W W W W W W W W W W W W W N1 N1 N1 N1 N1 N1 N2 N2 N2 N2 N2 N2 N2 N2 N2 N2 N2 N2 N2 N2 N2 N2 N2 N2 N2 N2 N2 N3 N2 N3 N3 N3 N3 N3 N3 N3 N3 N3 N3 N3 N3 N3 N3 N3 N3 N3 N3 N3 N3 N3 N3 N3 N3 N2 N2 N3 N3 N3 N2 N2 N3 N3 N3 N3 N3 N3 N3 N3 N3 W W W N1 N2 N2 N3 N2 N2 N2 N2 N2 N2 N2 N2 N2 N2 N2 N2 N3 N2 N3 N3 N3 N3 N3 N3 N3 N3 N3 N3 N3 N3 N3 N3 N3 N2 N2 N2 N3 N3 N2 N2 N2 N2 N2 N3 N3 N2 N3 N3 N3 N3 N3 N3 N3 N3 N3 N3 N3 N3 N3 N3 N3 N3 N3 N3 N3 N3 N3 N3 N3 N3 N3 W W N1 N1 N1 N2 N2 N2 N2 N2 N2 N2 N2 N2 N2 N2 N2 N2 N1 N1 N2 N2 N2 N2 N2 N3 N2 N2 N2 N3 N2 N2 N2 N2 N2 N2 N2 N2 N2 N2 N2 N2 N2 N2 N2 REM REM REM REM REM REM REM REM REM REM REM REM REM REM REM REM REM REM REM REM REM REM REM REM REM REM REM REM REM REM REM REM REM REM REM REM REM N1 N1 N1 N2 N2 N2 N2 N2 N2 REM REM REM N1 N1 N2 N2 N2 N2 N2 N2 N2 N2 N2 N2 N2 N2 N2 N2 N2 N2 N2 N2 N2 N2 N2 N2 N2 N2 N2 N2 N2 N2 N2 N2 N3 N3 N2 N2 N3 N3 N3 N3 N3 N3 N3 N2 N3 N2 N2 N3 N3 N3 N3 N3 N3 N3 N3 N3 N3 N3 N3 N3 N3 N3 N3 N3 N3 N3 N3 N3 N3 N3 N3 N3 N3 N3 N3 N3 N3 N3 N3 N3 N3 N3 N3 N3 N3 N3 N2 N3 N3 N2 N2 N2 N2 N2 N2 N2 N2 N2 N2 N2 N2 N2 N2 N2 N2 N2 N2 N2 N2 N2 REM REM REM REM REM REM REM REM REM REM REM REM REM REM REM REM REM REM REM REM REM REM REM REM REM REM REM REM REM REM REM REM N1 N1 N1 N2 N2 N2 N2 N2 N2 N2 N2 N2 N2 N2 N2 N2 N2 N2 N2 N2 N2 N2 N2 N2 N2 N2 N2 N2 N2 N2 N2 N2 N2 N2 N2 N2 N2 N2 N2 N2 N2 N2 N2 N2 N2 N2 N2 N2 N2 N2 N2 N2 N2 N2 N2 N2 N3 N3 N2 N2 N2 N3 N3 N2 N2 N3 N3 N3 N3 N3 N3 N3 N3 N3 N3 N3 N3 N3 N3 N3 N3 N3 N3 N3 N3 N3 N3 N3 N3 N3 N3 N3 N3 N3 N3 N3 N3 N3 W W W W W W W W W W W W W W W W W W W W W W W W W W W W W W W W W W W W W W W W W W W W W W W W W W W W W W W W W W W W,processed_sleepedf/spectral/SC4081E0-PSG_spectral.pt
processed_sleepedf/tensors/SC4082E0-PSG.pt,W W W W W W W W W W W W W W W W W W W W W W W W W W W W W W W W W W W W W W W W W W W W W W W W W W W W W W W W W W W W N1 W W W W N1 N1 N1 N2 N2 N1 N2 N1 W N1 N2 N2 N2 N2 N1 N1 N2 N1 N2 N1 N2 N2 N2 N2 N2 N2 N2 N2 N2 N3 N2 N3 N3 N3 N3 N3 N3 N3 N3 N3 N3 N3 N3 N3 N3 N3 N3 N3 N3 N3 N3 N3 N3 N3 N3 N2 N3 N2 N3 N3 N3 N3 N3 N3 N3 N3 N3 N3 N3 N3 N3 N3 N3 N3 N3 N3 N3 N3 N3 N3 N3 N3 N3 N3 N3 N3 N3 N3 N3 N3 N3 N3 N3 N3 N3 N2 N2 N3 N2 N3 N3 N2 N3 N3 N2 N3 N2 N3 N3 N2 N3 N3 N3 N3 N2 REM REM REM N3 REM REM REM REM REM REM REM REM REM REM REM REM N2 N2 N1 W W W W W W W W W W N1 N1 W N1 N1 N1 N1 N2 N2 N3 N2 N2 N2 N2 N2 N2 N3 N2 N2 N3 N3 N2 N2 N2 N2 N2 N2 N2 N2 N2 N2 N2 N2 N3 N3 N2 N2 N3 N3 N3 N3 N3 N3 N3 N3 N3 N3 N3 N3 N3 N3 N3 N3 N3 N3 N3 N3 N3 N3 N3 N3 N3 N3 N3 N3 N3 N3 N3 N3 N3 N3 N3 N3 N3 N3 N3 N3 N3 N3 N3 N3 N3 N3 N3 N3 N3 N3 N3 N3 N3 N3 N3 N3 N3 N3 N3 N3 N3 N3 N3 N3 N3 N3 N3 N3 N3 N3 N3 N3 N3 N2 N2 N2 N2 N3 N2 N3 N3 N2 N2 N2 N2 N2 N2 N2 N2 N2 N2 N2 REM REM REM REM REM REM REM REM REM REM REM REM REM REM REM REM REM REM REM REM REM REM REM REM REM REM REM REM REM REM REM REM REM REM REM REM REM REM REM REM REM REM REM REM REM REM REM REM REM REM REM REM REM REM REM REM REM REM REM REM REM REM REM REM REM REM REM REM REM REM REM REM REM REM REM REM REM REM REM N2 N2 N2 N2 N2 N2 N2 REM REM REM REM REM N2 W N1 N2 N2 N2 N2 N2 N2 N2 N2 N2 N2 N2 N2 N2 N2 N2 N2 N3 N2 N2 N3 N2 N2 N2 N2 N3 N3 N3 N3 N3 N3 N3 N3 N2 N2 N2 N3 N3 N3 N3 N3 N3 N3 N3 N3 N3 N3 N3 N3 N3 N3 N3 N3 N3 N3 N3 N3 N3 N3 N3 N3 N3 N3 N3 N3 N3 N3 N3 N3 N3 N3 N3 N3 N3 N3 N3 N3 N3 N3 N3 N3 N3 N3 N3 N3 N3 N3 N3 N3 N3 N3 N3 N3 N3 N3 N3 N3 N3 N3 N3 N3 N3 N3 N3 N3 N3 N3 N3 N3 N3 N3 N3 N3 N2 N2 N2 N2 N2 N2 N2 N2 N2 N2 N2 N2 N2 N2 REM REM REM REM REM REM REM REM REM REM REM REM REM REM REM REM REM REM REM REM REM REM REM REM REM REM REM REM REM N1 N2 N2 N2 N2 N2 N2 N2 N2 N2 N2 N2 N2 N2 N2 N2 N2 N2 N2 N2 N3 N2 N2 N3 N2 N3 N2 N3 N2 N2 N2 N2 N2 N2 N2 N2 N3 N2 W W N1 N1 N1 N2 N2 N2 N2 N2 N2 N2 N2 N2 N2 N2 N2 N2 N2 N2 N2 N2 N2 N2 N2 N2 N2 N2 N2 N2 N2 N2 N2 N2 N2 N2 N2 N2 N2 N2 N3 N2 N2 N2 N2 N2 N2 N2 N2 N2 N2 N3 N2 N2 N3 N3 N2 N2 N2 N2 N2 N3 N3 N3 N3 N3 N3 N3 N3 N3 N3 N3 N3 N3 N3 N3 N3 N3 N3 N3 N3 N3 W N1 N1 N1 W W N1 N2 N2 N2 N2 N2 N2 N2 N2 N2 N2 N2 N2 REM REM REM REM REM REM REM REM REM REM REM REM REM REM REM REM REM REM REM REM REM REM REM REM REM REM REM REM REM REM REM REM REM REM REM REM REM REM REM N2 N2 N2 N2 N2 N2 N2 N2 N2 N2 N2 N2 N1 N2 N2 N2 N2 N2 N2 N2 N2 N2 N2 N2 N2 N2 N2 N2 N2 N2 N2 N2 N2 N2 N2 N2 N1 N1 N2 N2 N2 N2 N2 N2 N2 N2 N2 N2 N2 N2 N2 N2 N2 N2 N2 N2 N2 N2 N2 N2 N2 N2 N2 N2 N2 N2 N2 N2 N3 N2 N2 N2 N2 N2 N2 N1 N2 N2 N2 N2 N2 N2 N2 N2 N2 N2 N2 N2 N2 N2 N2 N2 N2 N3 N2 N2 N2 N3 N3 N2 N2 N2 N3 N3 N2 N3 N2 N2 N2 N1 N2 W N1 N1 N1 N2 N2 N2 N2 N2 N2 N2 REM REM REM REM REM REM REM REM REM REM REM REM REM REM REM REM REM REM REM REM REM REM REM REM REM REM REM REM REM REM REM REM REM REM REM REM REM REM REM REM REM REM REM REM REM REM REM REM REM REM N1 N1 N1 REM REM REM REM REM REM REM REM REM REM REM REM REM REM REM REM REM REM REM REM REM REM REM REM REM REM REM REM REM REM REM REM REM REM REM REM REM REM REM REM REM REM REM N2 N2 N2 N2 N2 N2 N2 N2 N2 W N1 W W W W W W W W W W W W W W W W W W W W W W W W W W W W W W W W W W W W W W W W W W W W W W W W W W W W W W W W W W W W,processed_sleepedf/spectral/SC4082E0-PSG_spectral.pt
processed_sleepedf/tensors/SC4091E0-PSG.pt,W W W W W W W W W W W W W W W W W W W W W W W W W W W W W W W W W W W W W W W W W W W W W W W W W W W W W W W W W W W W N1 N1 N1 N1 N1 N2 N2 N2 N2 N2 N2 N2 N2 N2 N2 N2 N2 N2 N2 N2 N2 N2 N3 N2 N2 N2 N3 N3 N3 N3 N3 N3 N3 N3 N3 N3 N3 N3 N3 N3 N3 N3 N3 N3 N3 N3 N3 N3 N3 N3 N2 N2 N2 N2 N2 N3 N3 N3 N3 N3 N3 N3 N3 N3 N3 N3 N3 N3 N3 N3 N3 N3 N3 N3 N3 N3 N3 N3 N3 N3 N3 N3 N3 N3 N3 N3 N3 N3 N3 N3 N3 N3 N3 N3 N3 N3 N3 N3 N3 N2 N3 N3 N2 N2 N3 N3 N2 N2 REM REM REM REM REM REM REM REM REM REM REM REM REM REM REM REM REM REM REM REM REM REM REM REM REM REM REM REM REM REM REM REM REM REM REM N2 N2 N2 N2 N3 N2 N2 N2 N2 N2 N2 N2 N2 N2 N3 N3 N2 N3 N2 N2 N3 N1 N2 N2 N2 N2 N2 N2 N2 N2 N2 N2 N2 N2 N2 N2 N3 N2 N3 N3 N2 N2 N2 N2 N2 N2 N2 N2 N2 N2 N3 N2 N3 N2 N3 N3 N3 N3 N3 N3 N3 N3 N3 N3 N3 N3 N3 N3 N3 N3 N3 N3 N3 N3 N3 N3 N3 N3 N3 N3 N3 N3 N3 N3 N3 N3 N3 N3 N3 N3 N3 N3 N3 N3 N3 N3 N3 N3 N3 N3 N3 N3 N3 N2 N2 N2 N3 N3 N2 N2 N2 N2 REM REM REM REM REM REM REM REM REM REM REM REM REM REM REM REM REM REM REM REM REM REM REM REM REM REM REM REM REM REM REM REM REM REM REM REM N2 N2 N2 N2 N2 N2 N2 N2 N2 N2 N2 N2 N2 N2 N2 N2 N2 N2 N2 N2 N2 N2 N2 N2 N2 N2 N2 N2 N2 N2 N2 N2 N2 N2 N2 N2 N2 N2 N2 N2 N2 N2 N2 N2 N2 N2 N2 N2 N2 N2 N2 N2 N2 N3 N2 N2 N2 N3 N2 N2 N3 N3 N3 N2 N2 N2 N3 N2 N3 N3 N2 N2 N2 N2 N2 N2 N2 N2 N2 N2 N2 REM REM REM REM REM REM N2 N2 N2 N2 N2 N2 N2 REM N2 N2 N2 N2 N2 N2 N2 N2 N2 N2 N2 N2 N2 N2 N2 N2 N2 N2 N2 N2 N2 N2 N2 N2 N2 N2 N2 N2 N2 N2 N2 N2 N2 N2 N2 N2 N2 N2 N2 N2 N2 N2 N2 N2 N2 N2 N2 N2 N2 N2 N2 N2 N2 N2 N2 N2 N3 N2 N2 N2 N2 N2 N2 N2 N2 N2 N2 N2 N2 W W W N1 N1 N2 N2 N1 W N1 N1 N2 N2 N2 N2 N2 N2 N2 N2 N2 N2 N2 N2 N2 N2 N2 N2 N2 N2 N2 N2 N2 N2 N2 N2 N2 N2 N2 N2 N2 N3 N3 N3 N2 N2 N2 N2 N3 N2 N2 N3 N2 N2 N2 N2 N2 N2 N2 N2 N2 REM REM REM REM N2 N2 N2 N2 N2 N2 N2 N2 N2 N2 N2 N2 N2 REM REM REM REM REM REM REM REM REM REM REM REM REM REM REM REM REM REM REM REM N1 N2 N2 N2 N2 N2 N2 REM REM REM REM REM REM REM REM N2 N2 N2 REM REM REM REM REM REM REM REM REM REM REM REM REM REM REM REM REM REM REM REM REM REM REM REM REM REM REM REM REM REM REM N2 N2 N2 N2 N2 N2 N2 N2 N2 N2 N2 N2 N2 N2 N2 N2 N2 N2 N2 N2 N2 N2 N2 N2 N2 N2 N2 N2 N2 N2 N2 N2 N2 N2 N2 N2 N2 N2 N2 N2 N2 N2 N2 N2 N2 N2 N2 N2 N2 N2 N2 N2 N3 N3 N3 N2 N3 N3 N3 N3 N3 N2 N3 N3 N3 N3 N2 N2 N3 N3 N3 N3 N3 N3 N3 N2 N2 N2 N2 N2 N2 N2 N2 N2 N2 N2 N2 N2 N2 N2 N2 N2 N2 N2 N2 N2 N2 N2 N2 N2 N2 N2 N2 N2 N2 N2 N3 N2 N2 N2 N2 N2 N2 N2 N2 N2 N2 N2 N2 N2 N3 N2 N2 N2 N2 N2 N2 N2 N2 N2 N2 N2 N2 N2 N2 N2 N2 N2 N2 N2 N2 N2 N3 N2 N2 REM REM REM REM N2 REM REM REM REM REM REM REM REM REM REM REM REM REM REM REM REM REM REM REM REM REM N2 N2 N2 N2 N2 N2 N2 N2 REM REM REM REM REM REM REM REM REM REM REM REM REM REM REM REM REM REM REM REM N2 N2 N2 N2 N2 REM REM REM REM REM REM REM REM N2 REM REM REM REM REM REM REM REM REM REM REM REM REM REM REM REM REM REM REM REM REM REM REM REM N2 N2 N2 N2 N2 N2 N2 N2 N2 N2 N2 N2 N2 N2 N2 N2 N2 N2 N2 N2 N2 N2 N2 N2 N2 N2 N2 N2 N2 N2 N2 N2 N2 N2 N2 N2 N2 N2 N2 N2 N2 N2 W W W N1 W N1 N2 N2 N2 N2 N2 N2 N2 N2 N2 N2 N2 N2 N2 N2 N2 N2 N2 N2 N2 N2 N2 N2 N2 N2 N2 N2 N2 N2 N2 N2 N2 N2 N2 N2 N2 N2 N2 N2 N2 N2 N2 N2 N2 N2 N2 N2 N2 N2 N2 W N1 N1 N1 N2 N2 N2 N2 N2 N2 N2 N2 N2 N2 N2 REM REM REM REM REM REM REM REM REM REM REM REM REM REM N2 N2 N2 N2 N2 N2 N2 N2 N2 N2 N2 N2 N2 N2 N2 N2 N2 N2 N2 N2 N2 N2 N2 N2 N2 W W W W W W W W W W W W W W W W W W W W W N1 N1 W W W W W W W W W W W W W W W W W W W W W W W W W W W W W W W W W W W W W W W W W W W W W W W W W W W W W W W W W W W W,processed_sleepedf/spectral/SC4091E0-PSG_spectral.pt
processed_sleepedf/tensors/SC4092E0-PSG.pt,W W W W W W W W W W W W W W W W W W W W W W W W W W W W W W W W W W W W W W W W W W W W W W W W W W W W W W W W W W W W N1 N1 N1 N1 N1 N1 N1 N1 N1 N1 N1 N1 N1 N1 N1 N1 N1 N1 N2 N2 N2 N2 N2 N2 N2 N2 N2 N2 N2 N2 N2 N2 N2 N2 N2 N2 N2 N2 N2 N2 N2 N2 N2 N2 N2 N2 N2 N2 N2 N2 N2 N2 N2 N2 N3 N3 N3 N3 N3 N3 N3 N3 N1 N1 N2 N2 N2 N2 N2 N2 N2 N2 N2 N2 N1 N2 N2 N2 N2 N2 N2 N2 N2 N2 N2 N2 N3 N3 N3 N2 N2 N2 N3 N2 N2 N2 N2 N2 N2 N2 N2 N2 N2 N2 N2 N2 N2 N2 N2 N2 N2 N2 N2 N2 N2 N2 N2 N2 REM REM REM REM REM REM REM REM REM REM REM REM REM REM REM REM REM REM REM REM REM REM REM REM REM REM REM REM REM REM REM REM REM REM REM REM REM REM REM REM REM REM N1 N1 N1 N1 N2 N2 N2 N2 N2 N2 N2 N2 N2 N2 N2 N2 N2 N2 N2 N2 N2 N2 N2 N2 N2 N2 N2 N2 N2 N2 N2 N2 N2 N2 N2 N2 N2 N2 N2 N3 N3 N3 N3 N3 N3 N3 N3 N3 N3 N3 N3 N3 N3 N3 N3 N3 N3 N3 N3 N3 N3 N3 N3 N3 N3 N3 N3 N3 N3 N3 N3 N3 N3 N3 N3 N3 N3 N3 N3 N3 N3 N3 N3 N3 N3 N3 N3 N3 N3 N3 N3 N3 N3 N3 N3 N1 N1 N1 N2 N2 N2 N1 N2 N1 N1 N2 N2 N2 N2 N2 N2 N2 N2 REM REM REM REM REM REM REM REM REM REM REM REM REM REM REM REM REM REM REM REM REM REM REM REM REM REM REM REM REM REM REM REM REM REM REM REM REM REM REM REM REM REM REM REM REM N2 N2 N2 N2 N2 N2 N2 N2 N2 N2 N2 N2 W W W W W W N1 N1 N1 N1 N2 N2 N2 N2 N2 N2 N2 N1 N1 N1 N2 N2 N2 N2 N2 N2 N2 N2 N2 N2 N2 N2 N2 N2 N2 N2 N2 N2 N2 N2 N2 N2 N2 N2 N2 N2 N2 N2 N2 N2 N2 N2 N2 N2 N2 N3 N2 N2 N2 N2 N3 N3 N3 N3 N3 N2 N2 N2 N2 N3 N2 N3 N3 N3 N3 N3 N3 N3 N3 N3 N3 N3 N3 N3 N3 N3 N3 N3 N3 N3 N3 N3 N3 N3 N3 N3 N3 N3 N3 N3 N3 N3 N1 N1 N2 N2 N2 N2 N2 N2 N2 N2 N2 N2 N2 N1 N2 N2 N2 N2 N2 REM REM REM REM REM REM REM REM REM REM REM REM REM REM REM REM REM REM REM REM REM REM REM REM REM REM REM REM REM REM REM REM REM REM REM REM N1 N1 N2 N2 N2 N2 N2 N2 N2 N2 N2 N2 N2 N2 N2 N2 N2 N2 N2 N2 N1 N2 N2 N2 N2 N2 N2 N2 N2 N2 N2 N2 N2 N2 N2 N2 N2 N2 N2 N2 N2 N2 N2 N2 N1 N2 N2 N2 N2 N2 N2 N2 N2 N2 N2 N2 N2 N2 N2 N2 N2 N2 N2 N2 N2 N2 N2 N2 N2 N2 N2 N2 N2 N2 N2 N2 N2 N2 N2 N1 N2 N2 N2 N2 N2 N2 N2 N2 N2 N2 N2 N2 N2 N1 N1 N2 N2 N2 REM REM REM REM REM REM REM REM REM REM REM REM REM REM REM REM REM REM REM REM REM REM REM REM REM REM REM REM REM REM REM REM REM REM REM REM REM REM REM REM REM REM REM REM W REM REM REM REM REM REM REM REM REM REM REM REM REM N2 N2 N2 N2 N2 N2 N2 N2 N2 N2 N2 N2 N2 N2 N2 N2 N2 N2 N2 N2 N2 N2 N2 N2 N2 N2 N2 N2 N2 N2 N2 N2 N2 N2 N2 N2 N2 N2 N2 N2 N2 N2 N2 N2 N2 N2 N2 N2 N2 N3 N2 N2 N2 N2 N1 N2 N2 N2 N2 N2 N2 N2 N2 N2 N2 N2 N2 N2 N2 N2 N2 N2 N2 N2 N2 N2 N2 N2 N2 N2 N2 N2 N2 N2 N2 N2 N2 N2 N2 N2 N2 N2 N2 N2 N2 N2 N2 N2 N2 N2 N2 N2 N2 N2 N2 N2 N2 N2 N2 N2 N2 N2 N1 N2 N2 N2 REM REM REM REM REM REM REM REM REM REM REM REM REM REM REM REM REM REM REM REM REM REM REM REM REM REM REM REM REM N1 REM REM REM REM REM REM REM REM REM REM REM REM REM REM REM REM REM REM REM REM REM REM REM REM REM REM REM REM REM REM REM REM REM REM REM REM W N1 W W W W W W W W W W W W N1 N1 N1 N1 N1 N1 N2 N2 N2 N2 N2 N2 N2 N2 N2 N2 N2 N2 N2 N2 N2 N2 N2 N2 N2 N2 N2 N2 N2 N2 N2 N2 N2 N2 N2 N2 N2 N2 N2 N2 N2 N2 N2 N2 N1 N1 N1 N1 N2 N2 N2 N2 N2 N2 N2 N2 N2 N2 N2 N2 N2 N2 N2 N2 N2 N2 N2 N2 N2 N2 N2 N2 N2 N2 REM REM REM REM REM REM REM REM REM REM REM REM REM REM REM REM REM REM REM REM N1 N1 N1 N1 N2 N2 N2 N2 N2 N2 N2 N1 N2 N1 N1 N1 N1 N1 N1 N2 N2 N2 N2 N2 N2 N1 N1 N2 N2 N2 N2 N2 N2 N2 N2 N2 N2 N1 N2 N2 N2 N2 N1 N1 N2 N1 N1 N2 N2 N2 N1 N2 W W W W W W W W W W W W W W W W W W W W W W W W W W W W W W W W W W W W W W W W W W W W W W W W W W W W W W W W W W W W,processed_sleepedf/spectral/SC4092E0-PSG_spectral.pt
processed_sleepedf/tensors/SC4101E0-PSG.pt,W W W W W W W W W W W W W W W W W W W W W W W W W W W W W W W W W W W W W W W W W W W W W W W W W W W W W W W W W W W W N1 N1 N1 N1 N1 N1 N1 N1 N1 N1 N1 N1 N1 N1 N1 N2 N2 N2 N2 N2 N2 N2 N2 N2 N2 N2 N2 N2 N2 N2 N2 N2 N2 N2 N2 N2 N2 N2 N2 N2 N2 N2 N2 N2 N2 N3 N2 N2 N2 N2 N2 N3 W W N1 N2 N2 N2 N2 N2 N2 N2 N2 N2 N2 N2 N2 N2 N2 N2 N2 N2 N2 N2 N2 W W W W N1 N1 N1 N1 N1 N2 N2 N2 N2 N2 N2 N2 N2 N2 N2 N2 N2 N2 N2 N2 N2 N2 N2 N2 N2 N2 N2 N2 N2 N2 N2 N2 N2 N2 N2 N2 N2 N2 N2 N2 N2 N2 N2 N2 N2 N2 W W N1 N1 N1 N1 N2 N2 N2 N2 N2 N2 N2 N2 N2 N2 N2 N2 N2 N2 N2 N2 N2 N2 N2 N2 N2 N2 N2 N2 N2 N2 N2 N2 N2 N2 N2 N2 N2 N2 N2 N2 REM REM REM REM REM REM REM REM REM REM REM REM REM REM REM REM REM REM REM REM REM REM REM REM REM REM REM REM REM REM REM REM REM REM REM REM REM REM REM REM REM REM REM REM REM REM REM REM REM REM REM REM REM REM REM REM REM N2 N2 N2 N2 N2 N2 N2 N2 N2 N2 N2 N2 N2 N2 N2 N2 N2 N2 N2 N2 N2 N2 N2 N2 N2 N2 N2 N2 N2 N2 N2 N2 N2 N2 N2 N2 N2 N2 N2 N3 N2 N2 N2 N3 N2 N3 N2 N2 N2 N2 N2 N2 N2 N2 N2 N2 N2 N2 N2 N2 N2 N2 N2 N2 N2 N2 N2 N2 N2 N2 N2 N2 N2 N2 N2 N2 N2 N2 N2 N2 N2 N2 N2 N2 N2 N2 N2 N2 N2 N2 N2 N2 N2 N2 N2 N2 N2 N2 N2 N2 N2 N3 N2 N2 N2 N2 N2 N2 N2 N2 N2 N2 N2 N2 N2 N2 N2 N2 N2 N2 N2 N2 N2 N2 N2 N2 N2 N2 N2 N2 N2 N2 N2 N2 N2 N2 N2 N2 N2 N2 N2 N2 N2 N2 N2 N2 N2 N2 N2 N2 N2 W W N1 N1 N1 N1 N2 N2 N2 N2 N2 N2 N2 N2 N2 N2 N2 N2 N2 N2 N2 N2 N2 N2 N2 N2 N2 N2 N2 N2 N2 N2 N2 N2 N2 N2 W W W N1 N1 N1 N1 N1 N1 N2 N2 N2 N2 N2 N2 N2 N2 N2 N2 N2 N2 N2 N2 N2 N2 N2 N2 N2 N2 N2 N2 N2 N2 N2 N2 N2 N2 N2 N2 N2 N2 N2 N2 N2 N2 N2 N2 N2 N2 N2 N2 N2 N2 N2 N2 N2 N2 N2 N2 N2 N2 N2 N2 N2 N2 N2 N2 N2 N2 N2 N2 N2 N2 N2 N2 N2 N2 N2 N2 REM REM REM REM REM REM REM REM REM REM REM REM REM REM REM REM REM REM REM REM REM REM REM REM REM REM REM REM REM REM REM REM REM REM REM REM REM REM REM REM REM REM REM REM REM REM REM REM REM REM REM REM REM REM REM REM REM REM REM REM REM REM REM REM REM REM REM REM REM REM REM REM REM REM REM REM REM REM REM REM REM REM REM REM REM REM REM REM REM REM N2 N2 N2 N2 N2 N2 N2 N2 N2 N2 N2 N2 N2 N2 N2 N2 N2 N2 N2 N2 N2 N2 N2 N2 N2 N2 N2 N2 N2 N2 N2 N2 N2 N2 N2 N2 N2 N2 N2 N2 N2 N2 N2 N2 N2 N2 N2 N2 N2 N2 N2 N2 N2 N2 N2 N2 N2 N2 N2 N2 N2 N2 N2 N2 N2 N2 N2 N2 N2 N2 N2 N2 N2 N2 N2 N2 N2 N2 N2 N2 N2 N2 N2 W N1 N2 N2 N2 N2 N2 N2 N2 N2 N2 N2 N2 N2 N2 N2 N2 N2 N2 N2 N2 N2 N2 N2 N2 N2 N2 N2 N2 N2 N2 N2 N2 N2 N2 N2 N2 W W N1 N1 N1 N2 N2 N2 N2 N2 N2 N2 N2 N2 N2 N2 N2 N2 N2 N2 N2 N2 N2 N2 N2 N2 N2 N2 N2 N2 N2 N2 N2 N2 N2 N2 N2 N2 N2 N2 REM REM REM REM REM REM REM REM REM REM REM REM REM REM REM REM REM REM REM REM REM REM REM REM REM REM REM REM REM REM REM REM REM REM REM REM REM REM REM REM REM REM REM REM REM REM REM REM REM REM REM REM REM REM REM REM REM REM REM N2 N2 N2 N2 N2 REM N2 N2 N2 N2 N2 N2 N2 N2 N2 N2 N2 N2 N2 N2 N2 N2 N2 N2 N2 N2 N2 N2 N2 N2 N2 N2 N2 N2 N2 N2 N2 N2 N1 N1 N2 N2 N2 N2 N2 N2 N2 N2 N2 N2 N2 N2 N2 N2 N2 N2 N2 N2 N2 N2 N2 N2 N2 N2 N2 N2 N2 N2 N2 N2 N2 N2 N2 N2 N2 N2 N2 N2 N2 N2 N2 N2 N2 N2 W W W N1 N1 N1 N1 N1 N1 N1 N1 N1 N1 N2 N2 N2 N2 N2 N2 N2 N2 N2 N2 N2 N2 N2 N1 N1 W W N1 N1 N1 W W W W W W W W W N1 N1 N1 N1 N1 N1 N2 N2 N2 N2 N2 N2 N2 N2 N2 N2 N2 N2 N2 N2 N2 N2 N2 N2 N2 W W W W N1 N2 N2 N2 N2 N2 N2 N2 N2 N2 N2 N2 N2 N2 N2 N2 N2 N2 N2 N2 W N1 N1 N2 N2 N2 N2 N2 N2 N2 W W W W W W W W W W W W W W W W W W W W W W W W W W W W W W W W W W W W W W W W W W W W W W W W W W W W W W W W W W W W,processed_sleepedf/spectral/SC4101E0-PSG_spectral.pt
processed_sleepedf/tensors/SC4102E0-PSG.pt,W W W W W W W W W W W W W W W W W W W W W W W W W W W W W W W W W W W W W W W W W W W W W W W W W W W W W W W W W W W W N1 N1 N1 N1 N1 N1 N1 N1 N1 N1 N1 N1 N1 N1 N1 N1 N1 N1 N1 N1 N1 N1 N1 N1 N1 N1 N1 N1 N1 N1 N1 N1 N2 N2 N2 N2 N2 N2 N2 N2 N2 N2 N2 N2 N2 N2 N2 N2 N2 N2 N2 N2 N2 N2 N2 N2 N2 N2 N2 N2 N2 N2 N2 N2 N2 N2 N2 N2 N2 N2 N2 N2 N2 N2 N2 N2 N2 N2 N2 N3 N2 N3 N3 N3 N3 N3 N2 N2 N2 N2 N1 N2 N2 N2 N2 N2 N2 N2 N2 N2 N2 N2 N2 N2 N2 N2 N2 N2 N2 N3 N2 N3 N2 N2 N2 N2 N2 N2 N2 N2 N2 N2 N2 N2 REM REM REM REM REM REM REM REM REM REM REM REM REM REM REM REM REM REM REM REM REM REM REM REM REM REM REM REM REM REM REM REM REM REM REM REM REM REM REM REM REM REM REM REM REM REM REM REM REM REM REM REM REM REM REM REM REM REM REM REM REM REM REM REM REM REM REM REM REM REM REM N2 N2 N2 N2 N2 N2 N2 N2 N2 N2 N2 N2 N2 N2 N2 N2 N2 N2 N2 N2 N2 N2 N2 N2 N2 N2 N2 N2 N2 N2 N2 N2 N2 N2 N2 N2 N2 N2 N2 N2 N2 N2 W W N1 N1 N2 N2 N1 N2 N2 N2 N2 N2 N2 N2 N2 N2 N2 N2 N2 N2 N2 N2 N2 N2 N2 N2 N2 N2 N2 N2 N2 N2 N2 N2 N2 N2 N2 N2 N3 N2 N3 N2 N3 N3 N3 N3 N3 N3 N3 N3 N3 N3 N3 N2 N2 W W N1 N1 N2 N2 N2 N2 N2 N2 N2 N2 N2 N2 N2 N2 N2 N2 N2 N2 N2 N2 N2 N2 N2 N2 N2 N2 N2 N2 N2 N2 N2 N2 N2 N2 N2 N2 N2 N2 N2 N2 N2 N2 N2 N2 N2 N2 N2 N2 N2 N2 N2 N2 N2 N2 N2 N2 N2 N1 N2 N2 N2 N2 N2 N2 N2 N2 N2 N2 N2 N2 N2 N2 N2 N2 N2 N2 N2 N2 N1 N2 N2 N2 N2 N2 N2 N2 N2 N2 N2 N2 N2 N2 N2 N2 N2 W W W N1 N1 N2 N2 N2 N2 N2 N1 N2 N2 N2 N2 N2 N2 N2 N2 N2 N2 N2 N2 N2 N2 N2 N2 N2 N2 N2 N2 N2 N1 N2 N2 N2 N2 N2 N2 N2 N2 N2 N2 N2 N2 N2 N2 N2 N2 N2 N2 N1 N1 N1 N1 N1 N1 N2 N2 N2 N2 N2 N2 N2 N2 N2 N2 N2 N2 N2 N2 N1 N1 N1 N2 N2 N2 N2 N2 N2 N2 N2 N2 N2 W W W W W W W N1 N1 N1 N1 N1 N1 N1 N1 N1 N1 N1 N1 N2 N2 N2 N2 N2 N2 N2 N2 N2 N2 N2 N2 N2 N2 N2 N2 N2 N2 N2 N2 N2 N2 N2 N2 N2 N2 REM REM REM REM REM REM REM REM REM REM REM REM REM REM REM REM REM REM REM REM REM REM REM REM REM REM REM REM REM REM REM REM REM REM REM REM REM REM REM REM REM REM REM REM REM REM REM REM REM REM REM REM REM REM REM REM REM REM REM REM REM REM REM REM REM N2 N2 N2 N2 N2 N2 N2 N2 N2 N2 N2 N2 N2 N2 N2 N2 N2 N2 N2 N2 N2 N2 N1 N1 N2 N2 N2 N2 N2 N2 N2 N2 N2 N2 N2 N2 N2 N2 N2 N2 N1 N1 N2 N2 N1 N2 N2 N2 N2 N2 N2 N2 N2 N2 N2 N2 N2 N2 N2 N2 N2 N2 N2 N2 N2 N2 N2 N2 N2 N2 N2 N2 N2 N2 N2 N2 N2 N2 N2 N2 N3 N2 N2 N3 N3 N2 N2 N2 N2 N3 W W W N1 N1 N2 N2 N2 N2 N2 N2 N2 N2 N1 N2 N2 N2 N2 N2 N2 N2 N2 N2 N2 N2 N2 N2 N2 N2 N2 N2 N2 N2 N2 N2 N2 N2 N2 N2 N2 N2 N2 N2 N2 N1 N1 N1 N2 N2 N2 N2 N2 N2 N2 N1 N2 N2 N2 N1 N2 N2 N2 N2 N1 N2 N2 N2 N2 N1 N1 N2 N2 N2 N2 N2 N2 N2 N2 N1 N2 REM REM REM REM REM REM REM REM REM REM REM REM REM REM REM REM REM REM REM REM REM REM REM REM REM REM REM REM REM REM REM REM REM REM REM REM REM REM REM REM REM REM REM REM REM REM REM REM REM REM REM REM REM REM REM REM REM REM REM REM REM REM REM W N1 N1 N1 N1 N1 N2 N2 N2 N2 N2 N2 N2 N2 N2 N2 N2 N2 N2 N2 N2 N2 N2 N2 N2 N2 N2 N1 N1 N2 N2 N2 N2 N2 N2 N2 N2 N2 N2 N2 N2 N2 N2 N2 N2 N2 N1 N1 N2 N1 N1 N1 N2 N2 N2 N2 N2 N2 N2 N2 N2 N2 N2 N2 N2 N2 N2 N2 N2 N2 N2 N2 N2 N2 N2 N2 N1 W W N1 N2 N2 N1 N2 N2 N2 N2 N2 N2 N2 N2 N2 N2 N2 N2 N2 N2 N2 N2 N2 N2 N2 N1 N1 N2 N2 N2 N2 N2 N2 N1 N1 N1 N2 N2 N1 N1 N2 N2 N1 N1 N1 N1 N2 N1 N2 N2 W N1 N1 N2 N2 N2 N2 N2 N1 N2 N2 N2 N2 W N1 W W N1 N1 N1 N2 N2 N2 N1 N2 N2 N2 N2 N2 W W W W W W W W W W W W W W W W W W W W W W W W W W W W W W W W W W W W W W W W W W W W W W W W W W W W W W W W W W W W,processed_sleepedf/spectral/SC4102E0-PSG_spectral.pt
processed_sleepedf/tensors/SC4111E0-PSG.pt,W W W W W W W W W W W W W W W W W W W W W W W W W W W W W W W W W W W W W W W W W W W W W W W W W W W W W W W W W W W W N1 N1 W W N1 N1 N1 N1 N1 N1 N2 N2 N2 N2 N2 N2 N2 N2 N2 N2 N2 N2 N2 N2 N2 N2 N2 N2 N2 W W N1 W N1 N1 N2 N2 N2 N2 N2 N2 N2 N2 N2 N2 N2 N2 N2 N2 N2 N2 N2 N2 N2 N2 N2 N2 N2 N2 N3 N2 N2 N3 N2 N2 N3 N2 N3 N2 N2 N2 N3 N2 N2 N3 N3 N3 N2 N3 N3 N3 N3 N3 N3 N3 N1 N1 N3 N2 N2 N2 N2 N2 N2 N2 N2 N2 N2 N2 N2 N2 N2 N2 N3 N3 N2 N2 N2 N2 N2 N2 N3 N2 N2 N2 N2 N2 N2 N2 N2 N2 N2 N2 N3 N2 N3 N2 N3 N3 N3 N3 N3 N3 N3 N3 N3 N3 N3 N3 N3 N3 N3 N3 N3 N3 N3 N3 N3 N3 N3 N3 N3 N3 N3 N3 N3 N3 N3 N3 N3 N3 N3 N3 N3 N3 N3 N3 N3 N3 N3 N3 N3 N3 N3 N3 N3 N3 N3 N3 N3 N3 N3 N3 N3 N2 N3 N2 N2 N2 N3 N2 N2 N3 N2 N2 N2 N2 N2 N2 N2 N2 N2 N2 REM REM REM REM REM REM REM REM REM REM REM REM REM REM REM REM REM REM REM REM REM REM REM REM REM REM REM N2 N2 N3 N2 N2 N2 N2 N2 N2 N2 N2 N2 N2 N2 N2 N2 N2 N2 N2 N2 N2 N2 N2 N2 N2 N2 N2 N2 N2 N2 N2 N2 N3 N2 N3 N2 N2 N2 N2 N2 N2 N2 N2 N2 N2 N2 N2 N2 N3 N3 N2 N2 N3 N2 N2 N2 N3 N2 N3 N2 N2 N3 N3 N2 N2 N2 N3 N3 N2 N3 N3 N3 N2 N3 N3 N3 N3 N3 N3 N3 N3 N3 N3 N3 N3 N2 N2 N2 N2 N3 N2 N2 N2 N2 N2 N2 N2 N2 N3 N2 N2 N2 N2 N2 N2 N2 N2 N2 N2 N2 N2 N2 N2 N2 N2 N2 N2 N2 N2 N2 N2 N3 N2 N2 N2 N2 N2 N3 N2 N2 N2 N2 N2 N2 N2 N2 N2 N2 N2 N2 N2 N2 N2 N2 N2 N2 N2 N2 N2 N2 N2 N2 N2 N2 N2 N2 N2 N2 N2 REM REM REM REM REM REM REM REM REM REM REM REM REM REM REM REM REM REM REM REM REM REM REM REM REM REM REM REM REM REM REM REM REM REM REM REM REM REM REM REM REM REM REM REM REM REM REM REM REM REM REM REM REM W N2 N2 N2 N2 N2 REM REM REM REM REM REM REM REM REM REM REM REM REM REM REM REM REM REM REM REM REM REM REM REM REM REM REM REM REM REM REM REM REM REM REM REM REM REM REM N2 N2 N2 N2 N2 N2 N2 N2 N2 N2 N2 N2 N2 N2 N2 N2 N2 N2 N2 N2 N2 N2 N2 N2 N2 N2 N2 N2 N2 N2 N2 N2 N2 N2 N2 N2 N2 N2 N2 N2 N2 N2 N2 N2 N2 N2 N2 N2 N2 N2 N2 N2 N2 N2 N2 N2 N2 N3 N2 N3 N3 N3 N3 N2 N2 N2 N2 N3 N3 N3 N2 N2 N2 N2 N2 N2 N2 N2 N2 N2 N2 N2 N2 N2 N2 N2 N2 N2 N2 N2 N2 N2 N2 N2 N2 N2 N2 N2 N2 N2 N2 N2 N2 N2 N2 N2 N2 N2 N2 N2 N2 N2 N2 N2 N2 N2 N2 N2 N2 N2 N2 N2 N2 N2 N2 N2 N2 N2 N2 N2 N2 N2 N2 N2 N2 N2 N2 N2 N2 N2 N2 N2 N2 N2 N2 N2 N2 N2 N2 N2 N2 N2 N2 N2 N2 N2 N2 N2 N2 N2 N2 N2 N2 N2 N2 N2 N2 N2 N2 N2 N2 N3 N2 N2 N2 REM REM REM REM REM REM REM REM REM REM REM REM REM REM REM N2 N2 N2 N2 N2 REM REM REM REM REM REM REM REM REM REM REM REM REM REM REM REM REM REM REM N2 N2 N2 N2 N2 N2 N2 N2 N2 REM REM REM REM REM N2 N2 N2 N2 N2 N2 N2 N2 N2 N2 N2 N2 N2 N2 N2 N2 N2 N2 N2 N2 N2 N2 N2 N2 N2 N2 N2 N2 N2 N2 N2 N2 N2 N2 N2 N2 N2 N2 N2 N2 N2 N2 N2 N2 N2 N2 N2 N2 N2 N2 N2 N2 N2 N2 N2 N2 N2 N2 N2 N2 N2 N2 N2 N2 N2 N3 N2 N2 N2 N3 N2 N2 N2 N2 N3 N2 N3 N3 N2 N2 N2 N2 N2 N2 N3 N2 N3 N2 N3 N2 N2 N2 N2 W W W W W W W W W W W W W W W W W W W W W W W W W W W W W W W W W W W W W W W W W W W W W W W W W W W W W W W W W W W W,processed_sleepedf/spectral/SC4111E0-PSG_spectral.pt
processed_sleepedf/tensors/SC4112E0-PSG.pt,W W W W W W W W W W W W W W W W W W W W W W W W W W W W W W W W W W W W W W W W W W W W W W W W W W W W W W W W W W W W N1 N1 N1 N1 N1 N2 N2 N2 N2 N2 N2 N2 N2 N2 N1 N2 N1 N2 N2 N2 N2 N2 N2 N2 N2 N2 N2 N2 N2 N2 N2 N2 N2 N2 N1 N2 N2 N2 N2 N2 N2 N2 N2 N2 N2 N2 N2 N2 N2 N2 N2 N3 N2 N2 N2 N2 N2 N2 N2 N2 N2 N2 N2 N2 N2 N2 N2 N3 N3 N2 N2 N2 N2 N2 N2 N3 N1 N2 N2 N2 N2 N1 N2 N2 N2 N2 N2 N2 N2 N2 N2 N2 N2 N2 N2 N2 N2 N3 N2 N2 N3 N2 N3 N3 N3 N3 N2 N3 N3 N3 N3 N3 N3 N1 N1 N1 N1 N2 N2 N2 N2 N2 N2 N2 N2 N2 N2 N2 N2 N2 N2 N2 N2 N2 N2 N2 N2 N2 N2 N2 N2 N2 N2 N2 N2 N2 N2 N3 N2 N3 N2 N2 N3 N2 N2 N2 N3 N2 N2 N3 N3 N2 N3 N3 N3 N3 N3 N3 N3 N3 N3 N3 N3 N3 N3 N3 N3 N3 N2 N2 N2 N2 N2 N2 N2 N2 REM REM REM REM N2 REM REM REM REM REM REM REM N1 N2 N2 REM REM REM REM REM REM REM REM REM REM REM REM REM REM REM REM REM REM REM REM REM REM REM REM REM REM REM REM REM REM REM REM REM REM REM REM REM REM REM REM REM REM N2 N2 N2 N2 N2 N2 N2 N2 N2 N2 N2 N2 N2 N2 N2 N2 N2 N2 N2 N2 N2 N2 N2 N2 N2 N2 N2 N2 N2 N2 N2 N2 N2 N2 N2 N2 N2 N2 N2 N2 N2 N2 N2 N2 N2 N2 N2 N2 N3 N2 N2 N2 N3 N2 N2 N2 N2 N3 N3 N3 N2 N2 N3 N3 N3 N3 N3 N3 N3 N3 N3 N3 N3 N3 N3 N3 N3 N3 N3 N3 N3 N3 N3 N3 N3 N3 N3 N3 N3 N3 N3 N3 N3 N3 N3 N3 N3 N3 N3 N3 N3 N3 N3 N3 N3 N3 N3 N3 N3 N2 N3 N2 N2 N2 N2 N2 N2 N2 N2 N2 W N2 N2 N2 N2 N2 N2 N2 N2 N2 N2 N2 N2 N2 N2 N2 N2 N2 N2 N2 N2 N2 N2 N2 N2 N2 N2 N2 N2 N2 N2 N2 N2 N2 N2 N2 N2 N2 N3 N2 N2 N2 N2 N2 N2 N2 N2 N2 N2 N2 N2 N2 N3 N2 N3 N2 N2 N2 N3 N3 N3 N3 N3 N2 N2 N2 N2 N2 N3 N2 N2 REM REM REM REM REM REM REM REM REM REM REM REM REM REM REM REM REM REM REM REM REM REM REM REM REM REM REM REM REM REM REM REM REM REM REM REM REM REM REM REM REM REM REM REM REM REM REM REM REM REM REM REM REM REM REM REM REM REM REM W N2 N2 N2 N2 N2 N2 REM REM REM REM REM REM REM REM REM REM REM REM REM REM REM REM REM REM REM REM REM REM REM REM REM W N2 N2 N2 N2 N2 N2 N2 N2 N2 N2 N2 N2 N2 N2 N2 N2 N2 N2 N2 N2 N2 N2 N2 N2 N2 N2 N2 N2 N2 N2 N2 N2 N2 N2 N2 N2 N2 N2 N2 N2 N2 N2 N2 N2 N2 N2 N2 N2 N2 N2 N2 N2 N2 N2 N2 N2 N2 N2 N2 N3 N2 N2 N2 N2 N2 N3 N2 N2 N3 N2 N3 N2 N3 N2 N2 N3 N3 N3 N3 N3 N2 N2 N2 N2 N2 N2 N3 N2 N2 N2 N2 N2 N2 N2 N2 N2 N2 N2 N2 N2 N2 N2 N2 N2 N2 N2 N2 REM REM REM REM REM REM REM REM REM REM REM REM REM N1 REM N2 N2 N2 N2 W N2 N2 N2 N2 N2 N2 N1 N2 N2 N2 N2 N2 W W N1 N2 N2 N2 N2 N2 N2 N2 N2 N2 N2 N2 N2 N2 N2 W W W W W W W W W W W W W W W W W W W W W W W W W W W W W W W W W W W W W W W W W W W W W W W W W W W W W W W W W W W W,processed_sleepedf/spectral/SC4112E0-PSG_spectral.pt
processed_sleepedf/tensors/SC4121E0-PSG.pt,W W W W W W W W W W W W W W W W W W W W W W W W W W W W W W W W W W W W W W W W W W W W W W W W W W W W W W W W W W W W N1 N1 N1 N2 N2 N2 N2 N2 N2 N2 N2 N2 N2 N2 N2 N2 N2 N2 N1 N2 N2 N2 N2 N2 N2 N2 N2 N2 N2 N2 N2 N2 N2 N2 N2 N2 N2 N2 N2 N2 N2 N2 N2 N3 N3 N3 N3 N3 N3 N3 N3 N3 N3 N3 N3 N3 N3 N3 N3 N3 N3 N3 N3 N3 N3 N3 N3 N3 N3 N3 N3 N3 N3 N3 N3 N3 N3 N3 N3 N3 N3 N2 N2 N2 N2 N2 N2 N2 N2 N2 N2 N2 N2 N2 N2 N2 N2 N2 N2 N2 N2 N2 N2 N2 N2 N2 N2 N2 N2 N2 N2 N2 N2 N2 N2 N2 N2 N2 N2 N2 N2 N2 N2 N2 REM REM REM REM REM REM REM REM REM REM REM REM REM REM REM REM REM REM REM REM REM REM REM REM REM REM REM N1 N2 N1 N2 N2 N2 N2 N2 N2 N2 N2 N2 N2 N2 N2 N2 N2 N2 N2 N2 N2 N2 N2 N2 N2 N2 N2 N2 N2 N2 N2 N2 N2 N2 N2 N2 N2 N2 N2 N2 N2 N3 N3 N3 N2 N3 N3 N3 N3 N3 N3 N3 N3 N3 N3 N3 N3 N3 N2 N2 N2 N2 N2 N2 N2 N2 N2 N2 N2 N2 N2 N2 N1 N2 N2 N2 N2 N2 N2 N2 N2 N2 N2 N2 N2 N2 N2 W W W W W W W W W W W W W W W W N1 N2 N2 N2 N2 N2 N2 N2 N2 N2 N2 N2 N2 N2 N2 N2 N2 N2 N2 N2 N2 N2 N2 N2 N2 N2 N2 N2 N2 N2 N2 N2 N2 N2 N2 N2 N2 N2 N2 N2 N2 N2 N2 N2 N2 N2 N2 N2 N2 N2 N2 N2 N2 N2 N2 N2 N2 N2 N2 N2 N2 N2 N2 N2 N2 W N1 N2 N2 N2 W W N1 N2 N2 N2 N2 N2 N2 N2 N2 N2 N2 N2 N2 N2 N2 N2 REM REM REM REM REM REM REM REM REM REM REM REM REM REM REM REM REM REM REM REM REM REM REM REM REM REM REM REM REM REM REM REM REM REM REM REM REM REM REM REM REM REM REM REM REM REM REM REM REM REM REM REM REM REM REM REM REM REM REM N2 N2 N2 N2 N2 N2 N2 N2 N2 N2 N2 N2 N2 N2 N2 N2 N2 N2 N2 N2 N2 N2 N2 N2 N2 N2 N2 N2 N2 N2 N2 N2 N3 N3 N2 N2 N2 N2 N2 N2 N2 N2 N2 N2 N2 N2 N2 N2 N2 N2 N2 N2 N2 N2 N2 N2 N3 N2 N3 N2 N3 N3 N3 N3 N3 N2 N2 N2 N1 N2 N2 N2 N2 N2 N2 N2 N2 N2 N2 N2 N2 N2 N2 N2 N2 N2 N3 N2 N3 N2 N3 N3 N3 N3 N3 N3 N3 N3 N3 N3 N3 N3 N3 N3 N3 N3 N3 N3 N3 N3 N3 N3 N3 N3 N3 N3 N3 N3 N3 N3 N3 N3 N3 N3 N3 N3 W W W W W N1 N1 N2 N2 N2 N2 N2 N1 N2 N2 N1 N1 N2 N2 N2 N2 REM REM REM REM REM REM REM REM REM REM REM REM REM REM REM REM REM REM REM REM REM REM REM REM REM REM REM REM REM REM REM REM REM REM REM REM REM REM REM REM REM REM REM REM REM REM REM REM REM REM N2 N2 N2 N2 N2 N2 N2 N2 N2 N2 N2 N2 N2 N2 N2 N2 N2 N2 N2 N2 N2 N2 N2 N2 N2 N2 N2 N2 N2 N2 N2 N2 N2 N2 N2 N2 N2 N2 N2 N2 N2 W W W W W W N1 N1 N1 W W N1 N1 W W N1 N2 N2 N2 N2 N2 N2 N2 N2 N2 N2 N2 N2 N2 N1 N1 N2 N2 N2 N2 N2 N2 N2 N2 N2 N2 N2 N2 N2 N2 N2 N2 N2 N2 N2 N2 N2 N2 N2 N2 N2 N2 N2 N2 N2 N2 N2 N2 N3 N2 N3 N3 N3 N3 N3 W W N1 W N1 N2 N2 N2 N2 N2 N2 N1 N2 REM REM REM REM REM REM REM REM REM REM REM REM REM REM REM REM REM REM REM REM REM REM REM REM REM REM REM REM REM REM REM REM REM REM REM REM REM REM REM REM REM REM REM REM REM REM REM REM REM REM REM REM REM REM REM REM REM REM REM REM REM REM REM REM REM REM REM REM REM REM REM REM REM REM REM N2 N2 W W W W W W W W W W W N1 N2 N2 N1 N2 N2 N2 N2 N2 N2 N2 N2 N2 N2 N2 N2 N2 N2 N2 N2 N1 N1 N2 N2 N2 N2 N2 N2 N2 N2 N2 N2 N2 N2 N2 N2 N2 N2 N2 N2 N1 N2 N2 N1 N1 N2 N2 N2 W W N1 W N1 N2 N2 N1 N2 W N1 REM REM REM REM REM REM REM REM W REM REM REM N1 N1 N1 N1 N1 N2 N1 W N1 N2 N1 N1 W N1 REM REM REM REM REM REM REM REM REM REM REM REM REM REM REM REM REM REM REM REM REM REM REM REM REM REM REM REM REM REM REM REM REM W REM REM REM W W W W W W W W W W W W W W W W W W W W W W W W W W W W W W W W W W W W W W W W W W W W W W W W W W W W W W W W W W W W,processed_sleepedf/spectral/SC4121E0-PSG_spectral.pt
processed_sleepedf/tensors/SC4122E0-PSG.pt,W W W W W W W W W W W W W W W W W W W W W W W W W W W W W W W W W W W W W W W W W W W W W W W W W W W W W W W W W W W W N1 N1 N1 N1 N1 N1 N1 N1 N1 N1 N1 N2 N2 N2 N2 N2 N2 N2 N2 N2 N2 N2 N2 N2 N2 N2 N2 N2 N2 N2 N2 N2 N2 N2 N2 N2 N2 N2 N2 N2 N2 N2 N2 N2 W W W N1 N1 N1 N1 N1 N1 REM REM REM REM REM REM REM REM REM REM REM REM REM N2 N2 N2 N2 N2 N2 N2 N2 N2 N2 N2 N2 N2 W W N1 N1 N1 N1 N1 N1 N1 N1 N2 N2 N2 N2 N2 N2 N2 N2 N2 N2 N2 N2 N2 N2 N2 N2 N2 N2 W W W W W W W W W W W W W W W W W W W W W W W W W W W W W W W W W W W W W W W W W W W W W W W W W W W W W W W W W W W W W W W W W W W W W W W W W W W W W W W W W W W W N1 W W W W W W W W W W W W W W W W W W W W W W W W W W W W W W W W W W W W W W W W W W W W W W W N1 N1 N1 N1 N1 W N1 W N1 N1 N1 N1 N1 N1 W N1 N1 N1 N1 N1 N1 N1 N2 N2 N2 N2 N2 N2 N2 N2 N2 N2 N2 N2 N2 N2 N2 N2 N2 N2 N2 N2 N2 N3 N2 N3 N3 N2 N3 N3 N3 N3 N3 N2 N2 N3 N3 N3 N3 N2 N3 N3 N3 N3 N2 N3 N2 N2 N2 N2 N2 N2 N1 N1 N1 N1 N1 N1 N1 N1 N1 N2 N2 N1 N2 N1 W W W N1 N1 N1 N1 N1 N2 N2 N2 N2 N2 N2 N2 N2 N2 N2 N2 N2 N2 N2 N2 N2 N2 N2 REM REM REM REM REM REM REM REM REM REM REM REM REM REM REM REM REM REM REM REM REM REM REM REM REM REM REM REM REM REM REM REM REM REM REM REM REM REM REM REM REM REM REM REM REM REM REM REM REM REM REM REM REM REM REM REM REM REM REM REM REM REM REM REM REM REM REM REM REM REM REM REM REM REM REM REM REM REM REM REM REM REM REM REM REM REM REM REM REM REM REM REM REM REM REM REM N1 N1 N1 N1 N1 N1 N1 N1 N2 W W N1 N2 N2 N2 N2 N2 N2 N2 N2 N2 N2 N2 N2 N2 N2 N2 N2 N2 N2 N2 N2 N2 N2 N2 N2 N2 N2 W W N1 W N1 N1 N2 N2 N2 N2 N2 N2 N2 N2 N2 N2 N2 N2 N3 N2 N3 N2 N3 N2 N3 N3 N3 N3 N3 N3 N3 N3 N3 N3 N3 N3 N3 N3 N3 N3 N3 N3 N3 N3 N3 N3 N3 N3 N3 N3 N3 N3 N3 N3 N3 N3 N3 N3 N3 N3 N3 N3 N3 N3 N3 N3 N3 N3 N3 N3 N3 N3 N3 N3 N3 N3 N3 N3 N3 N3 N3 N3 N3 N2 N2 N2 N2 N2 N2 N2 N2 N2 N2 N2 N2 N2 N2 N2 N2 N2 N2 N2 N2 N2 N2 N2 N2 N2 N2 N2 N2 N2 N2 N2 N2 N2 N2 N2 N2 N2 N1 N1 N2 N2 N2 W N1 N2 N2 N2 N2 N2 N2 N2 N2 N2 N2 N2 N2 N2 N2 N2 N3 N2 N2 N2 N2 N2 W N1 N2 N2 N2 N2 N2 N2 N2 N2 N2 N2 N2 N2 REM REM REM REM REM REM REM REM REM REM REM REM REM REM REM REM REM REM REM REM REM REM REM REM REM REM REM REM REM REM REM REM REM REM REM REM REM REM REM REM REM REM REM REM REM REM REM REM REM W N1 N1 N1 N2 N2 N2 REM REM REM REM REM REM REM REM REM REM REM REM REM REM REM REM N1 REM REM REM REM REM REM REM REM REM REM REM REM REM REM REM REM REM REM REM REM REM REM REM REM REM W N1 N1 N1 W N1 N1 N1 W N1 N1 N1 N2 W N1 N1 N2 N2 N2 N2 N2 N2 N2 N2 N2 N2 N2 N2 N2 N2 W N1 N1 W N1 N1 N1 N1 N1 W W N1 N2 N2 N2 W N2 N2 W N2 N2 N2 N2 N2 N2 N1 W N1 N1 W N1 N1 N1 N2 N2 N2 N1 N2 N2 N1 N2 N2 N2 N2 N2 N2 N2 N2 N2 N1 W N1 N1 N1 W W N1 N1 N1 N2 N2 N2 W W N1 N2 N2 N2 N2 W W W N1 N1 N1 N1 N1 N2 N2 N2 N2 N2 W W W W W W W W W W W W W W W W W W W W W W W W W W W W W W W W W W W W W W W W W W W W W W W W W W W W W W W W W W W W,processed_sleepedf/spectral/SC4122E0-PSG_spectral.pt
processed_sleepedf/tensors/SC4131E0-PSG.pt,W W W W W W W W W W W W W W W W W W W W W W W W W W W W W W W W W W W W W W W W W W W W W W W W W W W W W W W W W W W W N1 N1 N1 N1 N1 W W W N1 N1 N1 N1 N1 N1 N1 N2 N2 N2 N2 N2 N1 N1 N1 N1 N2 N2 N2 N2 N2 N2 N2 N2 N2 N2 N2 N2 N2 N2 N2 N2 N2 N2 N2 N2 N2 N2 N2 N2 N2 N2 N2 N2 N2 N2 N2 N2 N2 N2 N2 N2 N2 N2 N2 N2 N3 N3 N3 N3 N3 N3 N3 N3 N2 N3 N3 N3 N3 N3 N3 N3 N3 N3 N3 N3 W N2 N2 N2 N2 N2 N2 N2 N2 N2 N2 N2 N2 N2 N2 N2 N1 N2 N2 N2 N2 N2 N2 N1 N1 N1 N1 N1 N1 N1 W N1 N1 N2 N1 N1 N2 N2 N2 N2 N2 N2 N2 N2 N2 N2 N2 N2 N2 N2 N2 N2 N2 N1 N1 N1 N2 N2 N2 N2 N2 N2 N2 N2 N2 N2 N2 N2 N2 N2 N2 N2 N2 N2 N2 N2 N2 N2 N2 N2 N2 N2 N2 N2 N3 N2 N2 N2 N3 N3 N3 N3 N3 N3 N3 N3 N3 N3 N3 N3 N3 N3 N3 N3 N3 N3 N3 N3 N3 N3 N3 N3 N3 N3 N3 N3 N3 N3 N3 N3 N3 N3 N3 N3 N3 N3 N3 N3 N3 N3 N3 N3 N3 N3 N3 N3 N3 N3 N3 N3 N3 N3 N3 N3 N3 N3 N3 N3 N3 N3 N3 N3 N3 N3 N3 N3 N3 N3 N3 N3 N3 N3 N3 N3 N3 N3 N3 N3 N3 N3 N3 N3 N3 N3 N3 N3 N3 N3 N3 N3 N3 N3 N3 N3 N3 N3 N3 N3 N3 N3 N3 N3 N3 N3 N3 N3 N3 N3 N3 N3 N3 N3 N3 N3 N3 W W N2 N2 N2 N2 N2 N2 N2 N2 N2 N2 N2 N2 N2 W N2 N2 N2 N2 N2 N2 W N1 N2 REM REM REM REM REM N1 REM REM REM REM REM REM REM REM REM REM REM REM REM REM REM REM REM REM REM REM REM REM REM REM REM REM REM REM REM REM REM REM REM REM N1 N2 N2 N2 REM REM REM REM REM REM REM REM REM REM REM REM REM REM REM REM REM REM REM REM REM REM REM REM REM REM REM REM N2 N2 N2 REM REM REM N2 W N1 REM REM REM REM REM REM REM REM REM REM REM N2 N2 N2 N2 N2 N2 N2 N2 N2 N2 N2 N2 N1 N1 N1 N2 N2 N2 N2 N2 N2 N2 N2 N2 N2 N2 N2 N1 N2 N2 N2 N2 N2 N2 N2 N2 N2 N2 N2 N2 N2 N2 N2 N2 N2 N2 N2 N2 N2 N2 N2 N2 N2 N2 N2 N2 N2 N2 N2 N2 N2 N2 N2 N2 N2 N2 N2 N2 N2 N2 N2 N2 N2 N2 N2 N2 N2 N2 N2 N2 N2 N2 N2 N2 N2 N2 N2 N2 N2 W N2 W W W N2 N2 N1 N2 N2 N2 N2 W W W N1 N2 N2 N2 N2 N2 N2 N2 N2 N2 N2 N2 N2 N2 N2 N2 N2 N2 N2 N2 N2 N2 N2 N2 N2 N2 N2 N2 N2 N2 N2 N2 N2 N2 N2 N2 N2 N2 N2 N2 N2 W W N1 N2 N2 N2 N2 W N1 N1 N1 N2 N2 N2 N2 N2 N2 N2 N2 N2 N2 N2 N2 N2 N2 N2 N2 N2 W W W W W N1 N1 N1 N1 N2 N2 N2 N2 N2 N2 N2 N2 N2 N2 N2 N2 N2 N2 N2 N2 N2 N2 N2 N2 N2 N2 N2 N2 N2 N2 N2 N2 N2 N2 N2 N2 N2 N2 N2 N2 N2 N2 W W W W N2 N2 N2 N2 N2 N2 N2 N2 N2 N2 N2 N2 N2 N2 N2 N2 N2 N2 N2 REM REM REM REM REM REM REM REM REM REM REM REM REM REM REM REM REM REM REM REM REM REM REM REM REM REM REM REM REM REM REM N1 N1 REM N1 REM REM REM REM N1 REM REM REM REM REM REM REM REM REM REM REM REM REM REM REM REM REM REM REM REM REM REM REM REM REM REM REM REM REM REM REM REM REM N1 REM REM REM REM REM REM REM REM REM REM REM REM REM REM REM REM N2 N2 N2 N2 N2 N2 REM REM REM REM REM W N2 N2 N2 N2 N2 N2 N2 N2 N2 N2 N2 N2 N2 N2 N2 N2 N2 N2 N2 N2 N2 N2 REM N2 N2 N2 N2 N2 N2 N2 N2 N2 N2 N2 N2 N2 N2 N2 N2 N2 N2 N2 N2 N2 N2 N2 N2 N2 N2 N2 N2 N2 N2 N2 N2 N2 N2 N2 N2 N2 N2 N2 N2 N2 N2 N2 N2 N2 N2 N2 N2 N2 N2 N2 N2 N2 N2 N2 N2 N2 N2 N2 N2 N2 N2 N2 N2 N2 N2 N2 N3 N2 N3 N3 N3 N3 N3 N2 N2 N3 N2 N2 N3 N2 N3 N2 N2 N2 N3 N2 N2 N2 N2 N2 N2 N2 N2 N2 N2 N2 W W W W N1 N1 N2 N2 N2 N2 N2 N2 N2 N2 N2 N2 N2 N2 N2 N2 N2 N2 N2 N2 N2 N2 N2 N2 N2 N2 N2 W N1 N2 N2 N2 N2 W W W W W W W W W W W W W W W W W W W W W W W W W W W W W W W W W W W W W W W W W W W W W W W W W W W W W W W W W W W W,processed_sleepedf/spectral/SC4131E0-PSG_spectral.pt
processed_sleepedf/tensors/SC4141E0-PSG.pt,W W W W W W W W W W W W W W W W W W W W W W W W W W W W W W W W W W W W W W W W W W W W W W W W W W W W W W W W W W W W N1 N1 N1 W N1 N1 N2 N2 N2 N2 N2 N2 N1 N1 N1 N1 W W N1 N1 N1 N1 N2 N2 N1 N2 N2 N2 N2 N2 N2 N2 N2 N2 N2 N2 N2 N2 N2 N2 N2 N2 N2 N2 N2 N2 N2 N2 N2 N2 N2 N2 N2 N2 N2 N2 N3 N3 N3 N3 N3 N3 N3 N3 N3 N3 N3 N3 N3 N3 N3 N3 N3 N3 N3 N3 N3 N3 N3 N3 N3 N3 N3 N3 N3 N3 N3 N3 N3 N3 N3 N3 N3 N3 N3 N3 N3 N3 N3 N3 N3 N3 N3 N3 N3 N3 N3 N3 N2 N3 N2 N2 N3 N2 N2 N2 N2 N2 N2 N2 N2 N2 N2 N2 N2 N2 N2 N2 REM REM REM REM REM REM REM REM W REM REM REM REM REM REM REM REM REM REM N2 N2 N2 N2 N2 N2 N2 N2 N2 N2 N2 N2 W W W W W W W W W W N1 N1 N2 N2 N2 N2 N2 N2 N2 N2 N2 N2 N2 N2 N2 N2 N2 N2 N2 N2 N2 N1 N2 N2 N2 N2 N2 N2 N2 W W W W W N1 N2 N2 N2 N2 N2 N2 N2 N2 N2 N2 N2 N2 N2 W W W W W W W N1 N2 N2 N2 N2 N2 N2 N2 N2 N2 N2 N2 N2 N2 N2 N2 N2 N2 N2 N2 N2 N2 N2 N2 N2 N3 N2 N2 N2 N3 N2 N3 N3 N3 N2 N2 N3 N3 W N3 N2 N2 N2 N3 N3 N3 N3 N3 N3 N3 N3 N3 N3 N3 N3 N3 N3 N3 N3 N3 N3 N3 N3 N3 N3 N3 N3 N3 N3 N3 N3 N3 N3 N3 N3 N3 N3 N3 N3 N3 N3 N3 N3 N3 N3 N3 N3 N3 N3 N3 N3 N3 N3 N3 N3 N2 REM REM REM REM REM REM REM REM REM REM REM REM REM REM REM REM REM REM REM REM REM REM REM REM REM REM REM REM REM REM REM REM REM REM REM REM REM REM REM REM REM REM REM REM REM REM REM REM REM REM REM REM REM REM REM REM REM REM REM REM REM REM REM REM REM REM REM REM REM W W N2 N2 N2 N2 N2 N2 N2 N2 N2 N2 N2 N2 N2 N2 N2 N2 N2 N2 N2 N2 N2 N1 N1 N1 N2 N2 N2 N2 N2 N2 N2 N2 N2 N2 N2 N2 W W N1 N2 N2 N2 N2 N2 N2 N2 N2 N2 N2 N2 N2 N2 N2 N2 N2 N2 N2 N2 N2 N2 W W N2 N2 N2 N2 N2 N2 N2 N2 N2 N2 N2 N2 N2 N2 N2 N2 N2 N2 N2 W W W W W W W N2 N2 N2 N2 N2 N2 N2 N2 N2 N2 N2 N2 N2 N2 N2 N2 N2 N2 N2 N2 N2 N2 N2 N2 N2 N2 N2 N2 N2 N2 N2 N2 N2 N2 N2 N2 N2 N2 W W W W N1 N2 N2 N2 N2 W W W W W W N1 W W N2 N2 N2 REM REM REM REM REM REM REM REM REM REM REM REM REM REM REM REM REM REM REM REM REM REM REM REM REM REM W REM REM REM REM REM REM REM REM REM REM REM REM REM REM REM REM REM REM REM REM REM REM REM REM REM REM REM REM REM REM REM REM REM REM REM REM REM REM REM REM REM REM REM REM REM REM REM REM REM REM REM REM REM REM REM REM REM REM REM REM REM N2 N2 N2 N2 N2 N2 N2 N2 N2 N2 N2 N2 N2 N2 N2 N2 N2 N2 N2 N2 N2 N2 N2 N2 N2 N2 N2 N2 N2 N2 N2 N2 N2 N2 N2 N2 N2 N2 N2 N2 N2 N2 N2 N2 N2 N2 N2 N2 N2 N2 N2 N2 N2 N2 N2 N2 N2 N2 N2 N2 N2 N2 N2 N2 N2 N2 N2 N3 N3 N2 N3 N3 N2 N3 N3 N3 N3 N2 N3 N3 N3 N3 N3 N3 N3 N3 N3 N3 N3 N3 N3 N3 N3 N3 N3 N3 N3 N3 N3 N3 N3 N3 N3 N3 N3 N3 N3 W N1 N2 N2 N2 N2 N2 N2 N2 N2 N2 N2 N2 N2 N2 N2 REM W W REM REM REM REM REM REM REM REM REM REM REM REM REM REM REM REM REM REM REM REM REM REM REM REM REM REM REM REM REM REM REM REM REM REM REM REM REM REM REM REM REM REM REM REM REM REM REM REM REM REM REM REM REM REM REM REM REM REM N2 N2 N2 N2 N2 N2 N2 N2 N2 N2 N2 N2 N2 N2 N2 N2 N2 N2 N2 N2 N2 N2 N2 N2 N2 N2 N2 N1 N1 N2 N2 N2 N2 N2 N2 N2 N2 N2 N2 N2 N2 N2 N2 N2 N2 N2 N2 N2 N2 N2 N2 N2 N2 N2 N2 N2 N2 N2 N2 N2 N2 N2 W W W W W W W W W W W N1 W W W W W W W W W W W W W W W W W W W W W W W W W W W W W W W W W W W W W W W W W W W W W W W W W W W W W W W W W W W W,processed_sleepedf/spectral/SC4141E0-PSG_spectral.pt
processed_sleepedf/tensors/SC4142E0-PSG.pt,W W W W W W W W W W W W W W W W W W W W W W W W W W W W W W W W W W W W W W W W W W W W W W W W W W W W W W W W W W W W N1 N1 N1 N2 N2 N2 N2 N2 N2 N2 N1 N2 N2 N2 N2 N1 N2 N1 N2 N2 N2 N2 N2 N2 N2 N2 W N1 N1 W W N1 W N1 W W N1 N2 N2 N2 N2 N2 N2 N2 N2 N2 N2 W N1 N2 N2 N2 N2 N2 N2 N2 N2 N2 N2 N2 N2 N2 N2 N2 N2 N2 N3 N3 N2 N3 N3 N3 N3 N3 N3 N3 N3 N3 N3 N3 N3 N3 N3 N3 N3 N3 N3 N3 N3 N3 N3 N3 N3 N3 N3 N3 N3 N3 N3 N3 N3 N3 N3 N3 N3 N3 N3 N3 N3 N3 N3 N3 N3 N3 N3 N3 N2 N2 N2 N2 N2 N2 N2 N2 N2 N2 N2 N2 N2 N2 N2 N2 N2 N2 N2 N2 N2 N2 N2 N2 N2 N2 N2 N2 N2 N2 N2 N2 N2 N2 N2 N2 N2 REM REM REM N2 N2 N2 N2 N2 REM REM REM REM W W W W W W W W W W W W W W W W W W W W W N1 N2 N2 N2 N2 N2 N2 N2 N2 N2 N2 N2 N2 N2 N2 N2 N2 N2 N2 N2 N2 N2 N2 N2 N2 N2 N2 N2 N2 N2 N2 N2 N2 N2 N2 N2 N2 N2 N2 N2 N2 N2 N2 N2 N2 N2 N2 N2 N3 N2 N2 N3 N3 N2 N3 N3 N3 N3 N3 N3 N3 N3 N3 N3 N3 N3 N3 N3 N3 N3 N3 N3 N3 N3 N3 N3 N3 N3 N3 N3 N3 N3 N3 N3 N3 N3 N3 N3 N3 N3 N3 N3 N3 N3 N3 N3 N3 N3 N3 N3 N3 N3 N3 N3 N3 N3 N3 N3 N3 N3 N3 N3 N3 N3 N3 N3 N3 N3 N3 N3 N3 N3 N3 N3 N3 N3 N3 N3 N3 N3 N3 N3 N3 N3 N3 N3 N3 N3 N3 N3 N3 N3 N3 N3 W W W N2 N2 N2 N2 N2 N2 N2 REM REM REM REM REM REM REM REM REM REM REM REM REM REM REM REM REM REM REM REM REM REM REM REM REM REM REM REM REM REM REM REM REM REM REM REM REM REM REM REM REM REM REM REM REM REM REM REM REM REM REM REM REM REM REM REM REM REM REM REM REM REM REM REM REM REM REM REM REM REM REM N2 N2 N2 REM REM REM REM REM REM REM W REM N2 N2 N2 N2 N2 N2 N2 N2 N2 N2 N2 N2 N2 N2 N2 N2 N2 N2 N2 W W W W W W W W N2 N2 N2 N2 N2 N2 N2 N2 N2 N2 N2 N2 N2 N2 N2 N2 N1 N1 N2 W W N2 N2 N2 N2 N2 N2 N2 N2 N2 N2 N2 N2 N2 N2 W W N1 N1 N2 N2 N2 N2 N2 N2 N2 N2 N2 N2 N2 N2 N2 N2 N2 N2 N2 N2 N2 N2 N2 N2 N2 N2 N2 N2 N2 N2 N2 N2 N2 N2 N2 N2 N2 N2 N2 N2 N2 N2 N2 N2 N2 N2 N2 N2 N2 N2 N2 N2 N2 N2 N2 N2 N2 N2 N2 N2 N2 N2 N2 N1 N2 N2 N2 N2 N2 N2 N2 N2 N2 N2 N2 W W W W W W W W W W N1 N1 N2 N2 N2 N2 N2 N2 N2 N2 REM REM REM REM REM REM REM REM REM REM REM REM REM REM REM REM REM REM REM REM REM REM REM REM REM REM REM REM REM REM REM REM REM REM REM REM REM REM REM REM REM REM REM REM REM REM REM REM REM REM REM REM REM REM REM REM REM REM REM REM REM REM REM REM REM REM REM REM N2 N2 N2 N2 N2 N2 N2 N2 N2 N2 N2 N2 N2 N2 N2 N2 N2 N2 N2 N2 N2 N2 N2 N2 N2 N2 N2 N2 N2 N2 N2 N2 N2 N2 N2 N2 N2 N2 N2 N2 N2 N2 N2 N2 N2 N2 N2 N2 N2 N2 N2 N2 N2 N2 N2 N2 N2 N2 N2 N2 N2 N2 N2 N2 N2 N2 N2 N3 N2 N2 N3 N2 N2 N2 N2 N3 N2 N2 N2 N2 N2 N2 N2 N2 N2 N2 N2 N2 N2 N2 REM REM REM REM REM REM REM REM REM REM REM REM REM REM REM REM REM REM REM REM REM REM REM REM REM REM REM REM REM REM REM REM REM REM REM REM REM REM REM REM REM REM REM REM REM REM REM REM W W W W W N1 N2 N2 N2 N2 N2 N2 N2 N2 N2 N1 N1 N1 N2 REM REM REM REM REM REM REM REM REM REM REM W N1 N1 N2 N2 N2 N1 N2 N2 W N2 N2 N2 N2 W W W W W W W W W W W W W W W W W W W W W W W W W W W W W W W W W W W W W W W W W W W W W W W W W W W W W W W W W W W W,processed_sleepedf/spectral/SC4142E0-PSG_spectral.pt
processed_sleepedf/tensors/SC4151E0-PSG.pt,W W W W W W W W W W W W W W W W W W W W W W W W W W W W W W W W W W W W W W W W W W W W W W W W W W W W W W W W W W W W N1 W N1 N1 N1 N1 N2 N2 N1 N1 N1 N2 N2 N2 N2 N2 N2 N2 N2 N2 N2 N2 W W W W W W W W N1 N1 N1 N2 N2 N2 N2 N2 N2 N2 N2 N2 N2 N2 N2 N2 N2 N2 N2 N2 N2 N2 N2 N2 N2 N2 N2 N2 N2 N2 N2 N2 N2 N2 N2 N2 N2 N2 N2 N2 N2 N2 N2 N3 N3 N3 N3 N3 N3 N3 N3 N3 N3 N3 N3 N3 N3 N3 N3 N3 N2 N2 N2 N2 N2 N2 N2 N2 N3 N2 N2 N3 N3 N3 N2 REM REM REM REM REM REM REM REM REM REM REM REM REM REM REM REM REM REM REM REM REM REM REM REM N2 N2 N2 N2 N2 N2 N2 N2 N2 N2 N2 N2 N2 N2 N2 N2 N2 N2 N2 N2 N2 N2 N2 N2 N2 N2 N2 N2 N2 N2 N2 N2 N2 N2 N2 N2 N2 N2 N2 N2 N2 N2 N2 N2 N3 N2 N2 N3 N3 N3 N3 N3 N3 N3 N3 N3 N3 N2 N3 N3 N3 N3 N3 N3 N3 N3 N3 N3 N3 N3 N3 N3 N3 N3 N3 N2 N2 N3 N2 N3 N3 N3 N3 N3 N3 N3 N3 N3 N3 N3 N3 N3 N3 N3 N3 N3 N3 N3 N3 N3 N3 N3 N3 N3 N3 N3 N3 N3 N3 N3 N3 N3 N3 N3 N3 N3 N3 N3 N3 N3 N3 N3 N3 N3 N3 N3 N3 N3 N3 N3 N3 N3 N3 N2 N3 N3 N2 N2 REM REM REM REM REM REM REM REM REM REM REM REM REM REM REM REM REM REM REM REM REM REM REM REM REM REM REM REM REM REM REM REM REM REM REM REM REM REM REM REM REM REM REM REM REM REM REM REM N2 N2 N2 N2 N2 N2 N2 N2 N2 N2 N2 N2 N2 N2 N2 N2 N2 N2 N2 N2 N2 N2 N2 N2 N2 N2 N2 N2 N2 N2 N2 N2 N2 N2 N2 N2 N2 N2 N2 N2 N2 N2 N2 N2 N2 N2 N2 N2 N2 N2 N2 N2 N2 N2 N2 N2 N2 N2 N2 N2 N2 N1 W W W W W W W W W W W W W W W W W W W N1 N1 N1 N1 W N1 N1 N1 N2 N2 N2 N2 N2 N2 N2 N2 N2 N2 N2 N2 N2 N2 N2 N2 N2 N2 N2 N2 N2 N2 N2 N2 N2 N2 N2 N2 N2 N2 N2 N2 N2 N2 N2 N2 N2 N2 N2 N2 N2 N2 N2 N2 N2 N2 N2 N2 N2 N2 N3 N2 N2 N3 N2 N3 N3 N3 N3 N3 N3 N3 N3 N3 N2 N3 W W N1 N2 N2 N2 N2 N2 N2 N2 N2 N2 N1 N1 N1 N2 N2 N2 N2 N2 N2 N2 N2 N2 N2 N2 N1 N1 N2 REM REM REM REM REM REM REM REM REM REM REM REM REM REM REM REM REM REM REM REM REM REM REM REM REM REM REM REM REM REM REM REM REM REM REM REM REM REM REM REM REM REM REM REM REM REM REM REM REM REM REM REM REM REM REM REM REM REM REM REM REM REM REM REM REM REM REM REM REM REM REM REM REM REM REM REM REM REM REM REM REM REM REM REM REM REM REM REM REM REM REM REM REM REM REM REM REM REM REM REM REM REM REM REM REM REM REM REM REM REM REM REM REM N2 N2 N2 N2 N2 N2 N2 N2 N2 N2 N2 N2 N2 N2 N2 N2 N2 N2 N2 N2 N2 N2 N2 N2 N2 N2 N2 N2 N2 N2 N2 N2 N2 N2 N2 N2 N2 N2 N2 N2 N2 N2 N2 N2 N2 N2 N2 N2 N2 N2 N2 N2 N2 N2 N2 N2 N2 N2 N2 N2 N2 N2 N3 N2 N2 N3 N3 N3 N3 N2 N2 N3 N3 N3 N2 N3 N3 N3 N2 N3 N3 N3 N3 N3 N3 N3 N3 N3 N3 N3 N3 N3 N3 N3 N3 N3 N3 N3 N3 N3 N3 N3 N3 N3 N3 N3 N3 N3 N3 N3 N3 N3 N3 N3 N3 N3 N3 N3 N3 N3 N3 N3 N3 N3 N3 N3 N3 N2 N2 N2 N2 N2 REM REM REM REM REM REM REM REM REM REM REM REM REM REM REM REM REM REM REM REM REM REM REM N1 N1 N1 N1 N2 N2 N2 N2 N2 N2 N2 N2 N2 N2 N2 N2 N2 N2 N2 N2 N2 N2 N2 N2 N2 N2 N2 N2 N2 N2 N2 N2 W W W W W W W W W W W W W W W W W W W W W N1 N1 N1 N1 N1 N1 N1 N1 N1 N1 N1 N1 W W W W W W W W W W W W W W W W W W W W W W W W W W W W W W W W W W W W W W W W W W W W W W W W W W W W W W W W W W W W,processed_sleepedf/spectral/SC4151E0-PSG_spectral.pt
processed_sleepedf/tensors/SC4152E0-PSG.pt,W W W W W W W W W W W W W W W W W W W W W W W W W W W W W W W W W W W W W W W W W W W W W W W W W W W W W W W W W W W W N1 N1 N2 N2 N2 N2 N2 N2 N2 N2 N2 N2 N2 N2 N2 REM REM REM REM REM REM N1 N1 N1 N1 N1 N2 N2 N2 N2 N2 N2 N2 N2 N2 N2 N2 N2 N2 N2 N2 N2 N2 N2 N2 N2 N2 N2 N2 N2 N2 N2 N2 N2 N2 N2 N2 W W W W W W W W W W W W W W W W W W W W W W W W W W W W W W W W W W W W W W W W W W W W W W W W W W W W W W W W W W W W W W W W W W W W W W W W W W W W W W W W W W W W W W W W W W W W W W W W W W W W W W W W W W W W W W W W W W W W W W W W W W W W W W W W W W W W W W W W W W W W W W W W W W W W W W W W W W W W W W W W W W W W W W W W W W W W W W W W W W W W W W W W W W W W W W W W W W W W W W W W W W W W W W W W W W W W W W W W W W W W W W W W W W W W W W W W W W W W W W W W W W W W W W W W W W W W W W W W W W W W W W W W W W W W W W W W W W W W W W W W W W W W W W W W W W W W W W W W W W W W W W W W W W W W W W W W W W W W W W W W W W W W W W W W W W W W W W W W W W W W W W W W W W W W W W W W W W W W W W W W W W W W W W W W W W W W W W W W W W W W W W W W W W W W W W W W W W W W W W W W W W W W W W W W W W W W W W W W W W W W W W W W W W W W W W W W W W W W W W W W W W W W W W W W W W W W W W W W W W W W W W W W W W W W W W W W W W W W W W W W W W W W W W W W W W W W W W W W W W W W W W W W W W W W W W W W W W W W W W W W W W W W W W W W W W W W W W W W W W W W W W W W W W W W W W W W W W W W W W W W W W W W W W W W W W W W W W W W W W W W W W W W W W W W W W W W W W W W W W W W W W W W W W W W W W W W W W W W W W W W W W W W W W W W W W W W W W W W W W W W W W W W W W W W W W W W W W W W W W N1 N1 N1 N1 N1 N1 N1 N1 N2 N2 N2 N2 N2 N2 N2 N2 N2 N2 N2 N2 N2 N2 N2 N2 N2 N2 N2 N2 N2 N2 N2 N2 N2 N2 N2 N2 N2 N3 N2 N2 N2 N2 N3 N2 N3 N3 N3 N3 N2 N3 N3 N3 N2 N3 N3 N3 N3 N3 N3 N3 N3 N3 N3 N3 N3 N3 N3 N3 N3 N3 N3 N3 N3 N3 N3 N3 N3 N3 N3 N3 N3 N3 N3 N3 N3 N3 N3 N3 N3 N3 N3 N3 N3 N3 N3 N3 N3 N3 N3 N3 N3 N3 N3 N3 N3 N3 N3 N3 N3 N3 N3 N3 N3 N3 N3 N3 N3 N3 N3 N3 N3 N3 N3 N3 N3 N3 N3 N3 N3 N3 N3 N3 N3 N3 N3 N3 N3 N3 N3 N3 N3 N3 N3 N2 REM REM REM REM REM REM REM REM REM REM REM REM REM REM REM REM REM REM REM REM REM REM REM REM REM REM REM REM REM REM REM REM REM REM REM REM REM REM REM REM REM REM REM N2 N2 N2 N2 N2 N2 N2 N2 N2 N2 N2 N2 N2 N2 N2 N2 N2 N2 N2 N2 N2 N2 N2 N2 N2 N2 N2 N2 N2 N2 N2 N2 N2 N2 N2 N2 N2 N2 N2 N2 N2 N2 N2 N2 N2 N2 N2 N2 N2 N2 N2 N2 N2 N2 N2 N2 N2 N2 N2 N2 N2 N2 N2 N2 N2 N2 N3 N3 N3 N3 N3 N3 N3 N3 N3 N3 N3 N3 N3 N3 N3 N3 N3 N3 N3 N3 N3 N3 N3 N3 N3 N2 N2 N2 N2 N2 N2 N2 N2 N2 N2 N2 N2 N2 N2 N3 N3 N2 N2 N2 N2 N2 N2 N3 N2 N2 N2 N2 N3 N3 N3 N3 N2 N3 N3 N3 N3 N3 N3 N2 N2 REM REM REM REM REM REM REM REM REM REM REM REM REM REM REM REM REM REM REM REM REM REM REM REM REM REM REM REM REM REM REM REM REM REM REM REM REM REM REM REM REM REM REM REM REM REM REM REM REM REM REM REM REM REM REM REM REM REM REM REM REM REM REM REM REM REM REM REM REM REM REM REM REM REM REM REM REM REM REM REM REM REM REM REM REM REM REM REM REM REM REM REM REM N2 N2 N2 N2 N2 N2 N2 N2 N2 N2 N2 N2 N2 N2 N2 N2 N2 N2 N2 N2 N2 N2 N2 N2 N2 N2 N2 N2 N2 N2 N2 N2 N2 N2 N2 N2 N2 N2 N2 N2 N2 N2 N2 N2 N2 N2 N2 N2 N2 N2 N2 N2 N2 N2 N2 N2 N2 N2 N2 N2 N2 N2 N2 N2 N2 N2 N2 N2 N2 N2 N2 N2 N2 N2 N3 N2 N2 N2 N3 N2 N3 N3 N2 N3 N3 N3 N3 N3 N3 N3 N3 N3 N3 N3 N3 N3 N3 N3 N3 N3 N3 N3 N3 N3 N3 N3 N3 N3 N3 N3 N3 N3 N3 N3 N3 N3 N3 N3 N3 N2 N2 N2 N2 N2 N2 N2 N2 N2 N2 REM REM REM REM REM REM REM REM REM REM REM REM REM REM REM REM REM REM REM REM REM REM REM REM REM REM REM REM REM REM REM REM REM REM REM REM N2 N2 N2 N2 N2 N2 N2 N2 N2 N2 N2 N2 N2 N2 N2 N2 N2 N2 N2 N2 N2 N2 N2 N2 N2 N2 N2 N2 N2 N2 N2 N2 N2 N2 N2 N2 N2 N2 N2 N2 N2 N2 N2 N2 N2 N2 N2 N2 N2 N2 N2 N2 N2 N2 N2 N2 N2 N2 N3 N2 N2 N2 N2 N2 N2 N2 W W W W W W W W W W N1 N1 N1 N1 N1 N1 N1 N2 N2 N2 N2 N2 N2 N2 N2 N2 N2 N2 N2 N2 N2 N2 N2 N2 N2 N2 N2 N2 N2 N2 N2 N2 N2 N2 N2 N2 N2 N2 N2 N2 N2 N2 N2 N2 N2 N2 N2 N2 N2 REM REM REM REM REM REM REM REM REM REM REM REM REM REM REM REM REM REM REM REM REM REM REM REM REM REM REM REM REM REM REM REM REM REM REM REM REM REM REM REM N2 N2 REM REM REM REM REM REM REM REM REM REM REM REM REM REM REM REM REM REM REM REM REM REM REM REM REM REM REM REM REM REM REM REM REM REM REM REM REM REM REM REM REM REM REM REM REM REM REM REM REM REM REM REM REM REM REM REM REM REM REM REM REM REM REM REM REM REM REM REM REM REM REM REM REM REM N2 N2 N2 N2 N2 N2 N2 N2 N2 N2 N2 N2 N2 N2 N2 N2 N2 N2 N2 N2 N2 N2 N2 N2 N2 N2 N2 N2 N2 N2 N2 N2 N2 N2 N2 N2 N2 N2 W W W W N1 N1 N1 N2 N2 N2 N2 N2 N2 N2 N2 N2 N2 W W W W W W N1 N1 N1 N1 N1 N1 N1 N1 N1 N1 N2 N2 N2 W W W W W W N1 N1 N1 N1 N1 N1 N1 N1 N2 N2 N2 N2 N2 W W W N1 N1 N1 N1 N2 N2 N2 N2 N2 N2 N2 N2 N2 N2 W W W W W W W W W W W W W W W W W W W W W W W W W W W W W W W W W W W W W W W W W W W W W W W W W W W W W W W W W W W W,processed_sleepedf/spectral/SC4152E0-PSG_spectral.pt
processed_sleepedf/tensors/SC4161E0-PSG.pt,W W W W W W W W W W W W W W W W W W W W W W W W W W W W W W W W W W W W W W W W W W W W W W W W W W W W W W W W W W W W N1 N1 N1 N1 N1 N2 N2 N2 N2 W N1 N2 N2 N2 N1 N1 N2 N2 N2 N2 N2 N2 N2 N2 N2 N2 N2 N2 N2 N2 N2 N2 N2 N3 N3 N2 N2 N2 N3 N3 N3 N2 N2 N3 N3 N3 N3 N3 N3 N2 N2 N2 N2 N3 N3 N3 N3 N3 N3 N3 N3 N3 N3 N3 N3 N3 N3 N3 N3 N3 N3 N3 N3 N3 N3 N3 N3 N3 N3 N3 N3 N3 N3 N3 N3 N3 N3 N3 N3 N3 N3 N3 N3 N3 N3 N3 N3 N3 N3 N3 N3 N3 N3 N2 N1 N1 N2 N2 N2 N2 N2 N2 N2 N2 N2 N2 N2 N2 N2 N2 N2 N2 N2 N2 N2 REM REM REM REM REM REM REM REM REM REM REM REM REM REM REM REM REM REM REM REM REM REM REM REM REM REM REM REM REM REM REM REM REM N2 N2 N2 N2 N2 N2 N2 N2 N2 N2 N2 N2 N2 N2 N2 N2 N2 N1 N2 N2 N2 N2 N2 N2 N2 N2 N2 N2 N2 N2 N2 N2 N2 N2 N2 N3 N2 N2 N2 N2 N2 N2 N2 N2 N2 N2 N2 N2 N2 N2 N2 N2 N2 N2 N2 N2 N2 N2 N2 N2 N2 N2 N2 N2 N2 N3 N2 N2 N3 N3 N3 N2 N3 N3 N2 N3 N3 N3 N3 N2 N3 N3 N2 N2 N3 N3 N3 N3 N3 N3 N3 N3 N3 N3 N3 N3 N3 N3 N3 N3 N3 N3 N3 N3 N3 N3 N3 N3 N3 N3 N3 N3 N3 N3 N3 N3 N3 N3 N3 N3 N3 N3 N3 N3 N3 N3 N3 N3 N3 N3 N3 N3 N3 N2 N2 N2 N2 N2 N2 N2 N2 N2 N2 N2 N2 N2 N2 N2 N2 N2 N2 N2 N2 N2 N2 N2 N2 REM REM REM REM REM REM REM REM REM REM REM REM REM REM REM REM REM REM REM REM REM REM REM REM REM REM REM REM REM REM REM REM REM REM REM REM REM REM REM REM REM REM REM REM REM REM REM REM REM REM REM REM REM REM REM REM REM REM REM REM REM REM REM REM REM N1 N2 N2 N2 N2 N2 N2 N2 N2 N2 N2 N2 N2 N2 N2 N2 N2 N2 N2 N2 N2 N2 N2 N2 N2 N2 N2 N2 N2 N2 N2 N2 N2 N2 N2 N2 N2 N2 N2 N2 N2 N2 N3 N2 N2 N2 N2 N2 N2 N2 N2 N2 N3 N2 N2 N3 N3 N3 N3 N3 N3 N3 N3 N2 N2 N2 N2 N2 N2 N3 N2 N3 N3 N3 N2 N2 N3 N3 N3 N3 N3 N3 N3 N3 N3 N3 N3 N3 N3 N3 N3 N3 N3 N3 N2 N3 N2 N2 N2 N2 N2 N2 N2 N2 N2 N2 N2 N2 N2 N2 N2 REM REM REM REM REM REM REM REM REM REM REM REM REM REM REM REM REM REM REM REM REM REM REM REM REM REM REM REM REM REM REM REM REM REM REM REM REM REM REM REM REM REM REM REM N2 N2 N2 N2 N2 N2 N2 N2 N2 N2 N2 N2 N2 N2 N2 N2 N2 N2 N2 N2 N2 N2 N2 N2 N2 N2 N2 N2 N2 N2 N2 N2 N2 N2 N2 N2 N2 N2 N2 N2 N2 N2 N2 N2 N2 N2 N2 N2 N2 N2 N2 N2 N2 N2 N2 N2 N2 N2 N2 N2 N2 N2 N2 N2 N2 N2 N2 N2 N2 N2 N2 N2 N2 N2 N2 N2 N2 N2 N2 N2 N2 N2 N2 N2 N3 N2 N2 N2 N2 N3 N3 N2 N3 N3 N2 N2 N2 N2 N2 N2 N2 N2 N2 N2 N2 N2 N2 N2 N2 N2 N2 N2 N2 N2 N2 N3 N2 N2 N2 N2 N2 N2 N2 N2 N3 N2 N3 N2 N3 N2 N2 N2 N2 N2 N2 N2 N2 N2 N2 N2 N2 N2 N2 REM REM REM REM REM REM REM REM REM REM REM REM REM REM REM REM REM REM REM REM REM REM REM REM REM REM REM REM REM REM REM REM REM REM REM REM REM REM REM REM REM REM REM REM REM REM N1 W N1 N1 N1 N1 N1 N1 N1 W W W W W W W N1 N1 N1 N1 W W N1 W W N1 N1 W W W W W W N1 N1 N1 N1 N1 W W W W W W N1 W W N1 W W W N1 W W W W W W W W W W W W W W W W W W W W W W W W W W W W W W W W W N1 W W W W W W W W W W W W W W W W W W N1 N1 N1 W W W W W W W W W W N1 N1 N1 W W W W W N1 N1 N1 N1 N1 N1 N1 N1 N1 N2 N2 N2 N2 N2 N2 N2 N2 N2 N2 N2 N2 N2 N2 N2 N2 N2 N2 N2 N2 N2 N2 N2 N2 N2 N2 N2 N2 N2 N2 N2 N2 N2 N2 N2 N2 N2 N2 N2 N2 N2 N2 N2 N2 N2 N2 N2 N2 N2 N2 N2 N2 N2 N2 N2 N2 N2 REM REM REM REM REM REM REM REM REM REM REM REM REM REM REM REM REM REM REM REM REM REM REM REM N2 N2 N2 N1 N1 N1 N2 N2 N2 N2 N2 N2 N2 N2 N2 N2 N2 N2 N2 N1 N2 N2 N2 N2 N2 N2 N2 REM REM REM REM N2 N2 N2 N2 N2 N2 N2 N2 N2 N2 REM REM REM REM REM REM REM REM REM REM REM REM REM REM REM REM REM REM REM REM REM REM REM REM REM REM REM REM REM REM REM REM REM REM REM REM REM REM REM REM REM REM REM REM W W W W W W W W W W W W W W W W W W W W W W W W W W W W W W W W W W W W W W W W W W W W W W W W W W W W W W W W W W W W,processed_sleepedf/spectral/SC4161E0-PSG_spectral.pt
processed_sleepedf/tensors/SC4162E0-PSG.pt,W W W W W W W W W W W W W W W W W W W W W W W W W W W W W W W W W W W W W W W W W W W W W W W W W W W W W W W W W W W W N1 N1 W W W W W W W W W W W W W W W W W W W W W W W W W W W W W W W W W W W W W W W W W W W N1 N1 N1 N1 N2 N2 N1 N1 N2 N1 W W W W W W W N1 N1 N2 N2 N2 N2 N2 N2 N2 N2 N2 N2 N2 N2 W W N1 N2 W N1 N1 N2 N2 N2 N2 N2 N2 N2 N2 N2 N2 N2 N2 N2 N2 N3 N2 N2 N3 N3 N3 N3 N3 N3 N3 N3 N3 N3 N3 N3 N2 N3 N3 N3 N3 N3 N3 N3 N3 N3 N3 N3 N3 N3 N3 N3 N3 N3 N3 N3 N3 N3 N3 N3 N3 N3 N3 N3 N3 N3 N3 N3 N3 N3 N3 N3 N3 N3 N3 N2 N2 N1 N1 N2 N2 N2 N2 N2 N2 N2 N2 N2 N2 N2 N2 N2 N2 N2 N2 N2 REM REM REM REM REM REM REM REM REM REM REM REM REM REM REM REM REM REM REM REM REM REM REM REM REM N2 N2 N2 N2 N2 N2 N2 N2 N2 N2 N2 N2 N2 N2 N2 N2 N2 N2 N2 N2 N2 N2 N2 N2 N3 N2 N3 N3 N2 N2 N2 N2 N2 N2 N2 N2 N3 N3 N2 N3 N3 N3 N3 N3 N3 N3 N2 N2 N2 N2 N2 N2 N2 N2 N2 N3 N3 N3 N3 N3 N3 N3 N3 N3 N3 N3 N3 N3 N3 N3 N3 N2 N2 N3 N2 N3 N2 N2 N2 N2 N2 N2 N2 N2 N2 N2 N2 N2 N2 N2 N2 N2 N2 N2 N2 N2 N3 N3 N3 N3 N2 N2 N2 N2 N2 N3 N3 N3 N3 N3 N2 N3 N2 N2 N3 N2 N2 N3 N3 N3 N2 N2 N2 N2 N2 N2 N2 N2 N2 N2 N2 N2 N2 N2 REM REM REM REM REM REM REM REM REM REM REM REM REM REM REM REM REM REM REM REM REM REM REM REM REM REM REM REM REM REM REM REM REM REM REM REM REM REM REM REM REM REM REM REM REM REM N2 N2 N2 N2 REM N2 N2 N2 N2 N2 N2 N2 N2 N2 N2 N2 N2 N2 N2 N2 N2 N2 N2 N2 N2 N2 N2 N2 N2 N2 N2 N2 N2 N2 N2 N2 N2 N2 N2 N2 N2 N2 N2 N2 N2 N2 N2 N2 N2 N2 N3 N3 N2 N3 N3 N2 N2 N2 N2 N2 N2 N2 N2 N3 N2 N2 N2 N2 N2 N2 N2 N2 N3 N3 N3 N3 N3 N3 N3 N3 N3 N3 N3 N2 N3 N2 N2 N2 N2 N2 N2 N2 N2 N2 N2 N2 N2 N2 N2 N2 N2 N2 N2 N2 N2 N2 N2 N2 N2 N2 N2 N2 N2 N2 N2 N2 N2 N2 N2 REM REM REM REM REM REM REM REM REM REM REM REM REM REM REM REM REM REM REM N2 N2 N2 N2 N2 N2 N2 N2 N2 N2 N2 N2 N2 N2 N2 N2 N2 N2 N2 N2 N2 N2 N2 N1 N1 N1 N1 N1 N1 N1 N1 N1 N1 N1 N1 N2 N2 N2 N2 N2 N2 N2 N2 N2 N2 N2 N2 W W N1 N1 N2 N2 N2 N2 N2 N2 N2 N2 N2 N2 N2 N2 N2 N2 N2 N2 N2 N2 N2 N2 N2 N2 N2 N2 N2 N2 N2 N2 N2 N2 N2 N2 N2 N2 N2 N2 N2 N3 N2 N2 N2 N2 N2 N2 N2 N2 N3 N2 N2 N2 N2 N2 N3 N2 N2 N2 N2 N2 N2 N2 N2 N3 N2 N2 N2 N3 N3 N3 N2 N3 N3 N3 N2 N2 N2 N2 N2 N2 N2 N2 N2 N2 N2 REM REM REM REM REM REM REM REM REM REM REM REM REM REM REM REM REM REM REM REM REM REM REM REM REM REM REM REM REM REM REM REM REM REM REM REM REM REM REM REM REM REM REM REM REM REM REM REM REM REM REM REM REM REM REM REM REM REM REM REM REM REM REM REM REM REM REM REM REM REM REM REM REM REM REM REM REM REM REM REM REM REM REM REM REM REM REM REM REM REM REM REM REM N2 N2 N2 N2 N2 N2 N2 N2 N2 N2 N2 N2 N2 N2 N2 N2 N2 N2 N2 N2 N2 N2 N2 N2 N2 N2 N2 N2 N2 N2 N2 N2 N2 N2 N2 N2 N2 N2 N2 N2 N2 N2 N2 N2 N2 N2 N2 N2 N2 N2 N2 N2 N2 N2 N2 N2 N2 N2 N2 N2 N2 N2 N2 N2 N2 N2 N2 N2 N2 N2 N2 N2 N3 N3 N3 N3 N2 N2 N3 N2 N2 N3 N2 N2 N2 N2 N2 N2 N2 N2 N2 W W W W N1 N1 N1 N1 N2 N2 N2 N2 N2 N2 N2 N2 REM REM REM REM REM REM REM REM REM REM REM N1 N2 N2 N1 N1 N1 N2 N2 N2 N2 N2 N2 N2 N2 N1 N1 N1 N2 N2 N2 N2 N2 N1 W W W W W W W W W W W W W W W W W W W W W W W W W W W W W W W W W W W W W W W W W W W W W W W W W W W W W W W W W W W W,processed_sleepedf/spectral/SC4162E0-PSG_spectral.pt
processed_sleepedf/tensors/SC4171E0-PSG.pt,W W W W W W W W W W W W W W W W W W W W W W W W W W W W W W W W W W W W W W W W W W W W W W W W W W W W W W W W W W W W N1 W N1 N1 N1 N2 N2 N2 N2 N2 N2 N2 N2 N2 N2 N2 N2 N2 N2 N2 N2 N2 N2 N2 N3 N3 N3 N2 N3 N3 N3 N3 N3 N2 N3 N3 N3 N3 N2 N3 N3 N3 N3 N3 N3 N3 N3 N3 N3 N3 N3 N3 N3 N3 N3 N3 N3 N3 N3 N3 N3 N3 N3 N3 N3 N3 N3 N3 N3 N3 N3 N3 N3 N3 N3 N3 N3 N3 N3 N3 N3 N3 N3 N3 N3 N3 N3 N3 N3 N3 N3 N3 N3 N3 N3 N3 N3 N3 N3 N3 N3 N3 N3 N3 N3 N3 N3 N3 N3 N3 N3 N3 W N3 N3 N1 N2 N3 N2 N2 N2 N3 N2 N2 N2 N3 N2 N3 N2 N3 N2 N3 N2 N2 N2 W W W N1 N2 N2 N2 N2 N2 N2 N2 N2 N2 N2 N2 N2 N2 N2 N2 N2 N3 N3 N3 N3 N2 W W N1 N2 N2 N2 N2 N2 N2 N2 N3 N2 N2 N3 N3 N2 N2 N3 N3 N3 N2 N3 N2 N2 N2 N2 N2 N2 N3 N3 N3 N3 N3 N3 N3 N3 N3 N3 N3 N3 N3 N3 N3 N3 N3 N2 N3 N2 N2 N2 N3 N2 N2 N3 N3 N2 N3 N2 N3 N2 N2 N2 N2 N2 N3 N3 N3 N3 N3 N3 N3 N3 N3 N2 N2 N2 N3 N2 N2 N2 N2 N3 N3 N2 N2 N2 N3 N2 N2 N2 N2 N2 N2 N2 N2 N2 N2 N2 N2 N2 N2 N2 N2 N2 N2 N3 N2 N3 N3 N3 N3 N3 N3 N3 W W W W W N3 N3 N1 N2 N2 N2 N2 N2 N2 N2 N2 N2 N3 N2 N2 N2 N2 N2 N2 N2 N2 W W N2 N2 N2 N2 N2 N2 N2 N2 N2 N2 N2 N2 N2 N2 N2 N3 N3 N2 N2 REM REM REM REM REM REM REM REM REM REM REM REM REM REM REM REM REM REM REM REM REM REM REM REM REM REM REM REM REM REM REM REM REM REM REM REM REM REM REM REM REM REM REM REM REM REM REM REM REM REM REM REM REM REM REM REM REM REM REM REM REM REM REM REM REM REM REM REM REM REM REM REM REM REM REM REM REM REM REM REM REM REM REM REM REM REM REM REM REM REM REM REM N2 N2 N2 N2 N2 N2 N2 N2 N2 N2 N2 N2 N2 N2 N2 N2 N2 N2 N2 N2 N2 N2 N2 N2 N2 N2 N2 N2 N2 N2 N2 N2 N2 N2 N2 N3 N3 N2 N2 N3 N2 N2 N2 N2 N2 N2 N2 N3 N3 N3 N3 N3 N3 N3 N3 W W W W N2 N2 W W W N1 N2 N2 N2 N2 N2 N2 N2 N2 N2 N2 N2 N2 N2 N2 N2 N2 N2 N2 N2 N2 N3 N3 N2 N3 N3 N2 N3 N3 N3 N3 N3 N2 N2 N2 N2 W N1 N2 N2 N2 N2 N2 N2 N2 N2 N2 N1 N2 N2 N2 N2 N2 N2 N2 N2 N2 N2 N2 N2 N2 N2 N2 N2 N2 N2 N2 N2 N2 N2 N2 N3 N3 N2 N3 N3 N3 N3 N3 N3 N3 N3 N3 N3 N3 N3 N3 N3 N3 N3 N3 N3 N3 N2 N3 N3 N3 N3 N3 N3 N3 N3 N3 N3 N3 N3 N2 N2 N2 N3 REM REM REM REM REM REM REM REM REM REM REM REM REM REM REM REM REM W REM REM REM REM REM REM REM REM W REM REM REM REM REM REM REM REM REM REM REM REM REM REM REM REM REM REM REM REM REM REM REM REM REM W REM REM REM REM REM REM REM REM REM REM REM REM REM REM W REM REM REM REM REM REM REM REM W W W W W W W W W W W W W W W W N1 N1 N1 W W W W N1 N1 N1 N2 N2 N2 N2 N2 N2 N2 N2 N2 N2 N2 N2 N2 N2 N2 N2 N2 N2 N2 N2 N2 N2 N2 N2 N2 N2 N2 N2 N2 N2 N2 N2 N2 N2 N2 N2 N2 N2 N2 N2 W W N1 W W N1 N2 N2 N2 N2 N2 N2 N2 N2 N2 N2 N2 N2 N2 N2 N2 N2 N2 N2 N2 N2 N2 N2 N2 N2 N3 N2 N2 N2 N3 N2 N3 N3 N1 N2 N2 N2 N3 N2 N3 N1 N2 N3 N3 REM REM REM REM W W REM REM REM REM REM REM REM REM REM REM REM REM REM REM REM REM REM REM REM REM REM REM REM REM REM REM REM REM REM REM REM REM REM REM REM REM REM REM REM W REM REM REM REM W W W REM REM REM REM REM REM REM REM REM REM REM REM REM REM REM REM REM REM REM REM REM REM REM REM REM REM REM REM REM REM REM REM REM REM REM REM REM REM REM REM REM REM REM REM REM REM REM REM REM REM REM W W W W W W W W W W W W W W W W W W W W W W W W W W W W W W W W W W W W W W W W W W W W W W W W W W W W W W W W W W W W,processed_sleepedf/spectral/SC4171E0-PSG_spectral.pt
processed_sleepedf/tensors/SC4172E0-PSG.pt,W W W W W W W W W W W W W W W W W W W W W W W W W W W W W W W W W W W W W W W W W W W W W W W W W W W W W W W W W W W W N2 N2 N2 N2 N2 N2 N2 N2 N2 N2 N2 N2 N2 N2 N2 N2 N2 N2 N2 N2 N2 N2 N2 N2 N3 N2 N2 N2 N2 N2 N2 N2 N3 N3 N3 N2 N3 N3 N3 N3 N3 N3 N3 N3 N3 N3 N2 N2 N2 N3 N2 N2 N2 N3 N3 N2 N3 N2 N3 N2 N2 N3 N2 N2 N3 N3 N3 N2 N2 N2 N2 N3 N2 N2 N2 W W W W N1 N1 N1 N2 N2 N1 N1 N2 N2 N2 N2 N2 N3 N2 N2 N2 N2 N2 N2 N2 N2 N2 N2 N2 N2 N3 N2 N2 N2 N2 N2 N3 N2 N3 N3 N2 N2 N2 N2 N2 N2 N2 N2 N2 N2 N2 N2 N2 N2 N2 N2 N3 N3 N3 N3 N3 N3 N3 N3 N3 N3 N3 N3 N3 N2 N3 N3 N3 N3 N3 N3 N3 N3 N3 N3 N3 N3 N3 N3 N3 N3 N3 N3 N3 N3 N3 N3 N3 N3 N3 N3 N3 N3 N3 N3 N3 N3 N2 N2 N2 N2 N2 N2 N2 N2 N2 N2 N2 N2 N2 N2 N2 N2 N2 N2 N2 N2 N2 N2 N2 N2 N2 N2 N2 N2 N2 N2 N2 N2 N2 N1 N1 N1 N1 N1 N1 N1 W W W W W W W W W W W W W W W W W W W W W W W W W W W W W W W W W W W W W W W W W W W W W W W W W W W W W W W W W W W W W W W W W W W W W W W W W W W W W W W W W W W W W W W W W W W W W W W W W W W W W W W W W W W W W W W W W W W W W W W W W W W W W W W W W W W W W W W W W W W W W W W W W W W W W W W W W W W W W W W W W W W W W W W W W W W W W W W W W W W W W W W W W W W W W W W W W W W W W W W W W W W W W W W W W W W W W W W W W W W W W W W W W W W W W W W W W W W W W W W W W W W W W W W W W W W W W W W W W W W W W W W W W W W W W W W W W W W W W W W W W W W W W W W W W W W W W W W W W W W W W W W W W W W W W W W W W W W W W W W W W W W W W W W W W W W W W W W W W W W W W W W W W W W W W W W W W W W W W W W W W W W W W W W W W W W W W W W W W W W W W W W W W W W W W W W W W W W W W W W W W W W W W W W W W W W W W W W W W W W W W W W W W W W W W W W W W W W W W W W W W W W W W W W W W W W W W W W W W W W W W W W W W W W W W W W W W W W W W W W W W W W W W W W W W W W W W W W W W W W W W W W W W W W W W W W W W W W W W W W W W W W W W W W W W W W W W W W W W W W W W W N1 N1 W W W W W W N1 N1 N1 N1 N1 N2 N2 N2 N1 N1 N1 N1 N2 N2 N2 N2 N2 N2 N2 N2 N2 N2 N2 N2 N2 N2 N2 N2 N2 N2 N2 N2 N2 N2 N2 N2 N2 N2 N2 N2 N2 N2 N2 N2 N2 N2 N2 N2 N2 N2 N3 N3 N3 N3 N3 N3 N3 N2 N3 N3 N3 N3 N3 N3 N3 N3 N3 N3 N3 N3 N3 N3 N3 N3 N3 N3 N3 N3 N3 N3 N3 N3 N3 N3 N1 N2 N2 N2 N2 N2 N2 N2 N2 N2 N2 N2 N2 N2 N2 N3 N3 N2 N3 N3 N3 N3 N3 N3 N3 N3 N3 N3 N3 N2 N2 N2 N2 N2 N2 N2 N2 N2 N2 N2 N2 N2 N2 N2 N2 N2 N2 REM REM REM N2 N2 N2 N2 REM REM REM N2 N2 N2 REM REM REM REM REM REM N1 N1 N2 N2 N2 N2 N2 N2 N2 N2 N2 N2 N2 N2 N2 N2 N2 N2 N2 N2 N2 W N2 N2 N2 N2 N2 N2 N2 N2 N2 N2 N2 N2 N2 N2 N2 N2 N2 N2 N2 N2 N2 N3 N2 N2 N2 N2 N2 N3 N2 N2 N2 N2 N3 N3 N2 N3 N2 N3 N2 N2 N3 N3 N3 N3 N3 N3 N3 N3 N3 N3 N3 N3 N3 N3 N3 N3 N3 N3 N3 N2 N2 N2 N2 N2 N2 N2 N2 N2 N2 W N2 N2 N2 N2 N2 N2 N2 N2 N2 N2 N2 N2 N2 N2 N3 N2 N2 N3 N3 N2 N2 N2 N2 N2 N2 N2 N2 N2 N2 N2 N2 N2 N2 N2 N2 N2 N2 N2 N2 N2 N2 N2 N2 N2 N2 N2 N2 N2 N2 N2 N2 N2 N2 N2 N2 N2 N2 N3 N3 N3 W W N2 N2 N2 N2 N2 N2 N2 N2 N2 N2 N2 N2 N2 N2 N2 N2 N2 N2 N2 N2 N2 N2 N2 N2 N2 N2 N2 N2 W W W N1 N1 N1 N2 N2 N2 N2 N2 N2 N2 N2 N2 N2 N2 N2 N2 N2 N2 N2 N2 N2 N2 N2 N2 W N1 N1 N2 N2 N2 N2 REM REM REM REM REM REM REM REM REM REM REM REM REM REM REM REM REM REM REM REM REM REM REM REM REM REM REM REM REM REM REM REM REM REM REM REM REM REM REM REM REM REM REM REM REM N2 N2 REM N2 N2 REM REM REM REM REM REM REM N2 REM REM REM REM REM REM REM REM N2 N2 N2 N2 N2 N2 N2 REM REM N2 REM REM N2 N2 REM REM REM REM REM REM N2 N2 N2 N2 REM REM REM N2 N2 N2 N2 N2 N2 N2 N2 N2 N2 N2 N2 N2 N2 N2 N2 N2 N2 N2 N2 N2 N2 N2 N2 N2 N2 N2 N2 N2 N2 N2 N2 N2 N2 N2 N2 N2 N2 N2 N2 N2 N2 N2 N2 N2 N2 N2 N2 N2 N2 N2 N2 N2 N2 N2 N2 N2 N2 N2 N2 N2 N3 N2 N3 N3 N3 N2 N2 N2 N3 N2 N3 N2 N3 N2 N3 N3 N3 N2 N2 N3 N3 N3 N3 N3 N3 W W W W W W W N1 N2 N2 N2 N2 N2 N2 N2 N2 N2 N2 N2 N2 N2 N2 N2 N2 N2 N2 N2 N2 N2 N2 N2 N2 N2 N2 N2 N2 N2 N2 N2 N2 N2 N2 REM REM REM REM REM REM REM REM REM REM REM REM REM REM REM REM REM REM REM REM REM REM REM REM REM REM REM REM REM REM REM REM REM REM REM REM REM REM REM REM REM REM REM REM REM REM REM REM N2 N2 N2 N2 REM REM REM REM REM REM REM REM REM REM REM REM REM REM REM REM N2 N2 N2 N2 REM REM REM REM REM REM N2 N2 N2 REM REM REM REM REM N2 N2 N2 REM N2 N2 N2 REM REM REM N2 N2 N2 N2 N2 N2 N2 N2 N2 N2 N2 N2 N2 N2 N2 N2 N2 N2 N2 N2 N2 N2 N2 N2 N2 N2 N2 N2 N2 N2 N2 N2 N2 N2 N2 N2 N2 N2 N2 N2 N2 N2 N2 N2 N2 N2 N2 N2 N2 N2 N2 N2 N2 N2 N2 N2 N2 N2 N2 N2 N2 N2 N2 N2 N2 N2 N2 N2 N2 N2 N2 N2 N2 N2 N2 N2 N2 N2 N2 N2 N2 N2 N2 N2 N2 N2 N2 N2 N2 N2 N2 N2 N2 N2 N2 N2 N2 N2 N2 N2 N2 N2 N2 N2 N2 N2 N2 N2 N2 N2 N3 N2 N2 N2 N2 N2 N2 N3 N2 N2 N3 N2 N2 N3 N3 N3 N2 N3 N3 N2 N3 N3 N3 N3 N3 N3 N3 N2 N3 N3 N3 N3 N2 N3 N3 N2 N2 N2 N2 N2 N2 N2 N2 N2 N2 N2 N2 N2 N2 N2 N2 N2 N2 N2 N2 N2 N2 N2 N2 N2 N2 N2 N2 N2 N2 N2 N2 N2 N2 N2 N2 N2 N2 N2 N2 N2 N1 N1 N1 N1 N1 N2 N2 N2 N2 W N1 N1 N1 N1 W N1 N1 N1 W W W W W W W W W W W W W W W W W W W W W W W W W W W W W W W W W W W W W W W W W W W W W W W W W W W W W W W W W W W W,processed_sleepedf/spectral/SC4172E0-PSG_spectral.pt
processed_sleepedf/tensors/SC4181E0-PSG.pt,W W W W W W W W W W W W W W W W W W W W W W W W W W W W W W W W W W W W W W W W W W W W W W W W W W W W W W W W W W W W N1 N1 N1 N1 N1 N1 N1 N2 N2 N2 N2 N2 N2 N2 N2 N2 N2 N2 N2 N2 N2 N2 N2 N2 N2 N3 N2 N2 N3 N3 N3 N3 N3 N3 N3 N3 N3 N3 N3 N3 N3 N3 N3 N3 N3 N3 N3 N3 N3 N3 N3 N3 N3 N3 N3 N3 N3 N3 N3 N2 N3 N3 N2 N2 N2 N2 N2 N2 N3 N3 N3 N2 N2 N2 N2 N2 N3 N3 N3 N3 N3 N3 N3 N3 N3 N3 N3 N3 N3 N3 N3 N3 N3 N3 N3 N3 N3 N3 N2 N2 N2 N2 N3 N2 N3 N2 N2 N3 N3 N3 N3 N3 N3 N3 N3 N3 N3 N3 N3 N3 N3 N3 N3 N3 N3 N3 W W W W W N1 N2 N2 N3 N3 N2 N2 N2 N2 N2 N2 N2 N2 N3 N2 N2 N2 N2 N2 N2 N2 N2 N3 N3 N3 N2 N3 N3 N3 N3 N3 N3 N3 N3 N3 N3 N3 N3 N3 N3 N3 N3 N3 N3 N3 N3 N3 N3 N3 N3 N3 N3 N3 N3 N3 N2 N2 N3 N2 N3 N3 N3 N3 N3 N3 N3 N3 N3 N3 N3 N3 N3 N3 N3 N3 N3 N3 N3 N3 N3 N3 N3 N2 N2 N2 N3 N3 N3 N3 N3 N3 N3 N3 N3 N3 N3 N3 N3 N3 N3 N3 N3 N3 N3 N3 N3 N3 N3 N3 N3 N3 N3 N3 N3 N3 N3 N3 N3 N3 N3 N3 N3 N3 N3 N3 N3 N3 N3 N3 N3 N3 N3 N3 N3 N3 N3 N3 N3 N3 N3 N3 N3 N3 N3 N3 N3 N3 N3 N3 N3 N3 N3 N3 N3 N3 N2 N3 N2 N2 N2 N2 N2 N2 N2 N2 N2 N2 N2 N2 N2 N2 REM REM REM REM REM REM REM REM REM REM REM REM REM REM REM REM REM REM N2 N2 N2 N2 N2 N1 N2 N2 N2 N2 N2 N2 N2 N2 N2 N2 N2 N2 N2 N2 N2 N2 N2 N2 N2 N2 N2 N2 N2 N2 N2 N2 N2 N2 N2 N2 N2 N2 N2 N2 N2 N2 N2 N2 N2 N2 N2 N3 N2 N2 N2 N2 N2 N2 N3 N2 N3 N3 N3 N3 N3 N2 N2 N2 N2 N2 N2 N2 N2 N2 N2 N2 N2 N2 N2 N2 N3 N2 N3 N2 N3 N3 N3 N2 N3 N3 N3 N3 N3 N3 N3 N3 N3 N3 N3 N3 N3 N3 N3 N3 N2 N2 N2 N2 N2 N2 N2 N2 N2 N2 N2 N2 N2 N2 N2 N2 N2 N3 N2 N3 N2 N2 N2 N2 N2 N2 N2 N2 N2 N3 N3 N2 N2 N2 N3 N2 N2 N3 N2 N1 N2 N2 N2 N3 W W N2 N2 N3 N3 N2 N2 N2 N2 N2 N2 REM REM REM REM REM REM REM REM REM REM REM REM REM REM REM REM REM REM W W N1 W W N1 N1 N1 N2 N2 N2 REM REM REM REM N1 N1 W W W N1 N1 N1 N1 N2 N2 N2 N2 N2 N2 N2 N2 N2 N2 N2 N2 N2 N2 N2 N2 N2 N2 N2 N2 N2 N2 N2 N2 N2 N2 N2 N2 N2 N2 N2 N2 N2 N2 N2 N2 N2 N3 N2 N2 N2 N2 N2 N2 N3 N2 N3 N2 N3 N3 N3 N3 N3 N3 N3 N3 N3 N3 N2 N2 N2 N2 N2 N3 N2 N3 N3 N2 N3 N3 N2 N3 N2 N2 N2 N2 N3 N2 N3 N2 N2 N2 N3 N3 N2 N2 N2 N3 N2 N3 N3 W N1 N1 W W N1 N2 N1 N2 N2 N2 N2 N2 N2 N2 N2 N2 N2 N2 N2 N2 N2 N2 N2 N2 W N1 N1 N1 N2 N2 N2 N2 N2 N2 N2 N2 N2 N2 REM REM REM REM REM REM REM REM REM REM REM REM REM REM REM REM REM REM REM REM REM REM REM REM REM REM REM REM REM REM REM REM REM REM REM REM REM REM REM REM REM REM REM REM REM REM REM REM REM REM REM REM REM REM REM REM REM REM REM REM REM REM REM REM REM REM REM REM REM REM REM REM REM REM REM REM REM REM N2 N2 N2 N2 N2 N2 N2 N2 N2 N2 N2 N2 N2 N2 N2 N2 N2 N2 N2 N2 N2 N2 N2 N2 N2 N2 N2 N2 N2 N2 N2 N2 N2 N2 N2 N2 N2 N2 N2 N2 N2 N2 N2 N2 N2 N2 N2 N2 N2 N2 N2 N2 N2 N2 N2 N2 N2 N2 N2 N2 N2 N2 N2 N2 N2 N2 N3 N3 N2 N2 N2 N2 N2 N2 N2 N3 N3 N3 N3 N3 N3 N3 N3 N3 N3 N3 N3 N3 N3 N3 N3 N2 N2 N1 N1 N2 N2 N2 N2 N2 N2 N2 N2 N2 N2 N2 N2 N2 N2 N2 N2 N2 N2 N2 N2 N2 N2 N2 W W W W W W W W W W W W W W W W W W W W W W W W W W W W W W W W W W W W W W W W W W W W W W W W W W W W W W W W W W W W,processed_sleepedf/spectral/SC4181E0-PSG_spectral.pt
processed_sleepedf/tensors/SC4182E0-PSG.pt,W W W W W W W W W W W W W W W W W W W W W W W W W W W W W W W W W W W W W W W W W W W W W W W W W W W W W W W W W W W W N1 W N1 N1 W N1 N1 N1 N1 N1 N1 N1 N1 N1 N1 N2 N2 N2 N2 N2 N2 N2 N2 N2 N2 N2 N2 N2 N2 N2 N2 N2 N2 N2 N2 N2 N3 N2 N3 N3 N3 N3 N3 N3 N3 N3 N3 N3 N3 N3 N3 N3 N3 N3 N3 N3 N3 N3 N3 N3 N3 N3 N3 N3 N3 N3 N3 N3 N3 N3 N3 N3 N3 N3 N3 N3 N3 N3 N3 N3 N3 N3 N3 N3 N3 N3 W W W N2 N2 N2 N2 N2 N2 N2 N2 N2 N2 N2 N3 N2 N2 N2 N2 N3 N2 N2 N3 N3 N3 N3 N3 N3 N2 N2 N2 N2 N2 N2 N2 N2 N3 N3 N3 N3 N3 N3 N3 N3 N3 N3 N3 N3 N3 N3 N3 N3 N3 N3 N3 N3 N3 N3 N3 N3 N3 N3 N3 N3 N3 N3 N3 N3 N3 W W W W N2 N2 N2 N2 N2 N2 N2 N2 N2 N2 N2 N2 N1 N1 N2 N1 N2 N2 N2 N2 N1 N2 N2 N2 N2 N1 N1 N1 N1 N1 N1 N1 N1 N1 N1 N2 N1 N1 N1 N1 N1 N1 N1 N1 N2 N2 N2 N2 N2 N2 N2 N2 N2 N2 N2 N2 N2 N2 N2 N2 N2 N2 N2 N2 N2 N2 N2 N2 N2 N2 W N1 N1 N1 N1 N2 N2 N2 N2 N1 N2 N2 N2 N2 N2 N2 N2 N2 N2 N2 N2 N2 N2 N2 N2 N2 N2 N2 N2 N2 N2 N3 N2 N2 N2 N3 N2 N2 N2 N3 N2 N2 N2 N3 N2 N2 N2 N2 N2 N2 N2 N2 N2 N2 N2 N2 N2 N3 N2 N2 N2 N3 N3 N3 N3 N3 N3 N2 N3 N3 N3 N3 N3 N3 N3 N3 N3 N3 N3 N3 N3 N3 N3 N3 N3 N3 N3 N3 N3 N3 N3 N3 N3 N3 N3 N3 N2 N2 N2 W N1 N1 N2 N2 REM REM REM REM REM REM REM REM REM REM REM REM REM N1 N1 N1 N1 N1 N1 N1 N1 N1 N1 REM REM REM REM REM REM REM REM REM REM REM REM REM REM REM REM REM REM REM REM N1 N1 N1 N1 N1 N1 N1 N1 N1 N1 N2 N2 N1 W W W W W W W W W W W W W W W W N1 N1 N1 N1 N1 N1 N1 N1 N1 N1 N1 N1 N1 N1 N2 N2 N2 N2 N2 N2 N2 N2 N2 N2 N2 N2 N2 N2 N2 N2 N2 N2 N2 N2 N2 N2 N2 N2 N2 N2 N2 N2 N2 N2 N2 N2 N2 N2 N2 N2 N2 N2 N2 N2 N2 N3 N3 N3 N3 N3 N3 N3 N3 N3 N3 N3 N3 N3 N3 N3 N3 N3 N3 N3 N3 N3 N3 N3 N2 N2 N2 N2 N2 N2 N3 N3 N3 N3 N3 N3 N3 N3 N3 N3 N3 N3 N3 N3 N3 N3 N3 N3 N3 N3 N3 N3 N3 N3 N3 N3 N3 N3 N3 N3 N3 N3 N3 N3 N3 N3 N3 N3 N3 N3 N3 N3 N3 N3 N3 N3 N3 N3 N3 N3 N3 N3 N3 N3 N3 N3 N3 N3 N3 N3 N3 N3 N3 N2 N2 REM REM REM REM REM REM REM REM REM REM REM REM REM REM REM REM REM REM REM REM REM REM REM REM REM REM N1 N1 N1 N1 N1 N1 N1 N1 N2 N2 N2 N2 N2 N2 N2 N2 N2 N2 REM N2 REM N2 N1 N2 N2 N2 N2 N2 N2 N2 N2 N2 N2 N2 N2 N2 N2 N2 N2 N2 N2 N2 N2 N2 N2 N2 N2 N2 N2 N2 N2 N2 N2 N2 N2 N2 N2 N2 N2 N2 N2 N2 N2 N2 N2 N2 N2 N2 N2 N2 N2 N2 N2 N2 N2 N2 N2 N2 N2 N2 N2 N2 N2 N3 N2 N2 N2 N2 N2 N2 N2 N2 N2 N2 N2 N2 N2 N2 N2 N2 REM REM REM REM REM REM REM REM REM REM REM REM REM REM REM REM REM REM REM REM REM REM REM REM REM REM REM REM REM REM REM REM REM REM REM N1 N1 N1 N1 N1 N1 N1 N1 N1 N1 N1 N1 N1 N1 REM REM REM REM N1 N1 N1 N1 N1 N1 N1 N1 N1 N1 N1 N1 N1 N1 N1 N1 N1 N1 N1 N1 N1 N1 REM REM REM REM REM REM REM REM REM REM REM REM REM N1 N1 N1 N1 N1 N1 N1 N1 N1 N1 N1 N1 N1 N1 N1 N1 N1 N1 N1 N1 N1 N1 N1 N1 N1 N1 N1 N1 N1 REM REM REM W W W W W W W W W W W W W W W W W W W W W W W W W W W W W W W W W W W W W W W W W W W W W W W W W W W W W W W W W W W W,processed_sleepedf/spectral/SC4182E0-PSG_spectral.pt
processed_sleepedf/tensors/SC4191E0-PSG.pt,W W W W W W W W W W W W W W W W W W W W W W W W W W W W W W W W W W W W W W W W W W W W W W W W W W W W W W W W W W W W N1 N1 N1 N1 N2 N2 N2 N2 N1 N2 N2 N2 N2 N2 N2 N2 N2 N2 N2 N2 N2 N2 N2 N2 N2 N2 N2 N2 N2 N2 N2 N2 N2 N2 N2 N2 N2 N2 N2 N2 N2 N2 N3 N2 N2 N2 N2 N2 N3 N3 N2 N3 N2 N3 N3 N3 N3 N3 N3 N3 N3 N3 N3 N3 N3 N3 N2 N3 N3 N3 N3 N3 N3 N3 N3 N3 N3 N3 N3 N3 N3 N3 N3 N3 N3 N3 N3 N3 N3 N3 N3 N3 N3 N3 N3 N3 N3 N3 N3 N3 N3 N3 N3 N3 N3 N3 N3 N3 N3 W N2 N2 N2 W N2 N2 N2 N2 N2 N2 N2 N2 N2 N2 REM REM REM REM REM REM REM REM REM REM REM REM REM REM REM REM N1 N1 N1 N2 N2 N2 N2 N2 N2 N2 N2 N2 N2 N2 N2 N2 N2 N2 N2 N2 N2 N2 N2 N2 N2 N2 N2 N2 N2 N2 N2 N2 N2 N2 N2 N2 N2 N2 N2 N2 N2 N2 N2 N2 N2 N2 N2 N2 N2 N2 N2 N2 N2 N2 N2 N2 N2 N2 N2 N2 N2 N2 N3 N2 N2 N2 W W W N2 N2 N2 N2 N2 N2 N2 N2 N2 N2 N2 N2 W W W N1 N2 N2 N2 N2 N2 N2 N2 N2 N2 N2 N2 N2 N2 N2 N2 N2 N2 N2 N2 N2 N2 N2 N2 N2 N2 N2 N2 N2 N2 N2 N2 N2 N2 N2 N2 N2 N2 REM REM REM REM REM REM REM REM REM REM REM REM REM REM REM REM REM REM REM REM REM REM REM REM REM REM REM W W N1 N1 N1 N1 N1 N1 N1 N1 N1 N2 N2 N2 W W N1 N1 N2 N2 N2 N2 N2 N2 N2 N2 N2 N2 N2 N2 N2 N2 N2 N2 N2 N2 N2 N2 N2 N2 N2 N2 N2 N1 N2 N2 N2 N2 N2 N2 N2 N2 N2 N2 N2 N2 N2 N2 N2 N2 N2 N2 N2 N2 N2 N2 N2 N2 N2 N2 N2 N2 N2 N2 N2 N2 N2 N2 N2 N2 N2 N2 N2 N2 N3 N2 N3 N2 N3 N3 N3 N3 N2 N2 N3 N3 N2 N3 N3 N3 N3 N2 N3 N3 N3 N3 N3 N3 N3 N3 N3 N3 N3 N3 N3 N3 N3 N3 N3 N3 N3 N3 N3 N3 N3 N3 N3 N3 N3 N3 N2 N3 N3 N3 N3 N3 N3 N3 N3 N3 N3 W W W N2 N2 N2 N2 N2 N2 N2 N2 N2 N2 N2 N2 N2 N2 N2 N2 N2 N2 N2 N2 N2 N2 REM REM REM REM REM REM REM REM REM REM REM REM REM REM REM REM REM REM REM REM REM REM REM REM REM REM REM REM REM REM REM REM REM REM REM REM REM W W W W W W W W W W W W W W W N1 N1 N1 N1 N1 N1 N1 N2 N1 N1 N2 N2 N2 N2 N2 N1 N2 N2 N2 N2 N2 N2 N2 N2 N2 N2 N2 N2 N2 N2 N2 N2 N2 N2 N2 N2 N2 N2 N2 N2 N2 N2 N1 N2 N2 N2 N2 N2 N2 N2 N2 N2 N2 N2 N2 N2 N2 N2 N2 N2 N2 N2 N2 N2 N2 N2 N2 N2 N2 N2 N2 N2 N2 N2 N2 N2 N2 N2 N2 N2 N2 N2 N2 N2 N2 N2 N2 N2 N2 N2 N2 N2 N2 N2 N2 N2 N2 N2 N2 N2 N2 N2 N2 N2 N2 N2 N2 N2 W N1 N2 N2 N2 N2 N2 N2 N2 N2 N2 N2 N2 REM REM REM REM REM REM REM REM REM REM REM REM REM REM REM REM REM REM REM REM REM REM REM REM REM REM REM REM REM REM REM REM REM REM REM REM REM N1 N1 N1 N1 N1 REM REM REM REM REM REM REM REM REM REM REM REM REM REM REM REM REM REM REM REM REM REM REM REM REM REM REM REM REM REM REM REM N1 N1 N1 N2 N2 N2 N2 REM REM REM REM REM REM REM REM REM REM REM REM REM REM REM REM REM REM REM REM REM N2 N2 N2 N2 N2 N2 N2 N2 N2 N2 W N1 N2 N2 N2 N2 N2 N2 N2 N1 N2 N2 N2 N2 N2 N2 N2 N2 N2 N2 N2 N2 N2 N2 N2 N2 N2 N2 N2 N2 N2 N2 N2 N2 N2 N2 N2 N2 N2 N2 N2 N2 N2 N2 N2 N2 N2 N2 N2 N2 N1 N2 N2 N2 N2 N2 N2 N2 N2 N2 N2 N2 N2 N2 N2 N2 N2 N2 N2 N2 N2 N2 N2 N2 N2 N2 N2 N2 N2 N2 N2 N2 N2 N2 N2 N2 N2 N2 N2 N2 N2 N2 N2 N2 N2 N2 N2 N2 N2 N2 N2 N2 N2 N2 N2 N2 N2 N2 N2 N2 N2 N2 N2 N2 N2 N2 N2 N1 N2 N2 N2 N2 N2 N2 N2 N2 N2 REM REM REM REM REM N1 REM REM REM REM REM REM REM REM REM REM REM REM REM REM REM REM REM REM REM REM N1 N1 N1 N1 N1 N1 N1 N1 N1 REM REM REM REM REM REM REM N1 N1 REM REM REM REM REM REM REM REM REM REM REM N1 N1 N1 N2 N2 N2 N2 N2 N2 N2 N2 N2 N2 N2 N2 N2 N2 N2 N2 N2 N2 N2 N2 N2 N2 N2 N2 N2 N2 N2 N2 N2 N2 N2 N2 N2 N2 N2 N2 N2 N2 N2 N2 N2 N2 N2 N2 N2 N2 N2 N2 N2 N2 N2 N2 N2 N2 N2 N2 N2 N2 N2 N2 N2 N2 N2 N2 N2 N2 N2 N2 N2 N2 N2 N2 N2 N2 N2 N2 N2 N2 N2 N2 N2 N2 N2 N2 N2 N2 N2 N2 N2 N2 N2 N2 N2 N2 N2 N2 N2 N2 N2 REM REM REM N2 REM REM N2 N1 REM REM REM REM REM REM REM REM REM N1 N2 REM REM REM REM REM REM REM REM N2 N2 N2 N2 N2 N2 N2 N2 REM REM REM REM REM REM REM REM REM REM REM REM REM REM N1 N2 REM REM REM REM REM REM W W W W W W W W W W W W W W W W W W W W W W N1 N1 N1 N1 N1 N1 N1 N1 N1 N1 W N1 N1 N1 W N1 N1 N1 N1 N2 N2 N1 N2 N2 N2 N1 W W W N1 N1 N1 N1 N1 N2 N2 N2 N2 N2 N2 N2 N2 N2 N2 N2 N2 N2 N2 N2 N2 N2 N2 W W W N1 N1 N1 N2 N2 N2 N1 N2 N2 N2 N2 N1 N1 N1 N2 N2 N2 N2 N2 N2 N2 N2 N2 N2 N2 W N1 N2 N2 N2 N2 N1 N2 N2 N2 N2 N2 N2 N2 N2 N2 N2 N2 N2 N2 N2 N1 N2 N2 REM REM REM REM REM REM REM REM REM REM REM REM REM REM REM REM REM REM REM REM REM REM REM REM REM REM REM W W N1 N2 N1 N1 N1 N1 N1 N1 REM REM REM REM N1 N2 N2 N2 N2 N2 N2 N2 N2 N2 N2 N2 N2 N2 N2 N2 N2 N2 N2 N2 N2 N2 N2 N2 N2 N2 N2 N2 N2 N2 N2 N2 N2 N2 N2 N2 N2 N2 N2 N2 N2 N2 N2 N2 N2 N2 N2 N2 N2 N2 N2 N2 N1 N1 N2 N2 N2 N2 N2 N2 N2 W N1 N1 N1 N1 N1 N2 N2 N2 N2 N2 N2 N2 N2 N2 N2 N2 N2 N2 N2 N2 N2 N2 N2 N2 N2 N2 N2 N2 N2 N2 N2 N2 N2 N2 N2 N2 N2 N2 N2 N2 N2 N1 N1 N1 N2 N2 N2 N2 N2 N2 N2 N2 N2 N2 N2 N2 N2 N2 N2 N2 N2 N2 N2 N2 N2 N2 N2 N2 N2 N2 N2 N2 N2 N2 N2 N2 N2 N2 N2 N2 N2 N2 N2 N2 N2 N2 N2 N2 N1 W W N1 N1 N2 N2 N2 N2 N2 N2 N2 N2 N2 N2 N2 N2 W W W W W W W W W W W W W W W W W W W W W W W W W W W W W W W W W W W W W W W W W W W W W W W W W W W W W W W W W W W W,processed_sleepedf/spectral/SC4191E0-PSG_spectral.pt
processed_sleepedf/tensors/SC4192E0-PSG.pt,W W W W W W W W W W W W W W W W W W W W W W W W W W W W W W W W W W W W W W W W W W W W W W W W W W W W W W W W W W W W N1 N1 N1 N1 N1 N1 N1 N1 N1 N1 N1 W W W W W W W W W W W W W W W N1 N1 W W W N1 N1 N1 N1 W W W W W W N1 W W N1 W W W W W W W W W W W W W W W W W W W W W W W W W W W W W W W W W W W W W W W W W W W W W W W W W W W W W W N1 N1 N1 W W W W W W W W W W W W W W N1 N1 N1 W W W W W W W W W W W W W N1 N1 N1 W W W W N1 N1 W W W W W W N1 W N1 N1 N1 N1 N1 N1 N1 N1 N1 N1 N1 N1 N1 N1 N1 N2 N2 N2 N2 N2 N2 N2 N2 N2 N2 N2 N2 N2 N2 N2 N2 N2 N2 N2 N2 N2 N2 N2 N2 N2 N2 N2 N2 N2 N2 N2 N2 N3 N3 N3 N2 N3 N2 N2 N2 N3 N2 N2 N3 N2 N2 N3 N3 N3 N3 N3 N3 N3 N3 N3 N3 N3 N3 N3 N3 N3 N3 N2 N3 N3 N3 N2 N2 N3 N3 N3 N3 N3 N3 N2 N3 N3 N3 N3 N3 N3 N3 N3 N3 N3 N3 N3 N3 N3 N3 N3 N3 N3 N2 W W W N2 W W N1 N2 N2 N2 N2 N2 N2 N2 N2 N2 N2 N2 N2 W W W W W W W W W W W W W W W W W W W W W W REM REM REM REM REM REM REM REM REM REM REM REM REM REM REM REM REM REM REM REM REM REM REM REM REM REM W W REM REM REM REM REM REM N2 N2 REM REM REM N2 N2 N2 N2 N2 N2 N2 N2 N2 N2 N2 N2 N2 N2 N2 N2 N2 N2 N2 N2 N2 W W W N2 N2 N2 N2 N2 N2 N2 N2 N2 N2 W W W W W W N1 N2 N2 N2 N2 N2 N2 N2 N2 N2 N2 N2 N2 N2 N2 N2 N2 N2 N2 N2 N2 N2 N2 N2 N2 N2 N2 N2 N2 N2 N2 N2 N2 N2 N2 N2 N2 N2 N2 N2 N2 N2 N2 N2 N2 N2 N2 N2 N2 N2 N2 N2 N2 W N2 N2 W W REM REM REM REM REM REM REM REM REM REM REM REM REM REM REM REM REM REM REM REM REM REM REM REM REM REM REM REM REM REM REM REM REM REM REM REM REM REM REM REM REM REM REM REM REM REM REM REM REM REM REM REM REM REM REM REM REM REM REM REM REM REM W W W W W W W W W W W W W W W W W W W W W W W W W W W W W W W W W N1 N1 N1 W W W W W W W W W W W W W W N1 N1 N1 N1 W W W W W W W W W W W REM REM REM REM REM REM REM REM REM REM REM REM REM REM REM REM REM REM REM REM REM REM REM REM REM REM REM REM REM REM REM REM REM N2 N2 N2 N2 N2 N2 N2 N2 N2 N2 N2 N2 N2 N2 N2 N2 N2 N2 N2 N2 N2 N2 N2 N2 N2 N2 N2 N2 N2 N2 N2 N2 N2 N2 N2 N2 N2 N2 N2 N2 N2 N2 N2 N2 N2 N2 N2 N2 N2 N2 N2 N2 N2 N2 N2 N2 N3 N2 N2 N2 N2 N2 N2 N2 N2 N2 N2 N2 N3 N2 N2 N2 N2 N2 N2 N2 N2 N3 N3 N2 N3 N3 N2 N3 N2 N2 N2 N2 N2 N2 N2 N3 N3 N3 N2 N2 N2 N2 N2 N2 N2 N2 W N1 N2 N2 N2 N2 REM REM REM REM REM REM REM REM REM REM REM REM REM REM REM REM REM REM REM REM REM REM REM REM REM REM REM REM REM REM REM REM REM REM REM REM REM REM REM REM W W W W W W W W W N1 N1 REM REM REM REM REM N2 N2 N2 N2 N2 N2 N2 N2 N2 N2 N2 N2 N2 N2 N2 N2 N2 N2 N2 N2 N2 N2 N2 N2 N2 N2 N2 N2 W N2 N2 N2 N2 N2 N2 N2 N2 N2 N2 N2 N2 N2 N2 N2 N2 N2 N2 N2 N2 N2 N2 N2 N2 N2 N2 N2 N2 N2 N2 N2 N2 N2 N2 N2 W N2 N2 N2 N2 N2 N2 N2 N2 N2 N2 N2 N2 N2 W N2 N2 N2 N2 N2 N2 N2 N2 N2 N2 N2 N2 N2 N2 N2 N2 N2 N2 N2 N2 N2 N2 N2 N2 N2 N2 N2 N2 REM REM REM REM REM REM REM REM REM REM REM REM REM REM REM REM REM REM REM REM REM REM REM REM REM REM REM REM REM REM REM REM REM REM REM REM REM REM REM REM REM REM REM REM REM REM REM REM REM REM REM REM REM REM REM REM REM REM REM REM REM REM W W W W W W N1 W W W W W N1 W N1 N1 N1 N2 N2 N2 N1 N1 N1 N1 N2 N2 N2 N2 N2 N2 N2 N2 N2 N2 N2 N2 N2 N2 N2 N2 N2 N2 N2 N2 N2 N2 N2 N2 N2 N2 N2 N2 N2 N2 N2 N2 N2 N2 N2 N2 N2 N2 N2 N2 N2 N2 N2 N2 N2 N2 N2 N2 N2 N2 N2 N2 N2 N2 N2 N2 N2 N2 N2 N2 N2 N2 N2 N2 N2 N2 N3 W W W W W W N1 N1 N2 N2 N2 N2 N2 W N1 N1 N2 N2 W W W W W W W N1 N2 N2 N2 N2 N2 N2 N2 N2 N2 N2 N2 REM REM REM REM REM REM REM REM REM REM REM REM REM REM REM REM REM REM REM REM REM REM REM REM REM REM REM REM REM REM REM REM REM REM REM REM REM REM REM REM REM REM REM REM REM REM REM REM REM REM REM REM REM REM REM REM REM REM REM REM REM REM REM REM N2 N2 REM REM REM REM REM REM REM REM REM REM REM REM REM REM REM REM REM REM REM REM REM REM REM REM REM REM REM REM REM REM REM W W W W W W W W W W W W W W W W W W W W W W W W W W W W W W W W W W W W W W W W W W W W W W W W W W W W W W W W W W W W,processed_sleepedf/spectral/SC4192E0-PSG_spectral.pt
processed_sleepedf/tensors/SC4201E0-PSG.pt,W W W W W W W W W W W W W W W W W W W W W W W W W W W W W W W W W W W W W W W W W W W W W W W W W W W W W W W W W W W W N1 N1 W W N1 N1 N2 N2 N2 N2 N2 N2 N2 N2 N2 N2 N2 N2 N2 N2 N2 N2 N2 N2 N2 N2 N2 N2 N2 N2 N2 N2 N2 N2 N2 N2 N2 N2 W W W W W W W W W N1 N1 N2 N2 N2 N2 N2 N2 N2 N2 N2 N2 N2 N2 N2 N2 N2 N2 N2 N2 N2 N2 N2 N2 N2 N2 N2 N2 N2 N2 N2 N2 N2 N2 N2 N2 N2 N2 N2 N2 N2 N2 N2 N2 N2 N2 N2 N2 N2 N2 N2 N2 N2 N2 N2 N2 N2 N2 N2 N2 N2 N2 N2 N2 N2 N2 N2 N3 N2 N2 N2 N2 N2 N2 N3 N3 N2 N2 N2 N2 N2 N2 N2 N2 N2 N2 N3 N2 N2 N2 N2 N2 N2 N2 N2 N2 N2 N2 N2 N2 N2 N2 N1 N2 N2 N2 N2 N2 N2 REM REM REM REM REM REM REM REM REM W N1 N1 N2 N2 REM REM REM REM REM REM REM REM REM REM REM REM REM REM REM REM W N1 N2 N2 N2 N2 N2 N2 N2 N2 N2 N2 N2 N2 N2 N2 N2 N2 N2 N2 N2 N2 N2 N2 N2 N2 N2 N2 N2 N2 N2 N2 N2 N2 N2 N2 N2 N2 N2 N2 N2 N2 N2 N2 N2 N2 N2 N2 N2 N2 N2 N2 N2 N2 N2 N2 N2 N2 N2 N2 N2 N2 N2 N2 W W W N1 N1 N1 W W N1 N1 N1 N2 N2 N2 N2 N2 N2 N2 N2 N2 N2 N2 N2 N2 N2 N2 N2 N2 N2 N2 N2 N2 N2 N2 N2 N2 N2 N2 N2 N2 N2 N2 N2 N2 N2 N2 N2 N2 N2 N2 N2 N2 N2 N2 N2 N2 N2 N2 N2 N2 N2 N2 N2 N2 N2 N2 N2 N2 N2 N2 N2 N2 N2 N2 N2 N2 N2 N2 N2 N2 N2 N2 N2 N2 N2 N2 N2 N2 N2 N2 N2 N2 N2 N2 N2 N2 N2 N2 N2 N2 N2 N2 N2 N2 N2 N2 N2 REM REM REM REM REM REM REM REM REM REM REM REM REM REM REM REM REM REM REM REM REM REM W W W W W W W W W W W W W W W W W W W W W W W W W W W W W N1 W N1 W W W W W W W W W N1 N1 N1 N1 N1 N1 N1 W W W W W W W W W W W W W N1 N1 N1 N2 N2 N2 N2 N2 N2 N2 N2 N2 N2 N2 N2 N2 N2 N2 N2 N2 N2 N2 N2 N2 N2 N2 N2 N2 N2 N2 N2 N2 N2 N2 N2 N2 N2 N2 N2 N2 N2 N2 N2 N2 N2 N2 N2 N2 N2 N2 N2 N2 N2 N2 N2 N2 N2 N2 N2 N2 N2 N2 N2 N2 N2 N2 W W W W W W W W W N1 N1 N1 N2 N2 N2 N2 N2 N2 N2 N2 N2 N2 N2 N2 N2 N2 N2 N2 N2 N2 N2 N2 N2 N2 N2 N2 N2 N2 N2 N2 N2 N2 N2 N2 N2 N2 N2 N2 N2 N2 N2 N2 N2 N2 N2 N2 N2 N2 N2 N2 N2 N2 N2 N2 N2 REM REM REM REM REM REM REM REM REM REM REM REM REM REM REM REM REM REM REM REM REM REM REM REM REM REM REM REM REM REM REM REM REM REM REM REM REM REM REM REM REM REM REM REM REM REM REM REM REM REM REM REM REM REM REM REM REM REM REM REM REM REM REM REM REM REM REM REM REM REM REM REM REM REM REM N2 N2 N2 N2 N2 N2 N2 N2 N2 N2 REM REM REM REM REM REM REM REM REM REM REM REM REM REM REM REM REM REM REM REM REM REM REM REM REM REM REM REM REM REM REM REM REM REM REM REM REM REM W W W W W W W W W W W W W W W W W W W W W W W W W W W W W W W W W W W W W W W W W W W W W W W W W W W W W W W W W W W W W W N1 N1 N1 N1 N1 N1 N1 N2 N2 N2 N2 N2 N2 N2 N2 N2 N2 N2 N2 N2 N2 N2 N2 N2 N2 N2 N2 N2 N2 N2 N2 N2 N2 N2 N2 N2 N2 N2 N2 N2 N2 N2 N2 N2 N2 N2 N2 N2 N2 N2 N2 N2 N2 N2 N2 N2 N2 N2 N2 N2 N2 N2 N2 N2 N2 N2 N2 N2 N2 N2 N2 N2 N2 N2 N2 N2 N2 N2 N2 N2 N2 N2 N2 N2 N2 N2 N2 N2 N2 N2 N2 N2 N2 N2 N2 N2 N2 N2 N2 N2 N2 N2 N2 N2 W W N1 N2 N2 N2 N2 N2 N2 N2 N2 N2 N2 N2 N2 N2 N2 N2 N2 N2 N2 N2 N2 N2 N2 REM REM REM REM REM REM REM REM REM REM REM REM REM REM REM REM REM W W W W W W W W W W W W W W W W W W W W W W W W W W W W W W W W W W W W W W W W W W W W W W W W W W W W W W W W W W W W,processed_sleepedf/spectral/SC4201E0-PSG_spectral.pt
processed_sleepedf/tensors/SC4202E0-PSG.pt,W W W W W W W W W W W W W W W W W W W W W W W W W W W W W W W W W W W W W W W W W W W W W W W W W W W W W W W W W W W W N1 N1 N1 N1 N1 N1 N1 N1 N1 N1 W W W W W W W N1 N1 N1 N1 N2 N2 N2 N2 N2 N2 N2 N2 N2 N2 N2 N2 N2 N2 N2 N2 N2 N2 N2 N2 N2 N2 N2 N2 N2 N2 N2 N2 N2 N2 N2 N2 N2 N2 N2 N2 N2 N2 N2 N2 N2 N2 N2 N2 N2 N2 N2 N2 N2 N2 N2 N2 N2 N2 N2 N2 N2 N2 N2 N2 N2 N2 N2 N2 N2 N2 N2 N2 N2 N2 N2 N2 N2 N2 N2 N2 N2 N2 N2 N2 N2 N2 N2 N2 N2 N2 N2 N2 N2 N2 N2 N2 N2 N2 N2 N2 N2 N2 N2 N2 N2 N2 N2 N2 N2 N1 N1 N1 N1 N2 N2 N2 N2 N1 N1 N1 N1 N1 N2 N2 N2 N2 N2 N2 N2 N2 N2 N2 N2 N2 N2 N2 N2 N2 N2 N2 N2 N2 N2 N1 N1 N1 W W W W W W W W W N1 N1 N1 N1 N1 N1 N1 N1 N1 N1 N1 N1 N1 N1 N1 N1 N1 N1 N1 N1 N1 N1 N2 N2 N2 N2 N2 N2 N2 N2 N2 N2 N2 N2 N2 N2 N2 N2 N2 N2 N2 N2 N2 N2 N2 N2 N2 N2 N2 N2 N2 N2 N2 N2 N2 N2 N2 N2 N2 N2 N2 N2 N2 N2 N2 N2 N2 N2 N2 N2 N2 N2 N2 N2 N2 N2 N2 N2 N2 N2 N2 N2 N2 N2 N2 N2 N2 N2 N2 N2 N2 N2 N2 N2 N2 N2 N2 N2 N2 N2 N2 N2 N2 N2 N2 N2 N2 N2 N2 N2 N2 N2 N2 N2 N2 N2 N2 N2 N2 REM REM REM REM REM REM REM REM REM REM REM REM REM REM REM REM REM REM REM REM REM REM REM REM REM REM REM REM REM REM REM REM REM REM REM REM REM REM REM REM REM REM REM REM REM REM REM REM REM REM REM REM REM REM REM REM REM REM REM REM REM REM REM REM REM REM REM REM REM REM REM REM REM REM REM REM REM REM REM REM REM REM REM REM REM REM REM REM REM REM REM N2 N2 N2 N2 N2 N2 N2 N2 N2 N2 N2 N2 N2 N2 N2 N2 N2 N2 N2 N2 N2 N2 N2 N2 N2 N2 N2 N2 N2 N2 N2 N2 N2 N2 N2 N2 N2 N2 N2 N2 N2 N2 N2 N2 N2 N2 N2 N2 N2 N2 N2 N2 N2 N2 N2 N2 N2 N2 N2 N2 N2 N2 N2 N2 N2 N2 N2 N2 N2 N2 W N1 N1 W W W W W W W W W W W W W W N1 N1 N1 N1 N1 W W W W W W W W W W W W W N1 N1 N1 N1 N1 W W W W W W W N1 N1 N1 N1 N1 N1 N1 N1 N1 N1 N1 N1 N1 N2 N2 N2 N2 N2 N2 N2 N2 N2 N2 N2 N2 N2 N2 N2 N2 N2 N2 N2 N2 N2 N2 N2 N2 N2 N2 N2 N2 N2 N2 N2 N2 N2 N2 N2 N2 N2 N1 N2 N2 N2 N2 N2 N2 N2 N2 N2 N2 N2 N2 N2 N2 N2 N2 N2 N2 N2 N2 N2 N2 N2 N2 N2 N2 N2 N2 N2 N2 N2 N2 N2 N2 N2 N2 N2 N2 N2 N2 N2 N2 N2 N2 N2 N2 N2 N2 N2 N2 N2 N2 N2 N2 N2 N2 N2 N2 N1 N2 N2 N2 N2 N2 N2 N2 N2 REM REM REM REM REM REM REM REM REM REM REM REM REM REM REM REM REM REM REM REM REM REM REM REM REM REM REM REM N1 N1 N1 N1 N1 N1 N1 N1 N1 N1 N1 N2 N2 N2 N2 N2 N2 N2 N2 N2 N2 REM REM REM REM REM REM REM REM REM REM REM REM REM REM REM N1 N1 N1 N2 N2 REM REM REM REM REM REM REM REM REM REM REM REM REM REM REM REM REM REM REM REM REM REM REM REM REM REM REM REM REM REM REM REM REM REM REM REM REM REM REM REM REM REM REM REM REM REM REM REM REM REM REM REM REM REM REM REM REM REM W W W W W W W W W W W W W W W W W W W W W W W W W W W W W W W N1 N1 W W W N1 N1 N1 N1 N1 W N1 W W W W W W W W W N1 N1 N1 N1 N1 N1 N1 N1 N1 N1 N1 N1 N1 N1 N1 N1 N1 N1 N1 N1 N1 N1 N1 N2 N2 N2 N2 N2 N2 N2 N2 N2 N2 N2 N2 N2 N2 N2 N2 N2 N2 N2 N2 N2 N2 N2 N2 N2 N2 N2 N2 N2 N2 N2 N2 N2 N2 N2 N2 N2 N2 N2 N2 N2 N2 N2 N2 N2 N2 N2 N2 N2 N2 N2 N2 N2 N2 N2 N2 N2 N2 N2 N2 N2 N2 N2 N2 N2 N2 N2 REM REM REM REM REM REM REM REM REM REM REM REM REM REM REM W W W W W W W W W W W W W W W W W W W W W W W W W W W W W W W W W W W W W W W W W W W W W W W W W W W W W W W W W W W W,processed_sleepedf/spectral/SC4202E0-PSG_spectral.pt
processed_sleepedf/tensors/SC4211E0-PSG.pt,W W W W W W W W W W W W W W W W W W W W W W W W W W W W W W W W W W W W W W W W W W W W W W W W W W W W W W W W W W W W N1 N1 N1 N1 N1 N1 N1 N1 N2 N2 N2 N2 N2 N2 N2 W N1 N1 N2 N1 W W W W W W W W W W W W W W W W W W W W W W W W W W W W W W W W W W W W W W W W W W W W W W W W W W W W W W W W W W W W W W W W W W W W W W W W W W W W W W W W W W W W W W W W W W W W W W W W W W W W W W W W W W W W W W W W W W W W W W W W W W W W W W W W W W W W W W W W W W W W W W W W W W W W W W W W W W W W W W W W W W W W W W W W W W W W W W W W W W W W W W W W W W W W W W W W W W W W W W W W W W W W W W W W W W W W W W W W W W W W W W W W W W W W W W W W W W W W W W W W W W W W W W W W W W W W W W W W W W W W W W W W W W W W W W W W W W W W W W W W W W W W W W W W W W W W W W W W W W W W W W W W W W W W W W W W W W W W W W W W W W W W W W W W W W W W W W W W W W W W W W W W W W W W W W W W W W W W W W W W W W W W W W W W W W W W W W W W W W W W W W W W W W W W W W W W W W W W W W W W W W W W W W W W W W W W W W W W W W W W W W W W W W W W W W W W W W W W W W W W W W W W W W W W W W W W W W W W W W W W W W W W W W W W W W W W W W W W W W W W W W W W W W W W W W W W W W W W W W W W W W W W W W W W W W W W W W W W W W W W W W W W W W W W W W W W W W W W W W W W W W W W W W W W W W W W W W W W W W W W W W W W W W W W W W W W W N1 N1 N1 N1 N1 N1 N1 N2 N2 N2 N2 N2 N2 N2 N2 N2 N2 N2 N2 N2 N2 N2 N2 N2 N2 N2 N2 N2 N2 N2 N2 N2 N2 N2 N2 N2 N2 N2 N3 N2 N2 N2 N2 N2 N2 N2 N2 N2 N2 N2 N2 N2 N2 N2 N2 N2 N2 N2 N2 N3 N3 N2 N2 N2 N3 N2 N3 N3 N2 N2 N2 N2 N3 N2 N2 W W N1 N1 N1 N1 N2 N2 N2 N2 N2 N2 N2 N2 N2 N2 N2 N2 N2 N2 N2 N2 N3 N3 N2 N3 N3 N2 N2 N3 N3 N3 N3 N3 N3 N3 N3 N3 N3 N3 N3 N3 N2 N3 N2 N2 N3 W W N1 N1 N1 N1 N1 N1 N1 N1 N1 N1 N1 N1 N1 N1 N2 N2 N2 N2 N2 N2 N2 N2 N2 N2 N2 N2 N2 N2 N2 N2 N2 N2 N2 N2 N2 N2 N2 N2 REM REM REM REM REM REM REM REM REM REM REM REM REM N2 N2 N2 N2 N2 N2 N2 N2 N2 N2 N2 N2 N2 N2 N2 N2 N2 N2 N2 N2 N2 N2 N2 N2 N2 N2 N2 N2 N2 N2 N2 N2 N2 N2 N2 N2 N2 N2 N2 N2 N2 N2 N2 N2 N2 N2 N2 N2 N2 N2 N2 N2 N2 N2 N2 N2 N2 N2 N2 N2 N2 N2 N2 N2 N2 N2 N2 N2 N2 N2 N2 N2 N2 N2 N2 N2 N2 N2 N2 N2 N2 N2 N2 N2 N2 N3 N2 N3 N2 N2 N3 N2 N2 N2 N3 N2 N2 N3 N2 N2 N3 N2 N3 N2 N2 N2 N3 N2 N2 N2 N2 N2 N2 N2 N2 N2 N2 N2 N2 N2 N2 N2 N2 N2 N2 N2 N2 REM REM REM REM REM REM REM REM REM REM REM REM REM REM REM REM REM REM REM REM REM REM REM REM REM REM REM REM REM REM REM REM REM REM REM REM REM REM REM REM REM REM REM REM REM REM REM REM REM REM REM REM REM REM REM REM REM REM REM REM REM REM REM REM REM REM REM REM REM REM REM REM N2 N2 N2 N2 N2 N2 N2 N2 N2 N2 N2 N2 N2 N2 N2 N2 N2 N2 N2 N2 N2 N2 N2 N2 N2 N2 N2 N2 N2 N2 N2 N2 N2 N2 N2 N2 N2 N2 N2 N2 N2 N2 N2 N2 N2 N2 N2 N2 N2 N2 N2 N3 N2 N2 N2 N2 N2 N3 N2 N2 N3 N3 N2 N3 N2 N2 N3 N2 N3 N2 N3 N3 N2 N3 N3 N3 N2 N2 N2 N3 N2 N2 N2 N2 N2 N2 N2 N2 N2 N2 N2 N2 N2 N2 N2 N2 N2 N2 N2 N2 N2 N1 N1 N2 N2 N2 N2 N2 N2 N2 N2 N2 N2 N2 N2 N2 N2 N2 N2 N2 N2 N2 N2 N2 N2 N2 N2 N2 N2 N2 N2 N2 N2 N2 N2 N2 N2 N2 N2 N2 N2 N2 N2 N2 N2 N2 N2 N2 N2 N2 N2 N2 N2 N2 N2 N2 N2 N2 N2 N2 N2 N2 N2 N2 N2 N2 N2 N2 N2 N2 N2 N2 N2 N2 N2 N2 N2 N2 N2 N2 N2 REM REM REM REM REM REM REM REM REM REM REM REM REM REM REM REM REM REM REM REM REM REM REM REM REM REM REM REM REM REM REM REM REM REM REM REM REM REM REM REM REM REM REM REM REM N2 N2 N2 N2 N2 W W N1 N1 N1 N1 N1 N1 N1 N1 N1 N1 N1 N1 N2 N2 N2 N2 N2 W W W W W W W W W W W W W W W N1 N1 N1 N1 N1 N1 N1 N1 N2 N2 W W W N1 W N1 W W W N1 N1 N1 W N1 N1 N1 N2 N2 N2 N2 N2 N2 N2 N2 N2 N2 N2 N2 N2 N2 N2 N2 N2 N2 N2 W W N1 N1 W N1 N1 N2 N2 N2 N2 N2 N2 N2 N2 N2 N2 N2 N2 N2 N2 N2 N2 N2 N2 N2 N2 N2 N2 N2 N2 N2 N2 N2 N2 N2 N2 N2 N2 N2 N2 N2 N2 N2 N2 N2 N2 N2 N2 N2 N2 N2 N2 N2 N2 N2 N2 N2 N2 N2 N2 N2 N2 N2 N2 N2 N2 N2 N2 N2 N2 N2 N2 N2 N2 N2 N2 N2 N2 N2 N3 N3 N2 N2 N2 N2 N2 N2 N2 N2 N2 N2 N2 N2 N2 N2 N2 N2 N2 N2 N2 N2 REM REM REM REM REM REM REM REM REM REM REM W N1 N1 N1 N1 N1 N1 N1 N1 N1 N1 REM REM REM REM REM REM REM REM REM REM W W N1 N1 N1 N1 N1 N1 N1 N1 N1 N1 N1 N1 N1 N1 N1 N1 N1 N1 N1 N1 N1 N1 N1 N1 N1 N2 N2 N2 W W W W W W W W W W W W W W W W N1 W W W W W W W W W W W W W W W W W W W W W W W W W W W W W W W W W W W W W W W W W W W W W W W W W W W W W W W W W W W W,processed_sleepedf/spectral/SC4211E0-PSG_spectral.pt
processed_sleepedf/tensors/SC4212E0-PSG.pt,W W W W W W W W W W W W W W W W W W W W W W W W W W W W W W W W W W W W W W W W W W W W W W W W W W W W W W W W W W W W N1 N1 N1 N1 N1 N1 N1 N1 N1 N1 N1 N1 N1 N2 N2 N2 N2 N2 N2 N2 N2 N2 N2 N2 N2 N2 W W W W W W W W W W W W N1 N1 N1 N1 N2 N2 N2 N2 N2 N2 N2 N2 N2 N2 N2 N2 N2 N2 N2 N2 N2 N2 N2 N2 N2 N2 N2 N2 N2 N2 N2 N2 N2 N2 N2 N2 N2 N2 N3 N2 N2 N2 N3 N2 N2 N3 N3 N2 N2 N2 N1 N1 N2 N2 N1 N2 N2 N2 W W W W W W W W W W W W W W W W W W W W W W W W W W W W W W N1 N1 N1 N1 N1 N1 W W W N1 N1 N1 N1 N1 N1 N1 N1 N1 N1 W W W W W W W W W W W W N1 N1 N1 N1 N1 N1 N1 N1 N1 W W W W N1 N1 N1 N2 N2 N2 N2 N2 N2 N2 N2 N2 N2 N2 N2 N2 N2 N2 N2 N2 N2 N2 N2 N2 N2 N2 N2 N2 N2 N2 N2 N2 N2 N2 N2 N2 N2 N2 N2 N2 N2 N2 N2 N2 N2 N2 N2 N2 N2 N2 N2 N2 N2 N2 N2 N2 N2 N2 N2 N2 N2 N2 N2 N2 N2 N2 N2 N2 N2 N3 N3 N2 N3 N2 N2 N3 N3 N3 N3 N3 N3 N2 N2 N3 N2 N3 N2 N2 N2 N2 N2 N3 N3 N2 N3 N3 N3 N3 N2 N2 N2 N2 N2 N2 N2 N2 N2 N2 N2 N2 N2 N2 N2 N2 N2 N2 N2 N2 N2 N2 N2 N2 N2 N2 N2 N2 N2 N2 N2 N2 N2 N2 N2 N2 N2 REM REM REM REM REM REM REM REM REM REM REM REM REM REM REM REM REM REM REM REM REM REM REM REM REM REM REM REM REM REM REM REM REM REM REM REM REM REM REM REM REM REM REM REM REM REM REM REM N1 N1 N1 N1 N2 N2 N2 N2 N2 N2 N2 N2 N2 N2 N2 N2 N2 N2 W N1 N1 N1 W W W W W W W N1 N1 N1 N1 N1 N1 N1 N2 N2 N2 N2 N2 N2 N2 N2 N2 N2 N2 N2 N2 N2 N2 N2 N2 N2 N2 N2 N2 N2 N2 N2 N2 N2 N2 N2 N2 N2 N2 N2 N2 N2 N2 N2 N2 N2 N2 N2 N2 N2 N2 N2 N2 N2 N2 N2 N2 N2 N2 N2 N2 N2 N2 N2 N2 N2 N2 N2 N3 N2 N2 N2 N2 N2 N2 N2 N2 N2 N2 N2 N2 N2 N2 N2 N2 N2 N2 N2 N2 N2 N2 N2 N2 N2 N2 N3 N2 N2 N2 N3 N3 N3 N3 N2 N2 N3 N3 N3 N2 N2 N3 N2 N2 N3 N3 N2 N3 N2 N2 N2 N3 N3 N3 N3 N3 N3 N2 N3 N3 N2 N2 N2 N2 N2 N2 N2 N2 N2 N2 N2 N2 N2 N2 REM REM REM REM REM REM REM REM REM REM REM REM REM REM REM REM REM REM REM REM REM REM REM REM REM REM REM REM REM REM REM REM REM REM REM REM REM REM REM N2 N2 N2 N2 N2 N2 N2 N2 N2 N2 N2 N2 N2 N2 N2 N2 N1 N1 N1 N1 N1 N1 N1 N1 N1 N2 N2 N2 N2 N2 N2 N2 N2 N2 N2 N2 N2 N2 N2 N2 N2 N2 N2 N2 N2 N2 N2 N2 N2 N2 N2 N2 N2 N2 N2 N2 N2 N2 N2 N2 N2 N2 N2 N2 N2 N2 N2 N2 N2 N2 N2 N2 N2 N2 N2 N2 N2 N2 N3 N2 N2 N2 N2 N2 N2 N2 N2 N2 N2 N2 N2 N2 N2 N2 N2 N2 N2 N2 N2 N2 N2 N2 N2 N2 N2 N2 N1 N1 N1 N1 N1 N2 N2 N2 N1 N1 N1 N1 N1 N1 N1 N1 N1 N1 N1 W W W W W W W W W W W W W W W W W W W W W W W W W W W W W W W W W W W W W W W W W W W W W W W W W W W W W W W W W W W W,processed_sleepedf/spectral/SC4212E0-PSG_spectral.pt
processed_sleepedf/tensors/SC4221E0-PSG.pt,W W W W W W W W W W W W W W W W W W W W W W W W W W W W W W W W W W W W W W W W W W W W W W W W W W W W W W W W W W W W N1 N1 N1 N1 N1 N1 N1 N1 N1 N1 N1 N1 N1 N1 N1 N2 N2 N2 N2 N2 N2 N2 N2 N1 N1 N2 N2 N2 N2 N2 N2 N2 N2 N2 N2 N2 N2 N2 N2 N2 N2 N3 N2 N2 W W W N1 N1 N1 N1 N2 N2 N2 N2 N2 N2 N3 N2 N2 N3 N3 N2 N3 N3 N2 N3 N3 N3 N2 N3 N3 N3 N3 N2 N1 N2 N2 N2 N2 N2 N2 N2 N3 N2 N3 N3 N3 N2 N2 N1 N1 N2 N3 N2 N2 N2 N2 N2 N2 N2 N2 N3 N3 W W N1 N1 W N1 N1 N1 N1 N1 N2 N2 W W W N1 N1 N1 N1 N1 N1 N1 N1 N1 N1 N1 N1 N1 N1 N1 N1 N1 N1 N2 N2 N2 N2 N2 N2 N2 N2 N2 N3 N2 N2 N2 N2 N2 N2 N3 N3 N2 N3 N2 N2 N2 N2 N3 N3 N3 N3 N3 N3 N3 N3 N2 N2 N3 N3 N3 N3 N3 N2 N3 N2 N3 N3 N3 N2 N3 N3 N3 N3 N3 N3 N3 N3 N3 N3 N2 N2 N1 N1 N2 N2 N2 N2 N2 N2 N2 W W N1 W W N1 N1 N1 N1 N1 N1 N1 N1 N1 N1 N1 N1 N1 N2 N2 N1 N1 N1 N2 N2 W N1 N1 N1 N1 N1 N1 N1 N2 N2 N2 N2 N2 N2 N2 N2 N2 N2 N2 N2 N2 N2 N1 N2 N2 N2 N2 N2 N2 N2 N2 N2 N2 N2 REM REM REM REM REM REM REM REM REM REM REM REM REM REM REM REM REM REM REM REM REM REM REM REM REM REM REM REM REM REM REM REM N1 N1 N1 N1 N1 REM REM REM REM REM REM REM REM REM REM REM REM REM REM REM N1 N1 N1 N1 N1 N2 N2 N2 N2 N2 N2 N2 N2 N2 N2 N2 N2 N2 N2 N2 N2 N2 N3 N2 N3 N3 N2 N2 N2 N3 W W N1 N1 N2 N2 N2 N2 N2 N2 N2 N2 N2 N2 N2 N2 N2 N2 N2 N2 N2 N2 N2 N2 N2 N2 N2 N1 N1 N1 N1 N2 N2 N2 N2 N2 N2 N2 N2 N2 N2 N2 N2 N2 N2 N2 N2 N2 N2 N2 N2 N2 N2 N2 N2 N2 N2 N2 N2 N2 N2 N2 N2 N2 N2 N2 N2 N2 N2 N2 N2 N2 N2 N2 N1 N1 N2 N2 N2 N2 N2 N2 N2 N2 N2 N2 N2 N2 N2 N2 N2 N2 N2 N2 N2 N2 N2 N2 N2 N2 N2 N2 N2 N2 N2 W N1 N1 N1 N1 N1 N1 N1 N1 N2 N2 N2 N2 N2 N2 N2 N2 N2 N1 N1 N2 W N1 N1 N1 N1 N1 N1 N1 N1 N1 N1 N1 N2 N2 N2 N2 N2 N2 N2 N2 N2 N2 N2 N2 N2 N2 N2 N2 N2 N2 N2 N2 N2 N2 N2 N2 N2 N2 N2 N2 N2 N2 N2 N2 N2 N2 N2 N2 N2 N2 N1 N2 N2 N2 N2 N2 N2 N2 N2 N2 N2 N2 N2 W N1 N2 N2 N2 N2 N2 N2 N2 N2 N2 N2 N2 N2 N2 N2 N2 N2 N2 N3 N2 N2 N2 N2 N2 N2 N2 N3 N3 N2 N3 N2 N2 N2 N2 N2 N2 N3 W W N1 N1 N1 N2 N2 N2 REM REM REM REM REM REM REM REM REM REM REM REM REM REM REM N1 REM REM REM REM REM REM REM REM REM REM REM REM REM REM REM REM REM REM REM REM REM REM REM REM N1 REM REM REM REM REM REM REM REM REM REM REM REM REM REM REM REM REM REM REM REM REM REM REM REM REM REM REM REM REM REM N1 N1 REM REM REM REM REM REM REM REM REM REM REM REM REM REM REM REM REM REM REM REM REM REM REM REM REM REM REM REM REM N1 N1 N1 N1 N1 N1 N1 N1 N1 N1 N1 N1 N1 N2 N2 N2 N2 N2 N2 N2 W N1 N1 W W N1 W N1 N1 N1 N1 N1 N1 N1 N1 N1 N2 N2 N2 N2 N2 N2 N2 N2 N2 N2 N2 N2 N2 N2 N2 N2 N2 N2 N2 N2 N2 N2 N2 N2 N2 N2 N2 N2 N2 N2 N2 N2 N2 N2 N2 N2 N2 N2 N2 N2 N2 N2 N2 N2 N2 N2 N2 N2 N3 N2 N3 N2 N2 N2 N2 N2 N1 N1 N1 N1 N1 N1 N1 N1 N1 N2 N2 N2 N2 N2 N2 N1 N1 N2 N2 N2 N2 N1 N1 N1 N1 N1 N1 N2 N2 N2 N2 N2 N2 N2 N2 N2 N2 N2 N2 N2 N2 N2 N2 N2 REM REM REM N1 N1 N1 N1 N1 REM REM REM REM REM REM REM REM REM REM REM REM REM REM REM REM REM REM REM N1 N1 REM REM REM REM REM REM REM REM REM REM REM REM REM REM REM W N1 N1 N1 N1 W W W N1 N1 N1 N1 N1 N1 N1 N1 N1 N1 N1 N1 N1 N1 N1 N2 N2 N2 N1 N1 N1 N1 W W N1 N1 N1 N1 N1 N1 N1 N1 N1 N1 N1 N1 N1 N1 N1 N2 N2 N2 N2 N2 W N1 N2 N2 N2 N2 N2 N2 N2 N2 N2 N2 N2 N2 N2 N2 N2 N2 N2 N2 N2 N2 N2 N2 N2 N2 N2 N2 N2 N2 N2 N2 N2 N2 N2 W W W W W W W W W W W W W W N1 N1 N1 N1 N1 W W W W W N1 N1 W W N1 N1 W W W W W W W W W W W W W W W W W W W W W W W W W W W W W W W W W W W W W W W W W W W W W W W W W W W W W W W W W W W W,processed_sleepedf/spectral/SC4221E0-PSG_spectral.pt
processed_sleepedf/tensors/SC4222E0-PSG.pt,W W W W W W W W W W W W W W W W W W W W W W W W W W W W W W W W W W W W W W W W W W W W W W W W W W W W W W W W W W W W N1 N1 N1 N1 N1 N1 N1 N1 N1 N1 N1 N1 N2 N2 N2 N2 N2 N2 N2 N2 N2 N2 N2 N2 N2 N2 N2 N2 N2 N2 N2 N3 N3 N3 N3 N3 N3 N3 N3 N3 N3 N3 N3 N3 N3 N3 N3 N3 N3 N3 N3 N3 N3 N3 N3 N3 N3 N3 N3 N2 N2 N3 N3 N2 N2 N2 N2 N2 N3 N3 N3 N3 N3 N3 N3 N3 N3 N3 N3 N3 N2 N2 N3 N2 N3 N2 N3 N3 N3 N3 N3 N3 N3 N3 N3 N3 N3 N3 N3 N3 N2 N2 N2 N2 N2 N2 N2 N3 N2 N3 N3 N2 N2 N2 N2 N2 N3 N2 W N2 N2 N2 N2 N2 N2 N2 N2 N2 N2 N2 N2 N2 N2 N2 N3 N2 W N2 N2 N2 N2 N2 N2 N2 N2 N1 N1 N1 N1 N2 N1 N1 N1 N1 N2 N1 W N1 N1 N1 N1 N1 N1 REM REM REM REM REM REM REM REM REM REM REM W W N2 N2 N2 N1 N1 REM REM REM W N1 REM REM REM REM REM REM REM REM REM REM REM REM REM REM REM REM REM REM REM W N1 N2 REM REM REM REM REM REM N2 N2 N2 N2 N2 N2 N2 N2 N2 N2 N2 N2 N2 N2 W N2 N2 N2 N2 N2 N2 N2 N2 N2 N2 N2 N2 N2 N1 N1 N1 N1 N1 N2 N2 N2 N2 N2 N2 N2 N2 N2 N2 N2 N2 N2 N2 N2 N2 N2 N2 N2 N2 W N2 N2 N2 N2 N2 N2 N2 N2 N2 N2 N2 N2 N3 N3 N2 N2 N3 N3 N3 N3 N3 W W N1 N2 N2 N2 N2 N2 N2 N2 N2 N2 N2 N2 N2 N2 N2 N3 N3 N2 N3 N3 N3 N3 N3 N3 N3 N3 N3 N3 N3 N3 N3 N3 N3 N3 N3 N3 W N2 N3 N3 N3 N3 N3 N3 N3 N3 N3 N3 N3 N3 N2 N1 N2 N2 N2 N2 N2 N2 N2 N3 N2 N2 N2 N3 N3 N2 N2 N3 N3 N2 N3 N2 N3 N3 N3 N3 N3 N3 N3 W W W W W W W N1 N1 N1 N1 N1 N2 N2 N2 N2 N2 N2 N2 N2 N2 N2 N2 N2 N2 N1 N1 N1 N2 N1 N2 N2 N2 N1 N1 N2 N2 N2 N2 N2 N2 N2 N2 N2 N2 N2 N2 N2 N2 N2 N2 N2 N2 N2 N2 N2 N2 N2 N2 N2 N2 N2 N2 N2 N2 N2 N2 N2 N2 N2 N2 N2 N2 N2 N2 N2 N2 N2 N2 N2 N2 N2 N2 N2 N2 N2 N2 N2 N2 N2 REM REM REM REM REM REM REM REM REM REM REM REM REM REM REM REM REM REM REM REM REM REM REM REM REM REM REM REM REM REM REM REM REM REM REM REM REM REM W REM REM REM REM REM REM REM REM REM REM REM REM REM REM REM REM REM REM REM REM REM REM REM REM REM REM REM W W N1 N1 N1 N1 N1 N1 N2 N2 N2 N2 N2 N2 N2 N2 N2 N2 N2 N2 N2 N2 N2 N2 N2 N2 N2 N2 N2 N3 N2 N2 N3 N3 N2 W W N1 N1 N2 N2 N2 N2 N2 N2 N2 N2 N2 N2 N2 N2 N2 N2 N2 N2 N2 N2 N2 N2 N2 N2 N2 N2 W N2 N2 N2 N2 N2 N2 N2 N2 N2 N2 N2 N2 N2 N3 N3 N3 N3 N3 N3 N3 N3 N3 N3 N3 N3 N3 W N1 N1 N2 N2 N2 N2 N1 N2 N2 N2 N2 N2 N2 N2 W W N1 N1 N2 N2 N2 N2 N2 N2 N2 N2 N2 N2 N2 N2 N2 N2 N2 N2 N2 N2 N2 N2 N2 N2 N2 N2 N2 N2 N3 W N1 N1 N1 N2 N2 W W N1 N1 N2 N2 N2 N2 N2 N2 N2 N2 N2 N2 N2 N2 REM REM REM REM REM REM REM REM REM REM REM REM REM REM REM REM REM REM REM REM REM N1 REM REM REM REM REM REM REM REM REM REM REM REM REM REM REM REM REM REM REM REM REM REM REM REM REM REM REM REM REM REM REM REM REM REM REM REM REM REM REM REM REM REM REM REM REM REM REM REM REM REM REM REM REM N2 N2 N2 N2 N2 N2 N2 N2 N2 N2 N2 N2 N2 N2 N2 N3 N2 N2 N2 W W W N1 N1 N1 N1 W N1 N1 N2 N2 N2 N2 N2 N2 N2 N2 N2 N2 N2 N2 N2 N2 N2 N2 N2 W W N2 N2 N2 N2 N2 N2 N2 N2 N2 N2 N2 N2 N2 N2 N2 N2 N2 N2 N2 N2 N2 N2 N2 N2 N2 N2 N2 N2 N2 W N1 N1 N1 N2 N2 N2 N2 N2 N2 N2 N2 N2 N2 N2 N2 N2 N2 N2 N2 N2 N2 N2 N2 N2 N2 N3 N2 N2 N2 N1 N1 N1 N1 N2 N2 N2 N2 N2 N2 N2 N2 N2 N2 N2 N2 N2 N2 N2 N2 N2 N2 N2 N2 N2 W W N1 N2 N2 N2 N2 REM REM REM REM REM REM REM REM REM REM REM REM REM REM REM REM REM REM REM REM REM REM REM REM REM REM REM REM REM REM REM REM REM REM REM REM REM REM REM REM REM REM W W N1 N1 N1 W W W N1 N1 N1 N2 N2 N2 N2 N2 N2 N2 N2 N2 N2 N2 N2 N2 N2 N2 N2 N2 N2 N2 N2 N2 N2 N2 N2 N2 N2 N2 N2 N2 N2 N2 N2 N2 W W N1 N1 W W W W W W W W W W W W W W W W W W W W W W W W W W W W W W W W W W W W W W W W W W W W W W W W W W W W W W W W W W W W,processed_sleepedf/spectral/SC4222E0-PSG_spectral.pt
processed_sleepedf/tensors/SC4231E0-PSG.pt,W W W W W W W W W W W W W W W W W W W W W W W W W W W W W W W W W W W W W W W W W W W W W W W W W W W W W W W W W W W W N1 N1 N1 N1 N1 N1 N1 N1 N1 N1 N2 N2 N2 N2 N2 N2 N2 N2 N2 N1 N2 N2 N2 N2 N2 N2 N2 N2 N2 N2 N2 N2 N2 N2 N2 N2 N2 N2 N2 N2 N2 N2 N2 N2 N2 N2 N2 N2 N2 N2 N2 N2 N2 N2 N2 N2 N2 N2 N2 N2 N2 N1 N1 N2 N2 N2 N2 N2 N2 N3 N2 N2 N2 N2 REM REM REM REM REM REM REM REM REM REM REM REM REM REM REM REM REM REM REM REM REM REM REM REM REM REM REM N1 N1 N1 N1 N1 N1 N1 N1 N2 N2 N1 N1 N1 N1 N1 N1 N1 N1 N1 N2 N2 N2 N2 N2 N2 N2 N2 N2 N2 N2 N2 N2 N2 N2 N2 N2 N2 N2 N2 N2 N2 N2 N2 N2 N2 N2 N2 N2 N2 N2 N2 N2 N2 N2 N2 N2 N2 N2 N2 N2 N2 N2 N2 N3 N2 N3 N2 N2 N2 N2 N2 N2 N2 N2 N3 N2 N3 N2 N2 N2 N2 N2 N2 N2 N2 N3 N3 N2 N2 N1 N2 N2 N2 N2 N2 N2 N2 N2 N2 N2 N2 N2 N2 N2 N2 N2 N2 N2 N2 N2 N2 N3 N2 N2 N2 N2 N2 N3 N2 N2 N2 N2 N2 N3 N2 N3 N3 N2 N2 N1 N1 N1 N1 N1 N1 N1 N1 N1 N1 N2 N2 N2 REM REM REM REM REM REM REM REM REM REM REM REM REM REM REM REM REM REM REM REM REM REM REM REM REM REM REM REM REM REM REM REM REM REM REM REM REM REM REM REM REM REM REM REM REM REM REM REM REM REM REM REM REM REM REM REM REM REM REM REM REM REM REM N1 N1 N1 N1 N1 N1 N1 N1 N2 N2 N2 N2 N2 N2 N2 N2 N2 N1 N2 N2 N2 N2 N2 N2 N1 N1 N1 N1 N1 N1 N2 N2 N2 N2 N2 N2 N2 N2 N2 N2 N2 N1 N1 N1 N2 N2 N1 N1 N1 N1 N1 N2 N1 N1 N1 N2 N1 N1 N1 N2 N2 N2 N2 N2 N2 N2 N2 N2 N2 N2 N2 N2 N2 N2 N2 N2 N2 N2 N2 N2 N2 N2 N2 N2 N2 N2 N2 N2 N2 N2 N2 N2 N2 N2 N2 N2 N2 N2 N2 N2 N2 N2 N2 N2 N2 N2 N2 N2 N2 N1 N2 N1 N2 N2 N2 N2 N2 N2 N1 N1 N2 N2 N2 N2 N2 N2 N2 N2 N2 N2 N2 N2 N2 N2 N2 N2 REM REM REM REM REM REM REM REM REM REM REM REM REM REM REM N1 N1 N1 N1 REM REM REM N1 N1 REM REM REM REM REM REM REM REM REM REM REM REM REM REM REM REM REM REM REM N1 N1 N1 REM REM REM REM REM REM REM REM REM REM REM REM REM REM REM REM REM REM REM REM REM REM N1 N1 REM REM REM REM REM REM REM REM REM REM REM REM W N1 N1 N1 REM REM REM REM REM REM REM REM REM REM REM REM REM REM REM REM REM REM REM N1 N1 N1 N1 N1 N1 N2 N2 N2 N2 N2 N2 N2 N2 N2 N2 N2 N2 N2 N2 N2 N2 N2 N2 N2 N2 N2 N2 N2 N2 N2 N2 N2 N2 N2 N2 N2 N2 N1 N1 N2 N2 N2 N2 N2 N1 N1 N1 N1 N2 N2 N2 N2 N2 N2 N2 N2 N2 N2 N2 N2 N2 N2 N2 N2 N2 N2 N2 N2 N2 N2 N2 N2 N2 N1 N1 N2 N2 N2 N2 N2 N2 N2 N2 N2 N2 N2 N2 N2 N2 N2 N2 N2 N2 N2 REM REM REM REM REM REM REM REM REM REM REM REM REM REM REM REM REM REM REM REM N1 N1 N1 N1 N2 N2 N2 N2 N2 N2 N2 N2 N2 N1 N1 N1 N1 N2 N2 N2 N2 N2 N2 N2 N2 N2 N2 N2 REM REM REM REM REM REM REM REM REM REM REM N1 N1 N1 N1 N2 N2 N1 N1 N2 N2 N2 N2 N2 N2 REM N1 N1 N1 N1 N2 N2 N2 N2 N2 N2 N2 N2 N2 N2 N1 N1 N2 N2 N2 N2 N2 N2 N2 W N1 W N1 W W N1 N1 W N1 N1 N1 N1 N2 N2 N2 N2 N2 N2 N2 N2 N2 N2 N1 N1 N1 N1 N1 N2 N2 N2 N2 N2 N2 N2 N2 N2 N2 N2 N2 N1 N1 W N1 N1 W W W W W W W W W W W W W W W W W W W W W W W W W W W W W W W W W W W W W W W W W W W W W W W W W W W W W W W W W W W W,processed_sleepedf/spectral/SC4231E0-PSG_spectral.pt
processed_sleepedf/tensors/SC4232E0-PSG.pt,W W W W W W W W W W W W W W W W W W W W W W W W W W W W W W W W W W W W W W W W W W W W W W W W W W W W W W W W W W W W N1 N1 N1 N1 N1 N1 N1 N1 N1 N2 N2 N2 N2 N2 N2 N2 N2 N2 N2 N2 N2 N2 N2 N2 N2 N2 N2 W W W W W W W W W W W W N1 N1 N1 N1 N1 N1 N1 N1 N1 N1 N1 N1 N1 N1 N1 N1 N1 N1 N2 N2 N2 N2 N2 N2 N2 N2 N2 N2 N2 N2 N2 N2 N1 N1 N2 N1 N1 N1 N1 N1 N1 N1 N1 N1 N1 N1 N1 W W W W W W W N1 N1 N1 N1 N1 N1 N1 N1 W W W W W W W W N1 N1 N1 N1 W W N2 N2 N2 N1 W N1 W N1 N1 N1 N1 N1 N1 N1 N2 N2 N2 N2 N2 N2 N2 N2 N2 N2 N2 N2 N2 W W N1 W W W N1 N1 N2 N2 N2 N2 N2 N2 N2 REM REM REM REM REM N2 N1 W N1 N1 N1 N1 N2 N2 REM REM REM REM REM REM REM REM REM REM REM REM REM REM REM REM REM REM REM W N1 N1 N1 N1 N1 N1 N1 N1 N1 N1 N1 N1 N1 N1 N1 N1 N2 N2 N2 N1 N1 N1 N1 N1 N1 N1 N1 N1 N1 N1 N1 N1 N1 N1 N1 N1 N1 N1 N1 N1 N1 N1 N1 N1 N1 N1 N1 N1 N1 N1 N2 N1 N1 N1 N1 N1 N1 N1 N1 N1 N1 N1 N1 N1 N1 N1 N1 N1 N1 N1 N1 N1 N1 N1 N1 N1 N1 N1 N1 N1 N1 N2 N1 N1 N1 N1 N1 N1 N1 N1 N1 W N1 N1 N1 N1 N1 N1 N1 N1 N1 N1 N1 N1 N1 N1 N1 N1 N1 N1 N1 N1 N1 N1 N1 REM REM REM REM REM REM REM REM REM REM REM REM REM REM REM REM REM REM REM REM REM REM REM REM REM REM REM REM REM REM REM REM REM REM REM REM REM REM REM REM REM REM REM N1 N1 N1 N2 N2 N2 N2 REM REM REM REM REM REM REM REM REM REM REM REM REM REM REM N1 N1 N1 N1 N1 N1 N1 N1 N1 N1 N1 N1 N1 N1 N1 N1 N1 N1 N1 N1 N1 N1 W N1 N1 N1 N1 N1 N1 N1 N1 N1 N1 N1 N1 N1 N1 N1 N1 W N1 N1 N1 N1 N1 W N2 N2 N2 N1 N2 N2 N1 N1 N2 N2 N1 N2 N2 N1 N2 N2 N2 N1 N1 N2 N1 N1 N1 N1 N1 N1 N1 N2 N1 N1 N1 N2 N2 N2 N2 N2 N2 N1 N1 N1 N1 N1 N1 N1 N1 N1 N2 N2 N2 N2 N3 N1 N1 N1 N1 N1 N1 N1 N1 N2 N2 W N1 N1 N2 N1 REM N1 N1 N1 N1 N1 N2 N2 N2 N2 N2 REM REM REM REM REM REM REM REM REM REM REM REM REM REM REM REM REM REM REM REM REM REM REM REM REM REM REM N1 N1 N1 N1 N1 N1 N1 N1 N2 N1 N1 N1 N1 N1 N1 N2 N1 REM REM REM REM REM REM REM REM REM REM REM REM REM W N1 REM REM REM REM REM REM REM N2 N2 N1 N2 N2 N2 N2 REM REM N2 N2 N2 N2 N2 N2 N2 N2 N2 N2 N2 N1 N1 N1 N1 W W N1 N1 W N1 N1 N1 N2 N2 N2 N2 N2 N2 N2 N2 N2 N2 N2 N2 N1 REM REM REM REM REM REM REM REM REM REM REM REM REM REM REM REM REM REM REM REM REM REM REM REM REM REM REM REM REM REM REM REM REM REM REM REM REM REM REM REM REM REM REM REM REM REM REM REM REM REM REM REM REM REM REM REM REM REM REM REM REM REM N2 N2 N2 N2 N2 N2 REM REM N2 N2 N2 N2 N2 N2 N1 N1 N1 N1 N1 N1 N1 N1 N1 N1 N2 N2 N2 N2 N2 N1 N1 N1 N2 N1 N1 N1 N1 N2 N2 N2 N2 N1 N2 N2 N2 N2 N2 N2 N2 N2 N2 N2 N2 N2 N2 N2 N2 N2 N2 N2 N2 N2 N2 N2 N2 N2 N2 N2 N2 N2 N2 N2 N2 N2 N2 N2 N2 W N1 N2 N2 N2 N2 N2 W W N1 N1 N1 N1 N1 N1 N1 N1 W N1 N1 N1 N1 N1 N1 N1 N1 N1 N1 N1 N1 N1 N1 N1 N1 N1 N1 N1 N1 N2 N2 N2 N1 N1 N1 N1 N1 N1 N1 W W N1 N1 N1 N1 N1 N1 N1 N1 N1 N1 N1 N1 N1 N1 N2 N2 N2 N2 N2 REM REM REM REM REM REM REM REM REM REM REM REM REM REM REM REM REM REM REM REM REM W W W W W W W W W W W W W W W W W W W W W W W W W W W W W W W W W W W W W W W W W W W W W W W W W W W W W W W W W W W W W W W W W W W W W W W W W W W W W W W W W W W W W W W W W W W W W W W W W W W W W W W W W W W W W W W W W W W W W W W W W W W W W W W W W W W W W W W W W W W W W W W W W W W W W W W W W W W W W W W W W W W W W W W W W W W W W W W W W W W W W W W W W W W W W W W W W W W W W W W W W W W W W W W W W W W W W W W W W W W W W W W W W W W W W W W W W W W W W W W W W W W W W W W W W W W W W W W W W W W W W W W W W W W W W W W W W W W W W W W W W W W W W W W W W W W W W W W W W W W W W W W W W W W W W W W W W W W W W W W W W W W W W W W W W W W W W W W W W W W W W W W W W W W W W W W W W W W W W W W W W W W W W W W W W W W W W W W W W W W W W W W W W W W W W W W W W W W W W W W W W W W W W W W W W W W W W W W W W W W W W W W W W W W W W W W W W W W W W W W W W W W W W W W W W W W W W W W W W W W W W W W W W W W W W W W W W W W W W W W W W W W W W W W W W W W W W W W W W W W W W W W W W W W W W W W W W W W W W W W W W W W W W W W W W W W W W W W W W W W W W W W W W W W W W W W W W W W W W W W W W W W W W W W W W W W W W W W W W W W W W W W W W W W W W W W W W W W W W W W W W W W W W W W W W W W W W W W W W W W W W W W W W W W W W W W W W W W W W W W W W W W W W W W W W W W W W W W W W W W W W W W W W W W W W W W W W W W W W W W W W W W W W W W W W W W W W W W W W W W W W W W W W W W W W W W W W W W W W W W W W W W W W W W W W W W W W W W W W W W W W W N1 N1 N1 N1 N1 N1 N1 N1 N1 N1 N1 N1 N1 N2 N2 N2 N2 N2 N2 N2 N1 N1 N1 N2 N2 N2 N1 W N1 N1 N2 N2 N1 W W W W W W W W W W W W W W W W W W W W W W W W W W W W W W W W W W W W W W W W W W W W W W W W W W W W W W W W W W W W,processed_sleepedf/spectral/SC4232E0-PSG_spectral.pt
processed_sleepedf/tensors/SC4241E0-PSG.pt,W W W W W W W W W W W W W W W W W W W W W W W W W W W W W W W W W W W W W W W W W W W W W W W W W W W W W W W W W W W W N1 N1 N1 N1 N1 N1 N1 W N1 N1 N1 N1 N1 N1 N1 N1 N1 N1 N1 N1 N1 N1 N1 N1 N2 N2 N2 N2 N2 N2 N2 N1 N1 N2 N2 N2 N2 N1 N1 N2 W W W W W W W W W W W W W W W W W W W W W W W W W W W W W W W W W W W W W W W W W W W W W W W W W W W W W W W W W W W W W W W W W W W W W W W W W W W W W W W W W W W W W W W W W W W W W W W W W W W W W W W W W W W W W W W W W W W W W W W W W W W W W W W W W W W W W W W W W W W W W W W W W W W W W W W W W W W W W W W W W W W W W W W W W W W W W W W W W W W W W W W W W W W W W W W W W W W W W W W W W W W W W W W W W W W W W W W W W W W W W W W W W W W W W W W W W W W W W W W W W W W W W W W W W W W W W W W W W W W W W W W W W W W W W W W W W W W W W W W W W W W W W W W W W W W W W W W W W W W W W W W W W W W W W W W W W W W W W W W W W W W W W W W W W W W W W W W W W W W W W W W W W W W W W W W W W W W W W W W W W W W W W W W W W W W W W W W W W W W W W W W W W W W W W W W W W W W W W W W W W W W W W W W W W W W W W W W W W W W W W W W W W W W W W W W W W W W W W W W W W W W W W W W W W W W W W W W W W W W W W W W W W W W W W W W W W W W W W W W W W W W W W W W W W W W W W W W W W W W W W W W W W W W W W W W W W W W W W W W W W W W W W W W W W W W W W W W W W W W W W W W W W W W W W W W W W W W W W W W W W W W W W W W W W W W W W W W W W W W W W W W W W W W W W W W W W W W W W W W W W W W W W W W W W W W W W W W W W W W W W W W W W W W W W W W W W W W W W W W W W W W W W W W W W N1 W W W W W N1 N1 N1 N1 N1 N1 N1 N1 N2 N2 N2 N2 N2 N2 N2 N2 N2 N2 N2 N2 N2 N2 N2 N2 N2 N2 N2 N2 N2 N2 N2 N2 N2 N2 N2 N2 N2 N2 N2 N2 N2 N2 N2 N2 N2 N2 N2 N2 N2 N3 N2 N2 N2 N2 N3 N3 N3 N2 N3 N3 N3 N3 N3 N3 N3 N3 N2 N3 N3 N3 N3 N2 N2 N3 N3 N3 N2 N3 N3 N3 N2 N3 N3 N3 N2 N3 N3 N3 N3 N3 N3 N2 N3 N3 N3 N2 N3 N2 N3 N3 N1 N1 N1 N1 N1 N1 N1 N2 N2 N2 N2 N2 N2 N2 N2 N2 N2 N2 N2 N2 N2 N2 N2 N2 N2 N2 N2 N2 N2 N2 N2 N2 N2 N2 N2 N2 N2 N2 N2 N2 REM REM REM REM REM REM REM REM REM REM REM REM REM REM REM REM REM REM REM REM REM REM REM REM REM REM REM REM REM REM W N1 N1 N1 N1 N2 N2 N2 N2 N2 N2 N2 N2 N2 N2 N2 N2 N2 N2 N2 N2 N2 N2 N2 N2 N2 N2 N2 N2 N2 N2 N2 N2 N2 N2 N2 N2 N2 N2 N2 W N1 N1 N1 N1 N1 N1 N1 N2 N2 N2 N2 N2 N2 N2 N2 N1 N1 W W W W W W W W W W W W W W W W W W W W W W W W W W W W N1 W N1 W W W W W W W W W W W W N1 N1 N1 N1 N1 W N1 N1 N1 N1 N2 N2 N2 N2 N2 N2 N2 N2 N2 N2 N2 N2 N2 N2 N2 N2 N2 N2 N2 N2 N2 N2 N1 N1 N1 N1 N1 N2 N2 N2 N2 N2 N2 N2 N2 N2 N2 N2 N2 N2 N2 N2 N2 N2 N2 N2 N2 N2 N2 N2 N2 N2 N2 N2 W W W W W W W W W W W W W W W W W W W N1 N1 N1 N1 N2 N2 N2 N2 N2 N2 N2 N2 N2 N2 N2 N2 N2 N2 N2 N2 N2 N2 N2 N2 N2 N2 N2 N2 N2 N2 N2 W W W N1 N1 N1 N2 N2 N2 N2 N2 N2 N2 N2 N2 N2 N2 N2 N2 N2 N2 N2 N2 N2 N2 N2 N2 N2 N2 N2 N2 N2 N2 N2 N2 N2 N2 N2 N2 N2 N2 N2 N2 N2 N2 N2 N2 N2 REM REM REM REM REM REM REM REM REM REM REM REM REM REM REM REM REM REM REM REM REM REM REM REM REM REM REM REM REM REM REM REM REM REM REM REM REM REM REM REM REM REM REM REM REM REM REM REM REM REM REM REM REM REM REM REM REM REM REM REM REM REM REM REM REM REM REM REM REM REM REM REM REM REM REM REM REM REM REM REM REM REM REM REM REM REM REM REM REM REM REM REM REM REM REM REM REM W W W W W N1 N1 N1 N1 N2 N2 N2 N2 N2 N2 N2 N2 N2 N2 N2 N2 N2 N2 N2 N2 N2 N2 N2 N2 N2 N2 N2 N2 N2 N2 N2 N2 N2 N2 N2 N2 N2 N2 N2 N2 N2 N2 N2 N2 N2 N2 N2 N2 N2 N2 N2 N2 N2 N2 N2 N2 N2 N2 N2 N2 N2 N2 N2 N2 N2 N2 N2 N2 N2 N2 N2 N2 N2 N2 N2 N2 N2 N2 N2 N2 N2 N2 N2 N2 N2 N2 N2 N2 N2 N2 N2 N2 N2 N2 N2 N2 N2 N2 N2 N2 N2 N2 N2 N2 N2 N2 N2 N2 N2 N2 N2 N2 N2 N2 N2 N2 N2 N2 N2 N2 N2 N2 N2 N2 N2 N2 N2 N2 N2 N2 N2 N2 N2 N2 N2 N2 REM REM REM REM REM REM REM REM REM REM REM REM REM REM REM REM REM REM REM REM REM REM REM REM REM REM REM REM REM REM REM REM REM REM REM REM REM REM REM REM REM REM REM REM REM REM REM REM REM REM REM REM REM REM REM REM REM N1 N1 N2 N2 N2 N2 N2 N2 N2 N2 N2 N2 N2 N2 N2 N2 N2 N2 N2 N2 N2 N2 N2 N2 N2 N2 N2 N2 N2 N2 N2 N2 N2 N2 N2 N2 N2 N2 N2 N2 N2 N2 N2 N2 N2 N2 N2 N2 N2 N2 N2 N2 N2 N2 N2 N2 N2 N2 N2 N2 N2 N2 N2 N2 N2 N2 N2 N2 N2 N2 N2 N2 N2 N2 N2 N2 N2 N2 N2 N2 N2 N2 N2 N2 N2 N2 N2 N3 N3 N2 N3 N2 N2 N3 N2 N2 N3 N2 N2 N2 N3 N2 N2 N2 N2 N3 N2 N2 N2 N2 N2 N2 N2 N2 N2 N2 N2 N2 N2 N2 N2 N2 N2 N2 N2 N2 N2 N2 N2 N2 W W W W W W W W W W W W W W W W W W W W W W W W W W W W W W W W W W W W W W W W W W W W W W W W W W W W W W W W W W W W,processed_sleepedf/spectral/SC4241E0-PSG_spectral.pt
processed_sleepedf/tensors/SC4242E0-PSG.pt,W W W W W W W W W W W W W W W W W W W W W W W W W W W W W W W W W W W W W W W W W W W W W W W W W W W W W W W W W W W W N1 W N1 N1 N1 N1 N1 N2 N2 N2 N2 N2 N1 N2 N2 N1 N2 N2 N2 N2 N2 N2 N2 N2 N2 N2 N2 N2 N2 N2 N2 N1 N2 N2 N2 N2 N2 N2 N2 N2 N2 N2 N2 N2 N2 N2 N2 N2 N2 N2 N2 N2 N2 N2 W W W W W W W W W W W W W W W W W W W W W W W W W W W W W W W W W W W W W W W W W W W W W W W W W W W W W W W W W W W W W W W W W W W W W W W W W W W W W W W W W W W W W W W W W W W W W W W W W W W W W W W W W W W W W W W W W W W W W W W W W W W W W W W W W W W W W W W W W W W W W W W W W W W W W W W W W W W W W W W W W W W W W W W W W W W W W W W W W W W W W W W W W W W W W W W W W W W W W W W W W W W W W W W W W W W W W W W W W W W W W W W W W W W W W W W W W W W W W W W W W W W W W W W W W W W W W W W W W W W W W W W W W W W W W W W W W W W W W W W W W W W W W W W W W W W W W W W W W W W W W W W W W W W W W W W W W W W W W W W W W W W W W W W W W W W W W W W W W W W W W W W W W W W W W W W W W W W W W W W W W W W W W W W W W W W W W W W W W W W W W W W W W W W W W W W W W W W W W W W W W W W W W W W W W W W W W W W W W W W W W W W W W W W W W W W W W W W W W W W W W W W W W W W W W W W W W W W W W W W W W W W W W W W W W W W W W W W W W W W W W W W W W W W W W W W W W W W W W W W W W W W W W W W W W W W W W W W W W W W W W W W W W W W W W W W W W W W W W W W W W W W W W W W W W W W W W W W W W W W W W W W W W W W W W W W W W W W W W W W W W W W W W W W W W W W W W W W W W W W W W W W W W W W W W W W W W W W W W W W W W W W W W W W W W W W W W W W W W W W W W W W W W W W W W W W W N1 W N1 N1 N1 N1 N1 N1 N1 N2 N2 N2 N2 N2 N2 N2 N2 N2 W W W W N1 N1 N1 N1 N1 N1 N1 N2 N2 N2 N2 W W N1 N1 N1 N1 N2 N2 N2 N2 N2 N2 N2 N2 N2 N2 N2 N2 N2 N2 N2 N2 N2 N2 N2 N2 N2 N2 N2 N2 N2 N2 N2 N2 N3 N3 N3 N3 N2 W W W W W N1 N1 N1 N2 N2 N2 N2 N2 N2 N2 N2 N2 N2 N2 N2 N2 N2 N2 N2 N2 N2 N2 N2 N2 N2 N2 N2 N2 N2 N2 N2 N2 N2 N2 N2 N2 N2 N2 N2 N2 N2 N2 N2 N2 N2 N2 N2 N2 N2 N2 N2 N2 N2 N2 N2 N2 N2 N2 N2 N2 N2 N2 N2 N2 N2 N2 N2 N2 N1 N2 N2 N2 N2 N2 N2 N1 N2 N2 N2 N2 N2 N2 N2 N2 N2 N2 N2 N2 REM REM REM REM REM REM REM REM REM REM REM REM REM REM REM REM REM REM REM REM REM REM REM REM REM REM REM REM REM REM REM REM N1 N1 N1 N1 N1 N2 N2 N2 N2 N2 N2 N2 N2 N2 N2 N2 N2 N2 N2 N2 N2 N2 N2 N2 N2 N2 N2 N2 N2 N2 N2 N2 N2 W W W W N1 N1 REM REM REM REM N1 REM N2 N2 N2 N2 N2 N2 N2 N2 N2 N2 N2 N2 N2 N2 N2 N2 N2 N2 N2 N2 N2 N2 N2 N2 N2 N2 N2 N2 N2 N2 N2 N2 N2 N2 N2 N2 N2 N2 N2 N2 N1 W N1 W N1 N2 N2 N2 N2 N2 N2 N2 N2 N2 N2 N2 N2 N2 N2 N2 N2 N2 N2 N2 N2 N2 N2 N2 N2 N2 N2 N2 N2 N2 N2 N2 N2 N2 N2 N2 N2 N2 N2 N2 N2 N2 N2 N2 N2 N2 N2 N2 N2 N2 N2 N2 N2 N2 N2 N2 N2 N2 N2 N2 N2 N2 N2 N2 N2 N2 N2 REM REM REM REM REM REM REM REM REM REM REM REM REM REM REM REM REM REM REM REM REM REM REM REM REM W N1 N2 N1 N1 N1 REM REM REM REM REM REM REM REM REM N1 REM N2 N1 N2 N2 N2 N2 N2 N2 N2 N2 N2 N2 N2 N2 N2 N2 N2 N2 N2 N2 N2 N2 N2 N2 N2 N2 N2 N2 N2 N2 N2 N2 N2 N2 N2 N2 N2 N2 N2 N2 N2 N2 N2 N2 N2 N2 N2 N2 N2 N2 N2 N2 N2 N2 N2 N2 N2 N2 N2 N2 N2 N2 N2 N2 N2 N2 N2 N2 N2 N2 N2 N2 N2 N2 N2 N2 N2 N2 N2 N2 N2 N2 N2 N2 N2 N2 N2 N3 N2 N2 N2 W W W W W W W W N1 N1 N1 N1 N1 N1 W N1 W N1 N1 N2 N1 N2 N2 N2 N2 N2 N2 N2 N2 N2 N2 N2 REM REM REM REM REM REM REM REM REM REM N1 REM REM REM REM W N1 N1 REM REM REM REM REM REM REM REM REM REM REM REM REM N1 REM REM REM REM REM REM REM REM REM REM REM REM REM REM REM REM REM REM REM N1 N1 N2 N2 N2 N2 N2 N1 N2 N2 REM N2 N2 N2 N2 N2 N2 N2 N2 N2 N2 N2 N2 N2 N2 N2 N2 N2 N2 N2 N2 N2 N2 N2 N2 N2 N2 N2 N2 N2 N1 N2 N2 N2 N2 N2 N2 N2 N2 N2 N2 N2 N2 N2 N2 N2 N2 N2 N2 N2 N2 N2 N2 N2 N2 N2 N2 N2 N2 N2 N2 N2 N2 N2 N2 N2 N2 N2 N2 N2 N2 N2 N2 N2 N2 N2 N2 N2 N2 N2 N2 N2 N2 N2 N2 N2 N2 N2 N2 N2 N2 N2 N2 N2 N2 REM REM REM REM REM REM REM REM REM REM REM REM REM REM REM REM REM REM REM REM REM REM REM REM REM REM REM REM REM N1 REM REM REM REM N1 REM REM W W W W W W W W N1 N1 N1 W W W W W N1 N1 W W W W W W W W W W W W W W W W W W W W W W W W W W W W W W W W W W W W W W W W W W W W W W W W W W W W W W W W W W W W W W W W W W W W W W W W W W W N1 W W N1 W W W W W W W W W W W W W W W W W W W W W N1 W W N1 W W W W W W W W W W W W W N1 W W N1 N1 N1 W W W W W N1 W W W W W W W N1 N1 N1 N2 N2 N2 N2 N2 N2 N2 N2 N2 N2 N2 N2 N2 N2 N2 N2 N2 N2 N2 N2 N2 N2 N2 N2 N2 N1 N1 N2 REM REM REM REM REM REM REM REM REM REM REM REM REM REM REM REM REM REM REM REM REM REM N2 N2 N2 N2 N2 N2 N2 N2 N2 N2 N2 N2 N2 N2 N2 N2 N2 N2 N2 N2 N2 N2 N2 N2 N2 W N1 N1 N1 N1 N1 W W W W W W W W W W W W W W W W W W W W W W W W W W W W W W W W W W W W W W W W W W W W W W W W W W W W W W W W W W W W,processed_sleepedf/spectral/SC4242E0-PSG_spectral.pt
processed_sleepedf/tensors/SC4251E0-PSG.pt,W W W W W W W W W W W W W W W W W W W W W W W W W W W W W W W W W W W W W W W W W W W W W W W W W W W W W W W W W W W W N1 N1 N1 N1 N1 N1 N1 N1 N2 N2 N2 N2 N2 N2 N2 N2 N2 N2 N2 N2 N2 N2 N2 N2 N2 N2 N2 N2 N2 N2 N2 N2 N2 N2 N2 N2 N2 N2 N2 N2 N2 N2 N2 N2 N2 N2 N2 N2 N2 N2 N2 N2 N2 N2 N2 N2 N2 N2 N2 N2 N2 N1 N1 N2 N2 N2 N2 N2 N2 N2 N1 N2 N2 N2 N2 N2 N2 N2 N2 N2 N2 N2 N2 N2 N2 N2 N2 N2 N2 N2 N2 N2 N2 N2 N2 N2 N2 N2 N2 N2 N2 N2 N2 N2 N2 N2 N2 N2 N2 N2 N2 N2 N2 N2 N2 N2 N2 N2 N2 N2 N2 N2 N2 N2 N2 N2 N2 N2 N2 N2 N2 N2 N2 N2 N2 N1 N1 N1 N1 W W W W W W W W N1 W W W W N1 N1 N1 N1 N1 N1 N1 N1 N1 N1 N1 N1 N1 N1 N1 N1 N1 N1 N1 N1 N2 N2 N2 N2 N2 N2 N2 N2 N2 N2 N2 N1 N1 N1 N1 N1 N1 N1 N1 N1 W N1 N1 N1 N2 N1 N1 N1 N1 N2 N2 N2 N2 N2 N2 N2 N2 N2 N2 N2 N2 N2 N2 N2 N2 N2 N2 N2 N2 N2 N2 N2 N2 N2 N2 N2 N2 N2 N2 N2 N2 N2 N2 N2 N2 N2 N2 N2 N2 N2 N2 N2 N2 N3 N2 N2 N2 N2 N2 N2 N2 N2 N2 N2 N3 N2 N3 N3 N3 N2 N3 N2 N2 N3 N2 N3 N3 N2 N2 N2 N3 N2 N2 N2 N2 N2 N3 N2 N2 N2 N2 N3 N2 N3 N3 N3 N3 N2 N3 N2 N3 N3 N2 N2 N3 N2 N2 N2 N2 N2 N2 N1 N1 N1 N1 N2 N2 N2 N2 N2 N2 N2 N2 REM REM REM REM REM REM REM REM REM REM REM REM REM REM REM REM REM REM REM REM REM REM REM REM REM REM REM REM REM REM REM REM REM REM REM REM REM REM REM REM REM REM REM REM REM REM REM REM REM REM REM REM REM N1 N1 N1 N1 N1 N1 REM REM REM REM REM REM REM REM REM REM REM REM REM REM REM REM REM REM REM REM REM REM REM REM REM REM REM REM N2 N2 N2 N2 N2 N2 N2 N2 N2 N2 N2 N2 N2 N2 N2 N2 N2 N2 N2 N2 N2 N2 N2 N2 N2 N2 N2 N2 N2 N2 N2 N2 N2 N2 N2 N2 N2 N2 N2 N2 N2 N2 N2 N2 N2 N2 N2 N2 N2 N2 N2 N2 N2 N2 N2 N2 N2 N2 N2 N2 N2 N2 N2 N2 N2 N2 N2 N2 N2 N2 N2 N1 N1 N1 N1 N1 N2 N2 N2 N2 N2 N2 N2 N2 N2 N2 N2 N2 N2 N2 N2 N2 N2 N2 N2 N2 N2 N2 N2 N2 N2 N2 N2 N2 N2 N2 N2 N2 N2 N2 N2 N2 N2 N2 N2 N2 N2 N2 N2 N2 N2 N3 N2 N2 N2 N2 N2 N2 N2 N2 N2 N2 N2 N2 N2 N3 N2 N2 N2 N2 N2 N2 N2 N2 N2 N2 N2 N2 N2 N2 N2 N2 N2 N2 N2 N2 N2 N2 N2 N2 N2 N2 N2 N2 N2 N2 N2 N2 N2 N2 N2 N2 N2 N2 N2 REM N2 REM REM REM REM REM REM REM REM REM REM REM REM N2 N2 REM REM REM N1 N2 N2 REM REM N2 N2 N2 N2 N2 N2 N2 N2 N2 N2 N2 N2 N2 N2 N2 N2 N2 N2 N2 N2 N2 N2 N2 N2 N2 N2 N2 N2 N2 N2 N2 N2 N2 N2 N2 N2 N2 N2 N2 N2 N2 N2 N2 N2 N2 N2 N2 N2 N2 N2 N2 N2 N2 N2 N2 N2 N2 N2 N2 N2 N2 N2 N2 N2 N2 N2 N2 N2 N2 N2 N2 N2 N2 N2 N2 N2 N2 N2 N2 N2 N2 N2 N2 N2 N2 N2 N2 N2 N2 N2 N2 N2 N2 N2 N1 N1 N1 N1 N1 N1 N1 N1 N1 N1 N1 N1 N1 N1 N1 N2 N2 N1 N1 N1 N2 N2 N2 N2 N2 N2 N2 N1 N1 N1 N2 N2 N2 N2 N2 N2 N2 N2 N2 N2 N2 N2 N2 N2 N2 N2 N2 N2 N2 N2 N2 N2 N2 N2 N2 N2 N2 N2 N1 N2 N2 N2 N2 N2 N2 N2 N1 N1 N1 N1 N1 N1 N1 N1 N2 N2 N2 N2 N2 N2 N2 N2 N2 N2 N2 N2 N2 N2 N2 N2 N2 N2 N2 N2 N2 N2 N2 N2 N2 REM REM REM REM REM REM REM REM REM REM REM REM REM REM REM REM REM REM REM REM REM REM REM REM N1 N1 N1 N1 N2 N2 N2 N2 N2 N2 N2 REM REM REM REM REM REM REM REM REM REM REM REM REM REM REM REM REM REM REM REM REM REM REM W W W W W W W W W W W W W W W W W W W W W W W W W W W W W W W W W W W W W W W W W W W W W W W W W W W W W W W W W W W W,processed_sleepedf/spectral/SC4251E0-PSG_spectral.pt
processed_sleepedf/tensors/SC4252E0-PSG.pt,W W W W W W W W W W W W W W W W W W W W W W W W W W W W W W W W W W W W W W W W W W W W W W W W W W W W W W W W W W W W N1 N1 N1 N1 N2 N2 N2 N2 N2 N2 N2 N2 N2 N2 N2 N2 N2 N2 N2 N2 N2 N2 N2 N2 N2 N2 N2 N2 N2 N2 N2 N2 N2 N2 N2 W W W W W N1 N1 N1 N1 N1 N2 N1 W W W W W N1 N1 N1 N1 N1 N1 N1 N1 N2 N2 N2 N1 N2 N2 N2 N2 N2 N2 N2 N2 N2 N2 N2 N2 N2 N2 N2 N1 N1 W W W W W W W W W W W W W W N1 W W N1 W W W W W W N1 N1 N2 N2 N2 N2 N2 N2 N2 N2 N2 N2 N2 N2 N2 N2 N2 N2 N2 N2 N2 N2 W W W W W W W W W W W N1 W N1 N1 N2 N2 N2 N2 N2 N2 N2 N2 N2 N2 N2 N2 N2 N2 N2 N2 N2 N2 N2 N2 N2 N2 W W W N1 N1 W W W N1 W W N1 N1 N2 N2 N1 W W W W W W W W W N1 N2 N1 N1 N2 N2 N1 N2 N2 N2 N1 N2 N2 N1 N1 N2 N1 N2 N2 N2 N2 N2 N2 N2 N2 N2 N2 N2 N2 N2 N2 N2 N2 N2 N2 N2 N2 N2 N2 N2 N2 N2 N2 N2 N2 N2 N2 N2 W W W W N1 N1 N2 N2 N2 N2 N2 N2 N2 N1 N1 N2 W W W W W W N1 N1 N2 N2 N2 N2 N2 N2 N2 N2 N2 N2 N2 N2 N2 N2 N2 N2 N3 N2 N2 N2 N3 N3 N3 W N1 N2 N2 N2 N2 N2 N2 N2 N2 N2 N2 N3 N3 N2 N2 N2 N2 N3 N3 N3 N3 N3 N3 N3 N2 N3 N3 N3 N2 N2 N3 N3 N3 N3 N3 N3 N3 N3 N3 N3 N3 N3 N3 N3 N3 N3 N3 N3 N3 N3 N3 N3 N3 N3 N3 N3 N3 N3 N3 N3 N3 N3 N3 N3 N3 N3 N3 N3 N3 N3 N3 N3 N3 N3 W W W N1 W N1 N1 N1 N2 N2 N2 REM REM REM REM REM REM REM REM REM REM REM REM REM REM REM REM REM REM REM REM REM REM REM REM REM REM REM REM REM REM REM REM REM REM REM REM REM REM REM REM REM REM REM REM REM REM REM REM REM REM REM REM REM REM REM REM REM REM REM REM REM REM REM REM REM REM REM REM REM REM REM REM REM REM REM REM REM REM REM REM REM REM REM N2 N2 N2 N2 N2 N2 N2 N2 N2 N2 N2 N1 N2 N2 N2 N2 N2 N2 N2 N2 N2 N2 N2 N2 N2 N2 N2 N2 N2 N2 N2 N2 N2 N2 N2 N2 N2 N2 N2 N2 N2 N2 N2 N2 N2 N2 N2 N2 N2 N2 N2 N2 N2 N2 N2 N2 N2 N2 N3 N2 N2 N3 N2 N3 N2 N3 N2 N2 N2 N2 N2 N2 N2 N3 N3 W W N1 W N1 N1 W W N1 N1 N1 N2 N2 N2 N2 N2 N2 N2 N2 N2 N2 N2 N2 N2 N2 N2 N2 N2 N2 N2 N2 N2 N2 N2 N1 N1 N2 N2 N2 N2 N2 N2 N2 N2 N2 N2 N2 N2 N2 N2 N2 N2 N2 N2 N2 N2 N2 N2 N2 N2 N2 N2 N2 N3 N2 N2 N2 N2 N2 N2 N2 N2 N2 N2 N2 N2 N3 N3 N3 N3 N3 N3 N3 N3 N3 N3 N2 N3 N3 N2 N3 N3 N3 N3 N3 N3 N3 N3 N3 N3 N2 N2 N3 N3 N3 N3 N3 N3 N3 N3 N3 W REM REM REM REM REM REM REM REM REM REM REM REM REM REM REM REM REM REM REM REM REM REM REM REM REM REM REM REM REM REM REM REM REM REM REM REM W W W N1 N1 N1 N2 N1 N2 N2 N1 N2 N2 N2 N2 N2 W N1 N1 N2 N2 N2 N2 N2 N2 N2 N2 N2 N2 N2 N2 N2 N2 N2 N2 N2 N2 N2 N2 N2 N2 N2 N2 N2 N2 N2 N2 N2 N2 N2 N2 N2 N2 N2 N2 N2 N2 N2 N1 N2 N2 N2 N2 N2 N1 N2 N2 N2 N2 N2 N2 N2 N2 N2 N2 N2 N2 N2 N2 N2 N2 N2 N2 N2 N2 N2 N2 N2 N2 N2 N2 N2 N2 N1 N1 N1 N1 N1 N1 N1 N1 N1 N1 N1 N1 N1 N1 N1 N1 N1 N2 N2 N2 N2 N1 N1 N1 N1 N1 N1 W W W N1 N1 N2 N1 N2 N2 N1 N2 REM REM REM REM REM REM REM REM REM REM REM REM REM REM REM REM REM REM REM REM REM REM REM REM REM REM REM REM REM REM REM REM REM REM REM REM REM REM REM REM REM REM REM REM REM REM REM REM REM REM REM REM REM REM REM N2 N2 N2 N1 N2 N1 N1 N1 N1 N2 N2 N2 N1 N1 N1 N1 N1 N1 W N1 N1 N2 N2 N1 N1 N2 N2 N2 N2 N2 N2 N2 N2 N2 N2 N2 N2 N2 W W W W W W W W W W W W W W W W W W W W W W W W W W W W W W W W W W W W W W W W W W W W W W W W W W W W W W W W W W W W,processed_sleepedf/spectral/SC4252E0-PSG_spectral.pt
processed_sleepedf/tensors/SC4261F0-PSG.pt,W W W W W W W W W W W W W W W W W W W W W W W W W W W W W W W W W W W W W W W W W W W W W W W W W W W W W W W W W W W W N1 W N1 N1 N1 W W W W W W W W W W W W W W W W W W W W W W W W W W W W W W W W W W W W W W W W W W W W W W W W W W W W W W W W W W W W W W W W W W W W W W W W W W W W W W W W W W W W W W W W W W W W W W W W W W W W W W W W W W W W W W W W W W W W W W W W W W W W W W W W W W W W W W W W W W W W W W W W W W W W W W W W W W W W W W W W W W W W W W W W W W W W W W W W W W W W W W W W W W W W W W W W W W W W W W W W W W W W W W W W W W W W W W W W W W W W W W W W W W W W W W W W W W W W W W W W W W W W W W W W W W W W W W W W W W W W W W W W W W W W W W W W W W W W W W W W W W W W W W W W W W W W W W W W W W W W W W W W W W W W W W W W W W W W W W W W W W W W W W W W W W W W W W W W W W W W W W W W W W W W W W W W W W W W W W W W W W W W W W W W W W W W W W W W W W W W W W W W W W W W W W W W W W W W W W W W W W W W W W W W W W W W W W W W W W W W W W W W N1 W N1 N1 N1 N1 N1 N1 N1 N1 N1 N1 N1 N1 N1 N1 N1 N1 N1 N1 N1 N1 N1 N1 N1 N1 N1 N1 N1 W N1 N1 N1 N1 N1 N1 N1 N1 N1 N1 N1 N1 N1 N1 N1 N1 N2 N1 N1 N1 N1 N1 N1 N1 N1 N1 N1 N1 N1 N2 N2 N2 N2 N2 N2 N2 N2 N2 N2 N2 N2 N2 N2 N2 N2 N2 N2 N2 N2 N2 N2 N2 N2 N2 N2 N2 N2 N2 N2 N2 N2 N2 N3 N2 N2 N2 N2 N2 N2 N3 N2 N2 N2 N3 N2 N2 N2 N2 N2 N2 N2 N3 N3 N2 N3 N2 N2 W W W N1 N1 N1 N1 W N1 N1 N1 W W W W W W N1 N1 N1 N1 W W W N1 N1 N1 N1 W N1 N1 N1 N1 N1 N1 N1 N1 N1 N1 N1 N1 N1 N1 N2 N2 N2 N2 N2 N2 N2 N2 N2 N2 N2 N2 N2 N2 N2 N2 N2 REM REM REM REM W N1 REM REM REM REM REM REM REM REM REM REM REM REM REM REM REM REM REM REM REM W W W N1 N1 N1 N1 N1 N2 N2 N2 N2 N2 N2 N2 N2 N2 N2 N2 N2 N2 N2 N2 N2 N2 N2 N2 N2 N2 N2 N2 N2 N2 N2 N2 N2 N2 N2 N3 N3 N3 N3 N3 N3 N3 N3 N3 N3 N3 N3 N3 N3 N3 N3 N3 N3 N3 N3 N3 N3 N3 N3 N3 N3 N3 N3 N3 N3 N3 N3 N3 N3 N3 N3 N3 N3 N3 N3 N3 N3 N3 N3 N3 N3 N3 N3 W W W N1 N1 N1 N1 N1 N1 N1 N1 W W N1 N1 N1 N1 N1 N2 N2 N2 N2 N2 N2 N2 N2 N2 N1 N1 N1 N2 N1 N1 N2 N1 N1 N1 W W W N1 N1 N1 N2 N2 N2 N2 N2 N2 N2 N2 N2 N2 N2 N2 N2 N2 N2 N2 N2 N2 N2 N2 W N1 W N1 W N1 N1 N1 N1 N1 N1 N1 W N1 N1 N1 N1 N1 N2 N2 N2 REM REM REM REM REM W N1 N1 W W N1 N1 N2 N2 N2 N2 N2 N2 N2 N2 N2 N2 N2 N2 N2 N2 N2 N2 N1 N1 N1 N2 N2 N2 N2 N2 N2 N2 N2 N2 N1 N1 N2 N2 N2 N2 N2 N2 N2 N2 N2 N2 N2 N2 N2 N2 N2 N2 N2 N2 N2 N2 N2 N2 W W N1 N1 N1 N2 N2 N2 N2 N2 N2 N2 N2 N2 N2 N2 N2 N2 N2 N2 N2 N2 N2 N2 N2 N2 N2 N2 N2 N2 N2 N2 N2 N2 N2 N2 N3 N2 N2 N2 N2 N3 N3 N2 N3 N2 N2 N3 N3 N3 N3 N3 N2 N3 N2 N3 N3 N3 N3 N3 N3 N3 N3 N3 N3 N3 N3 N2 N3 N3 N3 N2 N3 N3 N3 N3 N3 N3 N3 N2 N2 N3 N2 N3 N3 N3 N3 N3 N3 N3 W W W N1 W N1 N1 N1 N1 N1 N1 N1 N1 N1 N1 N1 N2 N2 N2 N1 N2 N2 N2 N2 REM REM REM REM REM REM REM W N1 REM REM REM REM REM REM REM REM REM REM REM REM REM REM REM REM REM REM REM REM REM REM REM REM N1 N1 N2 N2 N2 N2 N2 REM REM REM REM REM REM REM REM REM REM REM REM REM REM REM REM REM REM REM REM REM REM REM REM REM W W W N1 N1 N1 N2 N2 N2 N2 N2 N2 N2 N2 N2 N2 N2 N2 N2 N2 N2 N2 N2 N2 N2 N2 N2 N2 N2 N2 N2 N2 N2 N2 N2 N2 N2 N2 N2 N2 N2 N2 N2 N2 N2 N2 N2 N2 N2 N2 N2 N2 N2 N2 N2 N2 N2 N2 N2 N2 N2 N2 N2 N2 N2 N2 N2 N2 N2 N2 N2 N2 N2 N2 N2 N2 N2 N2 N2 N2 N1 N1 N1 N2 N2 N2 N2 N2 N2 N2 W W N1 N1 W W N1 W N1 N1 N1 N1 N2 N2 N2 N2 N2 N2 N2 N2 N2 N2 N2 N2 N2 W W N1 N1 N2 N2 W W N1 W N1 N1 N1 N1 N1 W W N1 N1 W N1 N1 N2 N2 N2 N2 N2 N2 N2 N2 REM REM W N1 REM REM REM REM REM REM REM REM REM REM REM REM REM REM REM REM REM REM REM REM REM REM REM REM REM REM REM REM REM REM REM REM REM REM REM N1 REM REM REM REM REM REM REM REM REM REM REM REM REM N1 REM REM REM REM REM REM REM REM REM REM REM REM REM REM REM REM REM REM W W W N1 N1 N1 N1 N1 N1 N1 N1 REM REM REM REM REM REM REM N1 REM REM REM REM REM REM REM REM REM REM REM REM N1 REM REM REM REM REM REM REM REM REM REM REM REM REM REM REM REM REM REM W W W N1 N1 N1 N1 N1 N1 N2 N2 N2 N1 N2 N2 N2 W N1 N1 W N1 N1 N1 N1 W N1 N1 N2 N2 N2 N2 N2 N2 N2 N2 N2 N2 N2 N2 N2 N2 N2 N2 N2 N2 N2 N2 N2 N2 N2 N2 N2 N2 N2 N2 N2 N2 N2 N2 N2 N2 N2 N2 N2 N2 N2 N2 N2 N2 N2 N2 W N1 N1 N1 W W N1 N1 N1 N1 N1 N1 N1 N2 N2 N2 N2 N2 N2 N2 N2 N1 N1 N1 W N1 N1 N1 N1 N1 W N1 N1 N2 N2 N2 N2 N2 REM REM W W N1 REM REM REM REM REM REM REM REM REM REM REM REM REM REM REM REM REM REM REM REM REM REM REM REM REM N1 REM REM REM REM REM REM REM REM REM REM W W W N1 N1 N1 W W W W N1 N1 N1 N1 N1 N1 W W W W W W W W W W W W W W W W W W W W W W W W W W W W W W W W W W W W W W W W W W W W W W W W W W W W W W W W W W W W,processed_sleepedf/spectral/SC4261F0-PSG_spectral.pt
processed_sleepedf/tensors/SC4262F0-PSG.pt,W W W W W W W W W W W W W W W W W W W W W W W W W W W W W W W W W W W W W W W W W W W W W W W W W W W W W W W W W W W W N1 N1 N1 N1 N1 N1 N1 N1 N1 N1 N1 N1 N1 N1 N2 N2 N2 N2 N2 N2 N2 N2 N2 N2 N2 N2 N2 N2 N2 N2 N2 N2 N2 N2 N2 N2 N2 N2 N2 N2 N2 N2 N2 N2 N2 W N1 N1 N1 N1 N2 N2 N2 N2 N2 N2 N2 N2 N2 N2 N2 N2 N2 N3 N3 N2 N3 N2 N2 N3 N2 N2 N2 N2 N2 N3 N2 N2 N3 N3 N3 N3 N3 N3 N3 N3 N3 N3 N3 N3 N3 N3 N3 N3 N3 N3 N3 N2 N3 N3 N3 N3 N3 N3 N3 N3 N3 N3 N3 N3 N3 N2 N3 N3 N3 N3 N3 N3 W W N1 N2 N2 N2 N2 N2 N2 N2 N2 N3 N2 N2 N2 N2 N2 N2 N2 N2 N2 N2 N2 N2 N2 N2 REM REM REM REM REM REM REM REM REM REM W W N1 N1 N1 N1 N1 N1 N2 N2 N2 N2 N2 N2 N2 N2 W N1 N1 N2 N2 N2 N2 N2 N2 N2 N2 N2 N2 N2 N2 N2 N2 N2 N2 N2 N2 N2 N2 N2 N2 N2 N2 N2 N2 N2 N2 N2 N2 N2 N2 N2 N2 N2 N2 N2 N2 N2 N2 N2 N2 N2 N2 N2 N3 N2 N2 N2 N2 N3 N2 N3 N3 N2 N3 N2 N2 N3 N3 N3 N3 N3 N3 N3 N3 N3 N3 N3 N3 N3 N3 N3 N3 N3 N3 N3 N2 N2 N3 N3 N3 N3 N3 N3 N3 W N1 N1 N1 N2 N2 N2 N2 W N1 N1 N1 N2 N2 N2 N2 N2 N2 N2 N2 N2 N2 N2 N2 N2 N2 N2 N2 N2 N2 N2 N1 N1 N1 N2 N2 N2 N2 N2 N2 N2 N2 N2 N2 N2 REM REM REM REM REM W N1 N1 N1 N1 N1 N1 N1 N1 N1 N1 N1 N1 N1 N1 N1 N2 N2 N2 N2 N2 N2 N2 N2 N2 N2 N2 N2 N2 N2 N2 N2 N2 N2 N2 N2 N2 N2 N2 N2 W W W W N1 N1 N1 N1 N1 N2 N2 N2 N2 N2 N2 N2 N2 N2 N2 N2 N2 N2 N2 N2 N2 N2 N2 N2 N2 N2 N2 N2 N2 N2 N2 N2 N2 N2 N2 N2 N2 N2 N2 N2 N2 N2 N2 N2 N2 N2 N2 N2 N2 N2 N2 N2 N2 N2 N2 N2 N2 N2 N2 N2 N2 N2 N2 N2 N2 W W W W W W W W W W N2 N2 N2 N2 N2 N2 N2 N2 N2 N2 N2 N2 N2 N2 N2 N2 N2 N2 N2 N2 N2 N2 N2 N2 N2 N2 N2 N2 N2 N2 N2 N2 N2 W W W W W W N1 N1 N1 N2 N2 N2 N2 N2 N2 N2 N2 N2 N2 REM REM REM REM W W W N1 N1 N2 REM REM REM REM REM REM REM REM REM REM REM REM REM REM REM REM REM W REM REM REM REM REM REM REM REM REM REM REM REM REM REM REM REM REM REM REM REM REM REM REM REM REM REM REM REM REM REM REM REM REM REM REM REM REM REM REM REM REM REM REM REM REM REM REM REM REM REM REM REM REM REM REM REM REM REM REM REM REM REM REM REM REM REM REM REM REM REM N2 N2 N2 N2 N2 N2 N2 N2 N2 N2 N2 N2 N2 N2 N2 N2 N2 N2 N2 N2 N2 N2 N2 N2 N2 N2 N2 N2 N2 N2 N2 N2 N2 N2 N2 N2 N2 N2 N2 N2 N2 N2 N2 N2 N2 N2 N2 N2 N2 N2 N2 N2 N2 N2 N2 N2 N2 N2 N2 N2 N2 N2 N2 N2 N2 N2 N2 N2 N2 N2 N2 N2 N2 N2 N2 N2 N2 N2 N3 N3 N2 N2 N2 N3 N2 N2 N3 N2 N2 N2 N2 N2 N2 N2 W N1 N1 N1 N2 N2 N2 N2 N2 N2 N2 N2 N2 N2 N2 N2 N2 N2 N2 N2 N2 N2 N2 N2 N2 N2 N2 N2 N2 N2 N2 N2 N2 N2 N2 N2 N2 N2 N2 N2 N2 N2 N2 N2 N2 N2 N2 N2 N2 N2 N2 N2 N2 N2 N2 N2 N2 N2 N2 N2 N2 N2 N2 N2 N2 N2 N2 N2 N2 N2 N2 N2 N2 N2 N2 W W N1 N1 W W W N1 N1 N1 N1 N1 N1 N1 N1 REM REM REM REM REM REM REM REM REM REM REM REM REM REM REM REM REM REM REM REM REM REM REM REM REM REM REM REM REM REM REM REM REM W W W W W REM REM REM REM REM REM REM REM REM REM REM REM REM REM REM REM REM REM REM REM REM REM REM REM REM REM REM REM REM REM REM REM REM REM REM REM REM REM REM REM REM REM REM REM REM REM REM REM REM REM REM REM REM REM N1 W W W N1 N1 W W W W W W W W W W W W W W W W W W W W W W W W W W W W W W W W W W W W W W W W W W W W W W W W W W W W W W W W W W W W,processed_sleepedf/spectral/SC4262F0-PSG_spectral.pt
processed_sleepedf/tensors/SC4271F0-PSG.pt,W W W W W W W W W W W W W W W W W W W W W W W W W W W W W W W W W W W W W W W W W W W W W W W W W W W W W W W W W W W W N1 W N1 N1 N1 W W N1 N1 N1 N1 N1 N1 N1 N1 N1 N1 N1 N1 N1 N1 N1 N1 N1 N1 N2 N2 N2 N2 N2 N2 N2 N2 N2 N2 N2 N2 N2 N2 N2 N2 N2 N2 N2 N2 N2 N2 N2 N2 N2 N2 N3 N3 N3 W W W W W W W W W W N1 N1 N1 N1 N1 N1 N1 N1 N2 N1 N1 N1 N1 N1 N1 N1 N1 N1 N2 N2 N2 N2 N2 N2 N2 N2 N2 N2 N2 N2 N2 N3 N3 N3 N3 N3 N3 N3 N3 N3 N3 N3 N3 N3 N3 N3 N3 N3 N3 N3 N3 N3 N3 N3 N3 N3 N3 N3 N3 N3 N3 N3 N3 N3 N3 N3 N3 N3 N3 N3 N3 N3 N3 N3 N3 N3 N3 N2 N2 N2 N2 N2 N2 N2 N2 N2 N2 N2 N2 N2 N2 N2 N2 N2 N2 N2 N2 N2 N2 REM REM REM REM REM REM REM REM REM REM REM REM REM REM REM REM REM REM REM REM REM REM REM REM REM REM REM REM REM REM REM REM REM REM REM REM REM REM REM REM REM REM REM REM REM REM N2 N2 N2 N2 N2 N2 N2 N2 N2 N2 N2 N2 N2 N2 N2 N2 N2 N2 N2 N2 N2 N2 N2 N2 N2 N2 N2 N2 N2 N2 N3 N3 N3 N3 N2 N3 N3 N3 N3 N3 N3 N3 N3 N3 N3 N3 N3 N3 N3 N3 N3 N3 N3 N3 N3 N3 N3 N3 N3 N3 N3 N3 N3 N3 W W W N1 N1 N1 N1 N1 N1 N2 N2 N2 N2 N2 N2 N2 N2 N2 N2 N2 N2 N2 N2 N2 N2 N2 N2 N3 N3 N2 N2 N2 N2 N2 N2 N2 N2 N2 N2 N3 N2 N2 N2 N2 N2 N3 N2 N2 N2 N2 N2 N3 N2 N2 N3 N2 N3 N2 N2 N2 N2 N2 N2 N2 N3 N2 N2 N2 N2 N2 N2 N2 N3 N2 N2 N2 N2 N3 N2 N2 N2 N2 N3 N2 N2 N2 N3 N2 N2 N2 N3 N2 N2 N2 N2 N2 N3 N2 N3 N3 N2 N2 N2 N2 N3 N3 N2 W W W W W W W W W W W W W W W W W W W W W W N1 N1 N1 N2 N2 N2 N2 N2 N2 N2 N2 N2 N2 N2 N2 N2 N2 N2 N2 N2 N2 N2 N2 N2 N2 N2 N2 N2 N2 N2 N2 N2 N2 N2 N2 N2 N2 N2 N2 N2 N2 N2 N2 N2 N2 N2 N2 N2 N3 N2 N3 N2 N3 N3 N3 N3 N3 N3 N3 N3 N3 N3 N3 N3 N3 N3 N3 N3 N3 N3 N3 N3 N3 N3 N3 N3 N2 N2 N2 N2 N2 N2 N2 N2 N2 N2 N2 N2 N2 N2 REM REM REM REM REM REM REM REM REM REM REM REM REM REM REM REM REM REM REM REM REM REM REM N2 N2 N2 N2 N2 N2 N2 N2 N2 N2 N2 N2 N2 N2 N2 N2 N2 N2 N2 N2 N2 N2 N2 N2 N2 N2 N2 N2 N2 N2 N2 N2 N2 N2 N2 N2 N3 N3 N3 N2 N3 N3 N3 N2 N2 N2 N2 N2 N2 N2 N2 N2 N2 N2 N2 N2 N2 N2 N2 N2 N2 N2 N2 N2 N2 N2 N2 N2 N2 N2 N2 N2 N2 N3 N2 N2 N2 N2 N2 N2 N2 N2 N2 N2 N2 N2 N3 N2 N3 N3 N3 N2 N2 N2 N2 N2 N2 N3 N2 N3 N3 N3 N2 N3 N2 N2 N3 N2 N2 N2 N2 N2 N2 N3 N2 N2 N2 N2 N2 N2 N2 N2 REM REM REM REM REM REM REM REM REM REM REM REM REM REM REM REM REM REM REM REM REM REM REM REM REM REM REM REM REM REM REM REM REM REM REM REM REM REM REM REM REM REM REM REM REM REM REM REM REM REM REM REM REM REM REM REM REM REM REM REM REM REM REM REM REM REM REM REM REM REM REM REM REM REM REM REM REM REM REM REM REM REM REM REM REM REM REM REM REM REM REM REM REM REM REM REM REM REM REM REM REM REM REM REM REM N2 N2 N2 N2 N2 N2 N2 N2 N2 N2 N2 N2 N2 N2 N2 N2 N2 N2 N2 N2 N2 N2 N2 N2 N2 N2 N2 N2 N2 N2 N2 N2 N2 N2 N2 N3 N2 N2 N2 N2 N2 N2 N2 N1 N1 N2 N2 N2 N2 N2 N2 N2 N2 N2 N2 N2 N2 N2 N2 N2 N2 N2 N2 N2 N2 N2 N2 N2 N2 N2 N2 N2 N2 N2 N2 N2 N2 N2 N2 N2 N2 N3 N3 N3 N3 N3 N2 N3 N3 N3 N3 N3 N3 N3 N3 N3 N3 N2 N3 N2 N2 N3 N2 N2 N3 N2 N2 N2 W W W W N1 N1 N1 N1 N1 N1 N1 N1 N1 N1 N2 N2 N2 N2 N2 N2 N2 N2 N2 N2 N2 N2 N2 N2 N2 N2 N2 N2 N2 N2 N2 W W N1 N1 N2 N2 N2 N2 N1 N1 N1 N1 N1 W W W W N1 N1 N1 N1 N1 N2 N2 N2 N2 N2 N2 N2 N2 N2 N2 N2 N2 N2 N2 N2 N2 N2 N2 N2 N2 N2 N2 N2 N2 N2 W W W W W W W W W W W W W W W W W W W W W W W W W W W W W W W W W W W W W W W W W W W W W W W W W W W W W W W W W W W W,processed_sleepedf/spectral/SC4271F0-PSG_spectral.pt
processed_sleepedf/tensors/SC4272F0-PSG.pt,W W W W W W W W W W W W W W W W W W W W W W W W W W W W W W W W W W W W W W W W W W W W W W W W W W W W W W W W W W W W N1 N1 W W W N1 N1 N1 N1 N1 N1 N2 N2 N2 N2 N2 N2 N2 N2 N2 N2 N2 N2 N2 N2 N2 N2 N2 N2 N2 N2 N2 N2 N2 N2 N2 N2 N2 N3 N3 N3 N3 N3 N3 N3 N3 N3 N3 N3 N3 N3 N3 N3 N3 N3 N3 N3 N3 N3 N3 N3 N3 N3 N3 N3 N3 N3 N3 N3 N3 N3 N3 N3 N3 N3 N3 N3 N3 N3 N3 N3 N3 N3 N3 N3 W W W W W W N1 N1 N1 N1 N1 N2 N2 N2 W N1 N2 N2 N2 N2 N2 N2 N2 N2 N2 N2 N2 N3 N2 N3 N3 N2 N2 N2 N2 N2 N2 N3 N2 N2 N2 N2 N2 N2 N2 N2 N3 N2 N2 N2 N2 N2 N2 N2 N2 N3 N2 N2 N2 N1 N2 REM REM REM REM N1 REM REM N1 REM REM N1 N2 N2 N2 REM REM REM W N1 REM REM REM N1 N1 REM REM REM REM REM REM REM REM REM REM REM REM REM REM REM REM REM REM REM REM REM REM REM REM REM REM REM REM REM REM REM REM REM REM REM REM REM REM REM REM REM REM REM REM REM REM W N2 N2 N2 N2 N2 N2 N2 N2 N2 N2 N2 N2 N2 N2 N2 N2 N2 N2 W W W W W W W W W W W W W W W W W W W W W W N1 N1 N1 N2 N2 W N1 N2 N2 N2 N2 N2 N2 N2 N2 N2 N2 N3 N2 N2 N3 N2 N3 N3 N3 N2 N3 N2 N3 N3 N2 N3 N2 W W W W W N1 N1 N1 N1 N1 N2 N2 N2 N2 N2 N2 N2 N2 N2 N2 N2 N2 N2 N2 N2 N1 N3 N2 N2 N3 N3 N3 N3 N3 N3 N3 N3 N2 N2 N3 N2 N3 N3 N2 N2 N2 N3 N2 N2 N2 N2 N2 N3 N2 N2 N2 N2 N2 N2 N2 N2 N2 N2 N2 N2 N2 N2 N2 N2 N2 N2 N2 N2 N2 N2 N3 N3 N3 W W W W N1 N1 N1 N1 N2 N2 N2 N2 N2 N2 N2 N2 N2 N2 W W N1 N2 N2 N2 N2 N2 N2 N2 N2 N2 REM REM REM REM REM REM REM REM REM N1 REM REM REM REM REM REM N1 N1 W W N1 N1 REM REM REM REM REM REM REM REM REM REM REM REM REM REM REM REM REM REM REM REM REM REM REM REM REM REM REM REM REM REM REM REM REM REM N1 N1 REM REM REM REM REM REM N1 W N1 N1 N1 N1 N1 N1 N1 N2 N2 N2 N2 N2 N2 N2 N2 W W N2 N2 N2 N2 N2 N2 N2 N2 N2 N2 N2 N3 N3 N3 N3 N3 N3 N3 N3 N3 N3 N3 N3 N3 N3 N3 N3 N3 N3 N3 N3 N3 N3 N3 N3 N3 N3 N3 N3 N3 N3 N3 N3 N3 N3 N3 N3 N3 N3 N3 N3 N3 N3 N3 N3 N3 N3 N3 N3 N3 N3 N3 N3 N3 N3 N3 N3 N3 N3 N3 N3 N3 N3 N3 N3 N3 N3 N3 N3 N3 N3 N3 N3 N3 N3 N3 N3 N3 N3 N3 N3 N3 N3 N3 N3 N3 N3 N3 N3 N3 N3 N3 N3 N3 N3 N3 N3 N3 N3 N2 N2 N2 N1 N1 N2 N2 N2 N2 N2 N2 W N1 REM REM REM REM REM N2 N2 N2 REM REM REM REM REM REM REM REM REM REM REM REM REM REM REM REM REM REM REM REM REM W N1 N2 N2 N2 REM REM REM REM REM REM REM REM REM REM REM REM REM REM REM REM N2 N2 N2 N2 N2 N2 N2 N2 N2 N2 N2 N2 N2 N2 N2 N2 N2 N2 N2 N2 N2 N2 W W W W W W N2 N2 N2 N2 N2 N2 N2 N2 N2 N2 N2 N2 N2 N2 N2 N2 N2 N2 N2 N2 N2 N2 N2 N2 N2 N1 N2 N2 N2 N2 N2 N2 N2 N2 N2 N2 N2 N2 N2 N2 N2 N2 N2 N2 N2 N2 N2 N2 N1 N2 N2 N2 N2 N2 N2 N2 N2 N2 N2 N2 N2 N2 N2 N2 N3 N2 N2 N1 N2 N2 N2 N2 N2 N2 N2 N2 N2 N2 N2 N2 N2 N1 N1 N1 N2 N2 N2 N2 N2 N2 N2 N2 N2 N2 N2 REM REM REM REM REM REM REM N1 REM REM REM REM REM REM REM N1 REM REM REM REM REM REM REM REM REM REM REM REM REM REM REM REM REM REM REM REM REM REM REM REM REM REM REM REM REM REM REM REM REM REM REM REM REM REM REM REM REM REM REM REM REM REM REM REM REM REM REM REM N1 N1 N1 N2 N2 N2 N2 N2 N2 N2 N2 N2 N2 N2 N2 N2 N2 N2 N2 N2 N2 N2 N2 N2 N2 N1 W W W W W W W W W W W W W W W W W N1 N1 N1 N1 N1 N1 N1 N1 N2 N2 N2 N2 N2 N2 N2 N2 N2 N2 N2 W W W W W W W W N1 N1 W W N1 N2 N2 N2 N2 N2 N2 N2 N2 N1 N1 N1 N2 W N2 N2 N2 N2 N2 N2 N2 N2 N2 N2 N2 W N2 N1 N1 N1 W W W N1 N1 N2 N2 W W W W N2 N2 W W W W W W W W N1 W W W W W W W W W W W W W W W W W W W W W W W W W W W W W W W W W W W W W W W W W W W W W W W W W W W W W W W W W W W W,processed_sleepedf/spectral/SC4272F0-PSG_spectral.pt
processed_sleepedf/tensors/SC4281G0-PSG.pt,W W W W W W W W W W W W W W W W W W W W W W W W W W W W W W W W W W W W W W W W W W W W W W W W W W W W W W W W W W W W N1 W W W W W W W N1 N1 N1 N1 W W W W N1 N1 N1 N1 W N1 N1 N1 N1 N1 N1 N1 N1 N1 N1 N1 N1 N1 N1 N1 N1 N1 N1 N1 N1 N1 N1 N1 N1 N1 N1 N2 N2 N2 N2 N2 N2 N2 N2 W W W N1 N1 N1 N1 N1 N2 N2 N2 N2 N2 N2 N2 N2 N2 N2 N2 N2 N2 N2 N2 N2 N2 N2 N2 N2 N2 N3 N2 N2 N2 N3 N3 N2 N3 N2 N2 N3 N2 N3 N3 N3 N3 N3 N3 N3 N3 N3 N3 N3 N3 N3 N3 N3 N3 N3 N3 N3 N3 N3 N3 N3 N3 N3 N3 N3 N3 N3 N3 N3 N3 N3 N3 N3 N3 N3 N3 N3 N3 N3 N3 N3 N3 N3 N3 N3 N3 N3 N3 N3 N3 N3 N3 N3 N3 N3 N3 N3 N3 N3 N3 N3 N3 N3 N3 N3 N3 N3 N3 N3 N3 N3 N3 N3 N3 N3 N3 N3 N3 W W W W W W W W W W W W W W N1 N1 N1 N1 N2 N2 N2 N2 N2 N2 N2 N2 N2 N2 N2 N2 N2 N2 N2 N2 N2 N2 N2 N2 N2 N2 N2 N2 N2 N2 N2 N2 N2 N2 N2 N2 N2 N2 N2 N2 N2 N2 N2 N2 N2 N2 N3 N3 N3 N3 N3 N3 N3 N2 N2 N2 N2 N2 N2 N2 N2 N2 N2 N2 N2 N2 N2 N2 N3 N3 N2 N2 N3 N3 N3 N3 N3 N3 N3 N3 N3 N3 N3 N3 N3 N3 N3 N3 N3 N3 N3 N3 N3 N3 N3 N3 N3 N3 N3 N3 N3 N3 W W W N1 N2 N2 N2 N2 N2 N2 N2 N2 N2 N2 N2 N2 N2 N2 N2 N2 N2 N2 N2 N2 N2 N2 N2 N2 N2 N2 N2 N2 N2 N2 N3 N3 N3 N3 N3 N3 N3 N3 N3 N3 N3 N3 N3 N3 N3 N3 N3 N3 N2 N2 N2 N2 N2 N2 N2 N2 N2 N2 REM REM REM REM REM REM REM REM REM REM REM REM REM REM REM REM REM REM REM REM REM REM REM REM REM REM REM REM REM REM REM REM REM REM REM REM REM REM REM REM REM REM REM N2 N2 N2 N2 N2 N2 N2 N2 N2 N2 N2 N2 N2 N2 N2 N2 N2 N2 N2 N2 N2 N2 N2 N2 N2 N2 N2 N2 N2 N2 N2 N2 N2 N2 N2 N2 N2 N2 N2 N2 N2 N2 N2 N2 N2 N2 N2 N2 N2 N2 N2 N2 N2 W W W W W W W W W W W W W N1 N1 N1 N1 N2 N2 N2 N2 N2 N2 N2 N2 N2 N2 N2 N2 N2 N2 N2 N2 N2 N2 N2 N2 N2 N2 N2 N2 N2 N2 N2 N2 N2 N2 N2 N2 N2 N2 N2 N2 N2 N2 N2 N2 N2 N2 N2 N2 N2 N2 N2 N2 N2 N2 N2 N2 N2 N3 N2 N2 N3 N3 N2 W N1 N1 N2 N2 N2 N2 N2 N2 N2 N2 N2 N2 N2 N2 N2 N2 N2 N2 N2 N2 N2 N2 N2 N2 N2 N2 N2 N2 N2 N2 N2 N2 N2 N2 N2 N2 N2 N2 N2 N2 N2 N2 N2 N2 N2 N2 N2 N2 N2 N2 N2 N2 N2 N2 N2 N2 REM REM REM REM REM REM REM REM REM REM REM REM REM REM REM REM REM REM REM REM REM REM REM REM REM REM REM REM REM REM REM REM REM REM REM REM REM REM REM REM REM REM REM REM REM REM REM REM REM REM REM REM N2 N2 N2 N2 N2 N2 N2 N2 N2 N2 N2 N2 N2 N2 N2 REM REM REM REM REM REM REM REM REM REM REM REM REM REM REM REM REM REM N2 N2 N2 N2 N2 N2 N2 N2 N2 N2 N2 N2 N2 N2 N2 N2 N2 N2 N2 N2 N2 N2 N2 N2 N2 N2 N2 N2 N2 N2 N2 N2 N2 N2 N2 N2 N2 N2 N2 N3 N2 N2 N2 N2 N2 N2 N2 W W W W W W N1 N1 N1 N1 W W W W W W W W W W N1 N1 N1 N1 N1 N1 N2 N2 N2 N2 N2 N2 N2 N2 N2 N2 N2 N2 N2 N2 N2 N2 N2 N2 N2 N2 N2 N2 N2 N2 N2 N2 N2 N2 N2 N2 N2 N2 N2 N2 N2 N2 N2 N2 N2 N2 N2 N2 N2 N2 N2 N2 N2 N2 N2 N2 N2 N2 N2 N2 N2 N2 N2 N2 N2 N2 N3 N3 N3 N2 N3 N3 N3 N3 N2 N2 N2 N3 N3 N3 N3 N3 N3 W W N1 N1 N1 N1 N2 N2 N2 N2 N2 N2 N2 N2 N2 N2 N2 N2 N2 N2 N2 N2 N2 N2 N2 N2 N2 N2 N2 N2 N2 N2 N2 N2 N2 N2 N2 N2 N2 N2 N2 N2 REM REM REM REM REM REM REM REM REM REM REM REM REM REM REM REM REM REM REM REM REM REM REM REM REM REM REM REM REM REM REM REM REM REM REM REM REM REM REM REM REM REM REM REM REM REM REM REM REM REM REM REM REM REM REM REM N2 N2 N2 N2 N2 N2 N2 N2 N2 N2 N2 N2 N2 N2 N2 N2 N2 N2 N2 N2 N2 N2 N2 N2 N2 N2 N2 N2 N2 N2 N2 N2 N2 N2 N2 N2 N2 N2 N2 N2 N2 N2 N2 N2 N2 N2 N2 W W N1 N1 N1 N1 N1 N2 N2 N2 N2 N2 N2 N2 N2 N2 N2 N2 N2 N2 N2 N2 N2 N2 N2 N2 N2 N2 N2 N2 N2 W W W W W N1 N1 W W N1 N1 N1 N1 W W W W W W W W W W W W W W W W W W W W W W W W W W W W W W W W W W W W W W W W W W W W W W W W W W W W W W W W W W W W,processed_sleepedf/spectral/SC4281G0-PSG_spectral.pt
processed_sleepedf/tensors/SC4282G0-PSG.pt,W W W W W W W W W W W W W W W W W W W W W W W W W W W W W W W W W W W W W W W W W W W W W W W W W W W W W W W W W W W W N1 N1 N1 W W W W W W N1 N1 N1 N1 N1 N1 N1 N1 N1 N1 N1 N1 N1 N1 N1 N1 N1 W W N1 N1 W W W W W N1 N1 N1 N1 N1 W W W W W W W W N1 N1 N1 N1 N1 N1 N1 N1 N1 N1 N1 N1 N1 N1 N1 N1 N2 N2 N2 N2 N2 N2 N2 W W W W W W W W W W W W N1 N1 W W W W W W N1 N1 W W N1 N1 N1 N1 N1 N1 N1 N1 N1 N1 N1 N1 N1 N2 N2 N2 N2 N2 N2 N2 N2 N2 N2 N2 N2 N2 W W W W W W W W N1 N1 N1 N1 W W W W W W W N1 N1 N1 N1 N1 N2 N2 N2 N2 N2 N2 N2 N2 N2 N2 N2 N2 N2 N2 N2 N2 N2 N2 N2 N2 N2 N2 N2 N2 N2 N2 N2 N2 N3 N3 N3 N3 N3 N3 N3 N3 N3 N3 N3 N3 N3 N3 N3 N3 N3 N3 N3 N3 N3 N2 N2 N2 N2 N2 N2 N2 N2 N2 N2 N2 N2 N2 N2 N2 N2 N2 N2 N2 N2 N2 N2 N2 N3 N3 N2 N2 N3 N3 N3 N3 N3 N3 N3 N3 N3 N3 N3 N3 N3 N3 N3 N3 N3 N3 N3 N3 N3 N3 N3 N3 N3 N3 N3 N3 N3 N3 N3 N3 N3 N3 N3 N3 N2 N2 N2 N2 N2 N2 N2 N2 N2 N2 N2 N2 N2 N2 N2 N2 N2 N2 N2 N3 N3 N3 N3 N3 N3 N3 N3 N3 N3 N3 N3 N3 N2 N2 N2 N2 N2 N2 N2 REM REM REM REM REM REM REM REM REM REM REM REM REM REM REM REM REM REM REM REM REM REM REM REM REM REM REM REM REM REM REM REM REM REM REM REM REM REM REM REM REM REM REM REM REM REM REM REM REM REM REM REM REM REM REM REM REM REM REM REM REM REM REM REM REM REM REM REM REM REM REM N2 N2 N2 N2 N2 N2 N2 N2 N2 N2 N2 N2 N2 N2 N2 N2 N2 N2 N3 N3 N3 N3 N3 N3 N3 N3 N3 N3 N3 N3 N3 N3 N3 N3 N2 N3 N3 N3 N3 N3 N3 N3 N2 N2 N2 N2 N2 N2 N2 N2 N2 N2 N2 N2 N2 N2 N2 N2 N2 N2 N2 N2 N2 N2 N3 N2 N3 N3 N2 N3 N2 N3 N3 N3 N3 N3 N3 N3 N2 N2 N2 N2 N2 N2 N2 N2 N2 N2 N2 N2 N2 N2 N2 N2 N2 N3 N3 N3 N3 N3 N3 N3 N3 N3 N3 N3 N3 N3 N3 N3 N3 N3 N3 N3 N3 N3 N2 N2 N2 N2 N2 N2 N2 N2 N2 N2 N2 N2 N2 N2 N2 N2 N2 N2 N2 N2 N2 N2 N2 N2 N2 N2 N2 N2 N2 N2 N2 N2 N2 N2 N2 N2 N2 N2 N2 N2 N2 N2 N2 N2 N2 N2 N3 N3 N3 N3 N3 N3 N3 N3 N3 N3 N3 N3 N3 N2 N2 N2 N2 N2 N2 N2 N2 N2 N2 N2 N2 N2 N2 N2 N2 N2 N2 N2 N2 N2 N2 N2 N2 N2 N2 REM REM REM REM REM REM REM REM REM REM REM REM REM REM REM REM REM REM REM REM REM REM REM REM REM REM REM REM REM REM REM REM REM REM REM REM REM REM REM REM REM REM REM REM REM REM REM REM REM REM REM REM REM REM REM REM REM REM REM REM REM REM REM REM REM REM REM REM REM N2 N2 N2 N2 N2 N2 N2 N2 N2 N2 N2 N2 W W W W W W W W W W W W N1 W W W W W W W W W W N1 N1 N1 N1 N1 N2 N2 N2 N2 N2 N2 N2 N2 N2 N2 N2 N2 N2 N2 N2 N2 N2 N2 N2 N2 N2 N2 N2 N2 N2 N2 N2 N2 N2 N2 N2 N2 N2 N2 N2 N2 N2 N2 N2 N2 N2 N2 N2 N2 N2 N2 W W W W W N1 N1 N1 N1 N1 N2 N2 N2 N2 N2 N2 N2 N2 N2 N2 N2 N2 N2 N2 N2 N2 N2 N2 N2 N2 N2 N2 N2 N2 N2 N2 N2 N2 N2 N2 N2 N2 N2 N2 N2 N2 N2 N2 N2 N2 N2 N2 N3 N3 N2 N2 N3 N2 N3 N3 W N1 N2 N2 N2 N2 N2 N2 N2 N2 N2 N2 N2 N2 N2 N2 N2 N2 N2 N2 N2 N2 N2 N2 N2 N2 N2 N2 N2 N2 N2 N2 N2 N2 N2 N2 N2 N2 N2 N2 N2 N2 N2 N2 N2 N2 N2 N2 N2 N2 N2 N2 N2 N2 N2 N2 N2 N2 N2 N2 N2 N2 N2 N2 N2 N2 N2 N2 N2 N2 N2 N2 N2 N2 N2 N2 N2 N2 N2 N2 N2 N2 N2 N2 REM REM REM REM REM REM REM REM REM REM REM REM REM REM REM REM REM REM REM REM REM REM REM REM REM REM N2 N2 N2 N2 N2 N2 N2 N2 N2 N2 N2 N2 N2 N2 N2 N2 N2 N2 N2 N2 N2 N2 N2 N2 N2 N2 N2 N2 N2 N2 N2 N2 N2 N2 N2 N2 N2 N2 N2 N2 N2 N2 N2 N2 N2 N2 N2 N2 N2 N2 N2 N2 N2 N2 N2 N2 N2 W W W W W W W W W W W W W W W W W W W W W W W W W W W W W W W W W W W W W W W W W W W W W W W W W W W W W W W W W W W W,processed_sleepedf/spectral/SC4282G0-PSG_spectral.pt
processed_sleepedf/tensors/SC4291G0-PSG.pt,W W W W W W W W W W W W W W W W W W W W W W W W W W W W W W W W W W W W W W W W W W W W W W W W W W W W W W W W W W W W N1 N1 N1 N1 W N1 W W W W N1 N1 N1 N1 N1 N1 W W N1 N1 N2 N1 N2 N2 N2 N2 N2 N2 N2 N2 N2 W W N1 N1 N1 N2 N2 N1 N2 N2 N2 N2 N2 N2 N2 N2 N2 N2 N2 N2 N2 N2 N2 N2 N2 N2 N2 N2 N2 N2 N2 N2 N3 N3 N3 N3 N2 N3 N3 N3 N3 N3 N3 N3 N3 N3 N3 N3 N3 N3 N3 N3 N3 N3 N3 N3 N3 N3 N3 N3 N3 N1 N3 N2 N1 N1 N1 N2 W W N2 N1 N1 N2 N2 N2 W N1 N2 N2 N1 N2 N2 N2 N1 N2 N2 N2 N2 N2 N2 N2 N2 N2 N2 N2 N2 N2 REM REM REM REM REM N1 REM REM W W N1 REM REM N1 REM REM REM REM N1 REM REM REM REM REM N1 N1 REM REM REM REM REM REM REM REM REM W N1 W N1 N2 N2 N2 N2 N2 N2 N2 N2 N2 N2 N2 N2 N2 N2 N2 N2 N2 N2 N2 N2 N3 N2 N2 N3 N3 N3 N3 N2 N2 N3 N3 N3 N3 N3 N3 N3 N3 N3 N3 N3 N3 N3 N3 N3 N2 W N1 W N1 N2 W N2 N2 N2 N2 N2 N2 N2 N2 N2 N2 N2 N2 N2 N2 N2 N2 N2 N2 N3 N3 N3 N3 W N1 N1 N2 N2 N2 N2 N1 N2 N2 N2 N2 N2 N2 N2 N2 N2 N2 N3 N3 N3 N3 N3 W W W N1 W W W N1 N1 N1 N1 N2 N2 N2 N2 N2 N2 N2 N2 N2 N2 N2 N2 N2 N2 N2 N2 N2 N2 N2 N2 N3 N2 W W N1 N2 N2 N2 N2 N2 N2 N2 N2 N2 N2 N2 N2 N2 N2 N1 N1 N1 N2 N2 N2 N2 N2 N2 N2 N2 N2 N2 N2 N2 N2 N2 N2 N2 N2 N2 N2 N2 N2 N2 N1 N2 N2 N2 REM REM REM REM W REM REM REM REM REM REM REM REM N1 REM REM REM REM REM REM REM REM REM REM REM REM REM W N1 N1 REM REM REM N1 REM REM REM REM REM REM N1 W N1 N1 N2 N2 N1 REM REM N1 REM REM REM REM REM REM REM N1 W N1 N2 N1 W N1 N1 N2 N2 N1 N2 N1 N2 N2 N2 N2 N2 N2 N2 N2 N2 N2 N2 N2 N2 N1 W N1 N2 N2 N2 N2 N2 N2 N2 N2 N2 N2 N2 N2 N2 N2 N1 W N1 W N1 N1 N1 W W W W W W N1 N1 N2 N1 N1 N1 N1 N2 N2 N2 N2 N2 N2 N2 N2 N2 N2 N2 N2 N2 N2 N2 N2 N2 N2 N2 N1 N2 N2 N2 N2 N2 N2 N2 N2 N2 N2 N2 N2 N2 N2 N2 N3 N2 N2 N3 N2 N3 N3 N3 N3 N3 N3 N3 N3 N3 N3 N3 N3 N3 N3 N3 N3 N3 N3 N3 N3 N3 N3 N3 N3 N3 N3 N3 N3 N3 N3 N3 N3 N3 N3 N3 N3 N3 N3 N3 N3 W W W W N1 N1 N2 N2 N2 N2 N1 N1 W N1 N1 N2 N2 N2 N2 N2 N2 N2 N2 N2 REM REM REM N1 W N1 N2 N1 REM N1 REM REM REM REM REM REM REM N1 REM REM REM N1 REM REM REM REM N1 REM REM REM REM REM REM REM REM REM REM REM REM REM REM REM N1 REM N1 N1 REM REM REM REM REM REM REM W W W N1 N1 N1 REM REM REM REM REM REM N1 REM REM REM REM W N1 N1 N2 N1 N2 N2 N2 N1 N2 N2 N2 N2 N2 N1 N2 N2 N2 N2 N2 N2 N2 N2 N2 N2 N2 N2 N2 N2 N2 N2 N2 N2 N2 N2 N2 N2 N2 N2 N2 N2 W W W W N1 N1 N1 N1 N1 N2 N2 N2 N2 N2 N2 N2 N2 N2 N2 N2 N2 N2 W N1 N2 N1 N2 N2 N2 N2 N2 N2 W N1 N2 N2 N2 N2 N2 N2 N2 N2 N2 N2 N2 N2 N2 N2 N2 N2 N2 N2 N2 N2 N2 N2 N2 N2 N2 N2 N2 N2 N2 N2 N2 N2 N2 N3 N2 N2 N2 N3 N2 N3 W N1 W N1 N2 N2 N2 W N1 N2 N2 N1 N2 N2 W W W W W W W W W W W W W W W W W W W W W W W W W W W W N1 N1 N1 N1 N1 N1 N1 N1 N1 N1 N1 N1 N1 N1 N2 N2 W N1 N2 N1 N2 N2 N2 N2 N1 W N1 N1 N1 N1 N2 N2 N2 N2 N2 N2 N2 N2 N2 N2 N1 N2 N1 W N1 N1 N2 N2 N2 N2 REM REM REM REM W W REM REM REM REM W N1 REM REM W W N2 N1 REM REM REM REM REM REM N1 REM REM REM REM REM REM REM N1 REM REM REM REM REM REM N1 REM REM REM REM REM REM REM REM REM W W N1 N1 N1 N1 N1 REM REM REM REM REM REM N2 REM N2 N2 N1 REM REM N1 N2 N2 N2 N2 N2 N1 REM REM REM REM REM REM REM N1 N1 N1 N2 N2 N2 N2 N1 N1 N1 N1 W N1 W W W W W W W W W N1 W W N1 N1 N1 N1 N1 N1 N1 N1 N1 N1 N1 N2 N2 N2 N2 N2 N2 N2 N2 N2 N2 N2 N2 N2 N2 N2 N2 W N1 N2 N2 N2 N2 N2 N2 N2 N2 N2 N2 N2 N2 N2 W W W W W W W W W W N1 N1 W W N1 N1 N1 W W W W W W W W W W W W W W W W W W W W W W W W W W W W W W W W W W W W W W W W W W W W W W W W W W W W W W W W W W W W,processed_sleepedf/spectral/SC4291G0-PSG_spectral.pt
processed_sleepedf/tensors/SC4292G0-PSG.pt,W W W W W W W W W W W W W W W W W W W W W W W W W W W W W W W W W W W W W W W W W W W W W W W W W W W W W W W W W W W W N1 N2 N2 N2 N2 N2 N2 N2 N2 N2 N2 N2 N2 N2 N2 N2 N2 N2 N2 W N1 N2 N2 N2 N2 N2 N2 W W W W W W W W W W W W W W W W W W W W W W W W W W W W W W W W W W W W W W W W W W W W W W W W W W W W W W W W W W W W W W W W W W W W W W W W W W W W W W W W W W W W W W W W W W W W W W W W W W W W W W W W W W W W W W W W W W W W W W W W W W W W W W W W W W W W W W W W W W W W W W W W W W W W W W W W W W W W W W W W W W W W W W W W W W W W W W W W W W W W W W W W W W W W W W W W W W W W W W W W W W W W W W W W W W W W W W W W W W W W W W W W W W W W W W W W W W W W W W W W W W W W W W W W W W W W W W W W W W W W W W W W W W W W W W W W W W W W W W W W W W W W W W W W W W W W W W W W W W W W W W W W W W W W W W W W W W W W W W W W W W W W W W W W W W W W W W W W W W W W W W W W W W W W W W W W W W W W W W W W W W W W W W W W W W W W W W W W W W W W W W W W W W W W W W W W W W W W W W W W W W W W W W W W W W W W W W W W W W W W W W W W W W W W W W W W W W W W W W W W W W W W W W W W W W W W W W W W W W W W W W W W W W W W W W W W W W W W W W W W W W W W W W W W W W W W W W W W W W W W W W W W W W W W N1 N1 N2 N2 N2 N2 N2 N2 N2 N2 N2 N2 N2 N2 N2 N2 N2 N2 N2 N2 N2 N2 N2 N2 N2 N2 N2 N2 N2 N2 N2 N2 N2 N2 N2 N2 N2 N2 N2 N2 N2 N2 N2 N2 N3 N3 N2 N3 N3 N3 N3 N3 N3 N3 N3 N3 N3 N3 N3 N3 N3 N3 N3 N3 N3 N3 N3 N3 N3 N3 N3 N3 N3 N3 N3 N3 N3 N3 N3 N3 N3 N3 N3 N3 N3 N3 N2 N2 N2 N2 N2 N2 N2 N2 N2 N2 N2 N2 N2 N2 N2 N2 N2 N2 N2 N2 N2 REM REM REM REM REM REM REM REM REM REM REM REM REM REM REM REM REM REM REM REM REM REM N1 N1 N2 N2 N2 N2 N2 N2 N2 N2 N2 N2 REM REM REM REM REM W N1 N2 N2 N2 REM REM W N1 N1 N2 N2 N2 N2 N2 N2 N2 N2 N2 N2 N2 N2 N2 N2 N2 N2 N2 N2 N2 N2 N2 N2 N2 N2 N3 N3 N3 N3 N3 N3 N3 N3 N3 N3 N3 N3 N3 N3 N3 N2 N2 N2 N2 N2 N2 N2 N2 N2 N2 N3 N3 N3 N3 N2 N2 W W W W N2 N2 N2 N2 N2 N2 N2 N2 N2 N2 N2 N2 N3 N3 N3 N2 N3 N2 N3 N3 N3 N3 N3 N3 N3 N3 N3 N3 N3 N3 N3 N3 N3 N3 N3 N3 N3 N3 N3 N3 N3 N3 N3 N3 N3 N3 N3 N2 N3 N3 N3 N3 N3 N3 N3 N3 N3 N3 N3 N3 N3 N3 N3 N3 N3 N3 N3 N3 N3 N3 N3 N3 N3 N3 W W W W N1 N1 N1 N1 N1 N2 N2 N2 N2 N2 N2 N2 N2 N2 N2 N2 N2 REM REM REM REM REM REM REM REM REM REM REM REM REM REM REM REM REM REM REM REM REM REM REM REM REM REM REM REM REM REM REM REM REM REM REM REM REM REM REM REM REM REM REM REM REM REM REM REM W W N1 N1 W N1 N2 N2 N2 N2 N2 N2 N2 N2 N2 N2 N2 N2 N2 N2 N2 N2 N2 N2 N2 N2 N2 N2 N2 N2 N2 N2 N2 N2 N2 N2 N2 N2 N2 N2 N2 N2 N2 N2 N2 N2 N2 N2 N2 N2 N2 N2 N2 N2 N2 N2 N2 N2 N2 N2 N2 N2 N2 N2 N2 N2 N2 N2 N2 N2 N2 N2 N2 N2 N2 N2 N2 N2 N2 N2 N2 N2 N2 N2 N2 N2 N2 N2 N2 N2 N2 N2 N2 W W W W W W N1 N1 N2 N2 N2 N2 N2 N2 N2 N2 N2 N2 N2 N2 N2 N2 N2 N2 N2 N2 N2 N2 N2 N2 N2 N2 N2 N2 N2 N2 N2 N2 N2 N2 N2 N2 N2 N2 N2 N2 N2 N2 N2 N2 N3 N3 N3 N3 N3 N3 N3 N3 N3 N3 N3 N3 N3 W N1 N1 N1 N2 N2 N2 N2 N2 N2 N2 N2 N2 N2 N2 N2 N2 N2 N2 N2 N2 N2 N2 N2 N2 N2 N2 N2 N2 N2 N2 W W W W W W N2 N2 N2 N2 N2 N2 N2 N2 N2 N2 REM REM REM REM REM REM REM REM REM REM REM REM REM REM REM REM REM REM REM REM REM REM REM REM REM REM REM REM REM W N1 N2 REM REM REM REM REM REM REM REM W W W N1 N2 N2 REM REM REM REM REM REM REM REM REM REM REM REM REM REM REM REM REM REM W W N1 N1 N1 REM REM W N1 N1 N2 N2 N2 N2 N2 N2 N2 REM REM REM W W W W W W W W W W W W W W W W W W W W W W W W W W W W W W W W W W W W W W N1 N1 W N1 N1 N1 N1 N2 N2 N2 N2 N2 N2 N2 N2 N2 N2 N2 N2 N2 N2 N2 N2 W W W W W W W W W W W W W W W W W N1 N1 N1 N1 N2 N2 N2 N2 N2 N2 N2 N2 N2 N2 N2 N2 N2 N2 N2 N2 N2 N2 N2 N2 N2 N2 N2 N2 N2 N2 N2 N2 N2 N2 N2 N2 N2 N2 N2 N3 N2 N2 N2 N2 N2 N2 N2 N2 W N1 N1 N1 N2 N2 N2 N2 N2 N2 N2 N2 N2 N2 N2 N2 N2 N2 N2 N2 N2 N3 N3 N3 N3 N3 N3 N3 N3 N3 N3 N3 N3 N3 W N1 W W W W N1 N2 N2 N2 N2 N2 N2 REM REM REM REM REM REM REM REM REM REM REM REM REM REM REM REM REM REM REM REM REM REM REM REM REM W W N1 REM REM REM REM REM REM REM REM REM REM REM REM REM REM REM REM REM W W W N1 N2 REM REM REM REM REM REM REM REM REM REM REM REM REM REM REM REM REM REM W N1 REM REM REM REM REM REM REM REM REM REM REM REM REM REM N2 REM REM REM REM REM REM REM REM REM W N1 N2 N2 N2 N2 N2 N2 N2 N2 N2 N2 N2 N2 N2 N2 N2 N2 N2 N2 N2 N2 N2 N2 N2 N2 N2 W W N1 N2 N2 N2 N2 N2 N2 N2 N2 W W W W W W W W W W W W W W W W W W W W W W W W W W W W W W W W W W W W W W W W W W W W W W W W W W W W W W W W W W W W,processed_sleepedf/spectral/SC4292G0-PSG_spectral.pt
processed_sleepedf/tensors/SC4301E0-PSG.pt,W W W W W W W W W W W W W W W W W W W W W W W W W W W W W W W W W W W W W W W W W W W W W W W W W W W W W W W W W W W W N1 N1 N2 N1 N1 N2 N2 N2 N2 N2 N2 N2 N2 N2 N2 N2 N2 N2 N2 N2 N2 N2 N2 N2 N2 N2 N2 N2 N2 N2 N2 N2 N2 N2 N2 N2 N2 N2 N2 N2 N2 N2 N2 N2 N2 N2 N2 N2 W W W W W N1 N1 N1 N1 N1 N2 N2 N2 N2 N2 N2 N2 N1 N2 N2 N2 N2 N2 N2 N2 N2 N2 N2 N2 N2 N2 N2 N2 N2 N2 N2 N2 N2 N2 N2 N2 N2 N2 N2 N2 N2 N2 N2 N2 N2 N2 N3 N2 N2 N2 N3 N2 N3 N2 N2 N3 N2 N2 N2 N3 N2 N2 N2 N1 N1 N1 N2 N2 N2 N2 N2 N2 N2 N2 N2 N2 N2 W W N1 N1 N2 N2 N2 N2 N2 N2 N2 N2 REM REM REM REM REM REM REM REM REM REM REM REM REM REM REM REM REM REM REM REM REM REM REM N1 N1 N1 N1 N1 N1 N2 N2 N1 N1 N2 N2 N2 N1 N1 N2 N2 N2 N2 N2 N2 N2 N2 N2 N2 N2 N2 N2 N2 N2 N2 N2 N2 N2 N2 N2 N2 N2 N2 N2 N2 N2 N2 N2 N2 N2 N2 N2 N2 N2 W W N2 N2 N2 N2 N2 N2 N2 N2 N2 N2 N2 N2 N3 N2 N2 N2 N2 N2 N2 W W N1 N1 N2 N2 N2 N2 N2 N2 N2 N2 N2 N2 N2 N2 N2 N2 N2 N2 N2 N2 N2 N2 N3 N3 N3 N3 N2 N3 N3 N2 N2 N2 N2 N2 N2 N2 N2 N2 N2 N2 N2 N2 N2 W N2 N2 W W N1 N1 N1 N1 N2 N2 N2 N2 N2 N2 N2 N1 N1 N1 N2 N2 N1 W W W N1 N1 N1 N1 N2 N2 N2 N2 N2 N2 N2 N2 N2 N2 N2 N2 N2 N2 N2 N2 N2 N2 N2 N2 N2 N2 N2 N2 N2 N2 N2 N2 N2 N2 W W W W W W W W W W W W W W W W W W W W W W W W W W W W W W W W W W W W W W W W N1 N1 N1 N1 N2 N2 N1 N1 N1 N1 N1 N1 N1 N1 N1 N1 N1 N1 N1 REM REM REM REM REM REM REM REM REM REM REM REM REM REM REM REM REM REM REM N1 N2 N2 N2 N2 N2 N2 N2 N2 N2 N2 N2 N2 N2 N2 N2 N2 N2 N2 N2 N2 N2 N2 N2 N2 N2 N2 N2 N2 N2 N2 N2 N2 N2 N2 N2 N2 N2 N2 N2 N2 N2 N2 N2 N2 N2 N2 N3 N2 N3 N2 N2 N2 N3 N2 N2 N2 N3 N2 N2 N3 N3 N3 N3 N2 N2 N2 N2 N3 N3 N3 N2 N3 N3 N2 N2 N2 N2 N2 N3 N2 N2 N2 N2 N2 N3 N2 N2 N2 N2 N2 N2 N2 N2 N2 N2 N2 N2 N2 N2 N2 N2 N2 N2 N2 N2 N2 N2 N2 N2 N2 N2 N2 N2 N2 N1 N1 N1 N1 N2 N2 N2 N1 W W W N1 N1 N1 N1 N1 N2 N1 N1 N1 N2 N2 N2 N2 N2 N2 N2 N2 N2 N2 N2 N2 N2 N2 N2 N2 N2 REM REM REM REM REM REM REM REM REM REM REM REM REM REM REM REM REM REM REM REM REM REM REM REM REM REM REM REM REM W W W N1 N1 N1 N1 N1 N1 N1 N1 N1 N1 REM REM REM REM W W N1 N1 N1 N2 N2 N2 N2 N2 N2 N2 N2 N2 N2 N2 REM REM REM REM REM REM REM REM REM REM REM REM REM REM REM REM W N1 N1 W W N1 W W W W W W W W W W W W W N1 N1 N1 N2 N2 N2 N2 N2 N2 N2 N2 N2 N2 N2 N2 N2 N2 N2 N2 N2 N2 N2 N2 N2 N2 N2 N2 N2 N2 N2 N2 N2 N2 N2 N2 N2 N2 N2 N2 N2 N2 N2 N2 N2 N2 N2 N3 N2 N2 N2 N2 N2 N3 N2 N3 N2 N1 N1 N1 N1 N1 N1 N1 W W W N1 N1 W W N1 N2 N2 N2 N2 N2 N2 N2 REM REM REM REM REM REM REM REM REM REM REM REM REM REM REM REM REM REM REM REM REM REM REM REM REM REM REM W W W W N1 N1 N1 N1 N2 N2 N2 N2 N2 N2 N2 N2 REM REM REM REM W N1 N1 N1 N1 N1 N1 N2 N2 N2 N2 N2 N2 N2 N2 N2 N2 W W W W W W W W W W W W W W W W W W W W W W W W W W W W W W W W W W W W W W W W W W W W W W W W W W W W W W W W W W W W,processed_sleepedf/spectral/SC4301E0-PSG_spectral.pt
processed_sleepedf/tensors/SC4302E0-PSG.pt,W W W W W W W W W W W W W W W W W W W W W W W W W W W W W W W W W W W W W W W W W W W W W W W W W W W W W W W W W W W W N1 N1 N1 N1 N1 N1 N1 N2 N2 N2 N2 N2 W W N1 N2 N2 N2 N2 N2 N2 N2 N1 N2 N2 N2 N2 N2 N2 N2 N2 N2 N2 N2 N2 N2 N2 N2 N2 N2 N2 N2 N2 N2 N2 N2 N2 N2 N2 N2 N2 N2 N2 N2 N2 N2 N2 N2 N3 N2 N3 N2 N2 N2 N2 N2 N2 N2 N2 N2 N2 N2 N2 N3 N3 N2 N3 N2 N2 N2 N2 N2 N2 N2 N3 W N1 N2 N2 N2 N2 N2 N2 N2 N2 N2 N2 N2 N2 N2 N2 N2 N2 N2 N2 N2 N2 N1 N2 N2 N2 N2 N2 N2 N2 N2 N2 N2 N2 N2 N2 N2 N2 N2 N2 N2 N2 N2 N2 REM REM REM REM REM REM REM REM REM REM REM N1 N1 N2 N2 N2 N2 REM REM REM REM REM REM N1 N1 N1 N1 N1 N1 N2 N2 N2 N1 N1 N2 N2 N2 N2 N2 N2 N2 N2 N2 N2 N2 N2 N2 N2 N2 N2 N2 N2 N2 N2 N1 N2 N2 N2 N2 N2 N2 N1 N1 N2 N2 N2 N2 N2 N2 N2 N2 N2 N2 N2 N2 N2 N2 N2 N2 N2 N2 N2 N2 N2 N2 N3 N2 N3 N2 N3 N2 N3 N3 N2 N2 N1 N1 W W W N1 N1 N1 N1 N1 N1 N2 N2 N2 N2 N2 N2 N2 N2 N2 N2 W W W W W W N1 N1 N1 N1 N1 N1 N1 N1 N1 N2 N2 N2 N2 N2 N2 N2 N2 N2 N2 N2 N2 N2 N2 N2 N2 N2 N2 N2 N2 N2 N2 N2 N2 N2 N2 N2 N2 N2 N2 N2 N2 N2 N2 N2 N2 N2 N2 REM REM REM REM REM REM REM REM REM REM REM REM REM REM REM REM REM REM REM REM REM REM REM REM REM REM REM REM N1 N1 N1 N1 N1 N1 N1 N1 N1 N1 N1 N1 N1 REM REM REM REM REM REM REM REM REM REM REM REM REM REM REM REM REM REM REM REM REM REM REM REM REM N1 N1 N1 N1 N1 N1 N2 N1 N2 N1 N1 N2 N2 N2 N2 N2 N2 N2 N2 N2 N2 N2 N2 N2 N2 N2 N2 N2 N2 N2 N2 N2 N2 N2 N2 N2 N2 N2 N2 N2 N2 N3 N2 N2 N2 N2 N2 N2 N2 N2 N2 N2 N3 N2 N2 N2 N2 N3 N3 N2 N2 N3 N2 N3 N2 N2 N3 N3 N2 N2 N3 N3 N3 N3 N3 N3 N3 N2 N2 N3 N3 N3 N3 N2 N1 N1 N1 N1 N1 N1 N2 N2 N2 N2 N2 N2 N2 N2 N2 N2 N2 N2 N2 N2 N2 N2 N2 N2 N2 N2 N2 N2 N2 N2 N2 N1 N1 N2 N2 N2 N2 N2 N2 N2 REM REM REM REM REM REM REM REM REM REM REM REM REM REM REM REM REM W W W W N1 N1 N1 N1 N2 N2 N1 N2 N2 N2 N2 N2 N2 N2 N2 N2 REM REM REM REM REM REM REM REM REM REM REM N1 REM N1 N1 N1 N1 W W W W N1 N1 N1 N2 N2 N2 N2 N2 N2 N2 N2 N2 N2 N2 N2 N1 N2 N2 N2 W W W W W W W W W W N1 W W W W W W W W W W W W W W W W W W W W N1 N1 W W W N1 N1 N1 N1 N1 N1 N2 N2 N2 N2 N2 N2 N2 N2 N2 N2 N2 N2 N2 N2 N2 N2 N1 N2 N2 N2 N2 N2 N1 N2 N2 N2 N2 N2 N2 N2 N2 N2 N2 N2 N2 N2 N2 N2 N2 N2 N2 N2 N2 N2 N2 N2 N2 N2 N2 N2 N2 N2 N2 N2 N2 N2 N2 N2 N2 N2 N2 N2 N2 N2 N2 N2 N2 N2 N2 N2 N2 N2 N3 N2 N2 N2 N2 N2 N3 N2 N2 N2 N2 N2 N2 N2 N2 N2 N2 N2 N2 REM REM REM REM REM REM REM REM REM REM REM REM REM REM REM REM REM REM REM REM REM REM REM REM REM REM REM REM REM REM REM REM REM REM REM REM W W W W W W W W W W W W W W W W W W W W W W W W W W W W W W W W W W W W W W W W W W W W W W W W W W W W W W W W W W W W,processed_sleepedf/spectral/SC4302E0-PSG_spectral.pt
processed_sleepedf/tensors/SC4311E0-PSG.pt,W W W W W W W W W W W W W W W W W W W W W W W W W W W W W W W W W W W W W W W W W W W W W W W W W W W W W W W W W W W W N1 N1 N1 N1 N1 N1 N1 N1 N1 W W W W W W N1 N1 N1 N1 N2 N2 N2 N2 N2 N2 N2 N2 N2 N2 N2 N2 N2 N2 N2 N2 N2 N2 N3 N2 N2 N3 N2 N3 N3 N3 N3 N2 N3 N2 N3 N3 N3 N3 N3 N3 N3 N3 N3 N3 N3 N3 N3 N3 N3 N3 N3 N3 N3 N3 N3 N3 N3 N3 N3 N3 N3 N3 N3 N3 N3 N3 N3 N3 N3 N3 N3 N3 N3 N3 N3 N3 N3 N3 N3 N3 N3 N3 N3 N3 N3 N3 N3 N3 N3 N3 N3 N3 N3 N3 N3 N3 W W N2 N2 N2 N2 N2 N2 N2 N2 N2 W W W N2 N2 N2 N1 N1 N1 W W W N1 N1 N2 N2 W N1 N1 N1 N2 N2 N2 N2 N2 N2 N2 N2 N1 N2 N2 W N1 W W W W W W W W W W W W W W W W W W W W W W W W W W W W W W W W W W W W W W W W W W W N1 N1 N1 N2 N2 N2 N2 N2 N2 N2 N2 N2 N2 N2 N2 N2 N2 N2 N2 N2 N2 N2 N2 N2 N2 N2 N2 N2 N2 N2 N2 N2 N2 N2 N2 N2 N2 N3 N3 N2 N3 N2 N3 N2 N3 N3 N3 N3 N3 N2 N3 N3 N3 N3 N3 N3 N3 N3 N3 N3 N3 N3 N3 N3 N3 N3 N3 N3 N2 N2 N2 N2 N2 N2 N2 N2 N2 N2 N2 N2 N2 N2 N2 N2 N2 N2 N2 N2 N3 W N2 N2 N2 N2 N1 N2 N2 N2 N2 N2 N2 N2 N2 N2 N2 REM REM REM REM REM REM REM REM REM REM REM REM REM REM REM REM REM REM REM REM REM REM REM REM REM REM REM REM REM REM REM REM REM REM REM REM REM REM REM REM REM REM REM REM REM REM REM REM REM REM REM REM REM REM REM REM REM REM REM REM REM REM W W W W W W W W W W W W W W W W W W W W W W W W W W W W W W W W W W W W W W W W W W W W W W W W W W W W W W W W W W W W W W W W W W W W W W W W W W W W W W W W W W N1 N1 W W W W W W W N1 W W W W W W W W W W W W W W W W W W W W W W N1 N1 N1 W W W W W N1 N1 N1 N1 N1 N1 N1 N1 N1 N1 N1 N1 N1 N2 N2 N2 N2 N2 N2 N2 N2 N2 N2 N2 N2 N2 N2 N2 N2 N2 N2 N2 N2 N2 N2 N2 N2 N2 N2 N2 N2 N2 N2 N2 N2 N2 N2 N2 N3 N3 N2 N2 N2 N2 N2 N3 N2 N2 N2 N2 N2 N2 N2 N2 N1 N2 N2 N2 N2 N2 N2 N2 N2 N2 N2 N2 N2 N2 N2 N2 N2 N2 N2 N2 N2 N2 N2 N2 N2 N3 N2 N2 N2 N2 N2 N3 N3 N3 N2 N3 N2 N1 N2 N2 N2 N2 N2 N2 N2 N2 N2 N2 N2 W N2 N2 N2 N2 N2 N2 N2 N2 N2 N2 N2 N2 REM REM REM REM REM REM REM REM REM REM REM REM REM REM REM REM REM REM REM REM REM REM REM W N1 N1 N2 N2 N2 N2 N2 N2 N2 N2 N2 N2 N2 N2 N2 N2 W N1 N1 N1 N1 N1 N2 N2 N2 N2 N2 N2 N2 N2 N2 N2 N2 N2 N2 N2 N2 N2 N2 N2 N2 N2 N2 N2 N2 N2 N2 N2 N2 N2 N2 N2 N2 N2 N2 N2 N2 N2 N2 N2 N2 N2 N2 N3 N2 N2 N2 N2 N2 N2 N2 N2 N2 N2 N2 N2 N2 N2 N2 N2 N2 N2 N2 N2 N2 N3 N2 N2 N3 N2 N3 N2 N2 N2 N2 N3 N2 N3 N2 N3 N3 N2 N2 N2 N2 N2 N2 N2 N2 N2 N2 N2 REM REM REM REM REM REM REM REM REM REM REM REM REM REM REM REM REM REM REM REM REM REM REM REM REM REM REM REM W N1 N1 N1 N2 N2 N2 N2 N2 N2 N2 REM REM REM REM REM REM REM REM REM REM REM REM REM REM REM REM REM REM REM REM REM REM REM REM REM REM REM REM REM W W W W W W W W W W W W W W W W W W W W W W W W N1 N1 N1 N1 N1 N1 N1 W W W W W W W W W W W W W W W W W W W W W W W W W W W W W W W N1 W N1 N1 N1 W W N1 N1 N1 N1 N1 N1 N1 N1 N1 N2 N2 N2 N2 N2 N2 N2 N2 N2 N2 N2 N2 N1 N2 N2 N2 N2 N2 N2 N2 N2 N2 N2 N2 N2 N2 N2 N2 N2 N2 N2 N2 N2 N2 N2 N2 N2 N2 N2 W W W W W W W W W W W W W W W W W W W W W W W W W W W W W W W W W W W W W W W W W W W W W W W W W W W W W W W W W W W W,processed_sleepedf/spectral/SC4311E0-PSG_spectral.pt
processed_sleepedf/tensors/SC4312E0-PSG.pt,W W W W W W W W W W W W W W W W W W W W W W W W W W W W W W W W W W W W W W W W W W W W W W W W W W W W W W W W W W W W N1 N1 N1 N1 N2 N2 N2 N2 N2 N2 N2 N3 N2 N1 N2 N2 N2 N2 N2 N2 N2 N2 N3 N2 N3 N3 N2 N3 N3 N2 N3 N3 N3 N3 N3 N2 N2 N2 N2 N2 N2 W W N1 N2 N2 N3 N3 N3 N3 N3 N3 N3 N3 N3 N3 N3 N3 N3 N3 W W N2 N2 N2 N2 N3 N3 N3 N3 N3 N3 N3 N3 N3 N3 N3 N3 N3 N3 N3 N3 N3 N3 N3 N3 N3 N3 N3 N3 N3 N3 N3 N3 N3 N3 N3 N3 N3 N3 N3 N3 N3 N3 N3 N3 N3 N3 N3 N3 N3 N3 N3 N3 N3 N3 N3 N3 N3 N3 N3 N3 N3 N3 N3 N3 W W N1 N1 N1 N2 N2 N2 N2 N2 REM W N1 REM REM REM REM REM REM REM REM REM REM REM W REM W W REM REM REM REM REM W N1 REM W N1 REM REM REM N1 N1 REM REM REM REM REM REM REM REM REM REM REM REM REM REM REM REM REM REM REM REM REM REM REM REM REM REM REM REM REM REM REM REM N1 N1 REM REM N1 N1 REM REM N1 REM REM REM REM REM REM REM REM N1 REM REM REM REM REM REM N1 REM N1 REM REM REM REM REM REM REM W W W W N1 N1 N1 N1 N1 N2 N2 W N1 N2 N2 N2 N2 N2 N2 N2 N2 N2 N2 N2 N3 N3 N2 N3 W W N1 N2 N2 N1 W N2 N2 N2 N2 N2 N2 N2 N2 N2 N2 N2 N2 N3 N2 N2 N2 N2 N3 N3 N3 N3 N3 N3 N3 N3 N3 N3 N3 N3 N3 N2 N3 N3 N3 N3 N3 N3 N3 N3 N3 N3 N3 N3 N3 N2 N3 N3 N3 N3 N3 N3 N3 N3 N3 N3 N3 N2 N2 N2 N2 N2 N3 N3 N3 N2 N2 N3 N3 N2 W W N1 N1 N2 N2 N3 N3 N2 N3 N3 N3 N3 N3 N3 N3 N3 N3 N3 N3 N3 N3 N3 N3 N3 N3 N3 N3 N3 N3 N3 N3 W N1 N2 N2 N2 N2 N2 N2 N2 N2 N2 N2 N2 REM REM REM REM REM REM REM REM REM REM REM REM REM REM REM REM REM REM REM W REM REM REM W W REM REM REM REM REM REM N1 REM W W N1 REM REM N1 REM N1 N1 W N1 REM REM REM W REM REM REM REM REM W REM REM REM N1 N1 N1 N2 N2 N2 N2 N2 W N1 N2 N1 N1 N2 N2 W W N1 N2 N2 N2 N2 N2 N2 N2 N2 N2 N2 N2 N2 N2 N2 N2 N2 N2 N2 N2 N2 N2 N2 N2 N2 N2 N2 N2 N2 N2 N2 N2 N2 N2 N2 N2 N2 N3 N3 N1 N1 N1 N2 N2 N2 W N1 N2 N2 N2 N2 N2 N2 N2 N2 N2 N2 N2 N2 N2 N2 N2 N2 N2 N2 N2 N2 N2 N2 N2 N2 N2 N2 N3 N3 N2 N2 N3 N3 N3 N2 N3 N3 N3 N3 N2 N3 N3 N3 N3 N3 N3 N2 N3 N3 N3 N3 N3 N3 N3 N3 N3 N3 N3 N3 W W W W W N1 N1 N1 W N1 W W W W W W W W W W W W W W W W W W W W W W W W W W W W W W W W W N1 W W W N1 N1 W W W W W W W W W W W W W W W W W W W W W W W W N1 W W W W W W W W W W W W W W W W W W W W W W W W W W W W N1 N1 N1 N1 N1 N2 N2 N2 N2 N2 N2 N2 N2 N2 N2 N2 N2 N2 N2 N2 N2 N2 N2 N2 W N1 N1 REM REM N1 W N1 W REM REM N1 REM REM REM REM REM REM REM REM REM REM REM REM REM W W REM REM REM REM W N1 N1 N1 N1 N1 N1 W N1 REM REM REM W N1 N1 REM REM REM N1 REM N1 REM REM REM REM REM REM REM REM N1 N1 N1 N2 N2 N2 N2 N2 N2 N2 N1 N1 N1 N2 N2 N2 N2 N2 N2 N2 N2 N2 N2 W N1 N1 N2 N2 N2 N2 N2 N2 N2 N2 N2 N2 N2 N2 N2 N2 N2 N2 N2 N2 N2 N2 N2 N2 N2 N2 N2 N2 N2 N2 N2 N2 N2 N2 N2 N2 N2 N3 N2 N3 N2 N2 N2 N3 N3 N2 N2 N2 N2 N2 N2 N2 N2 N2 N2 N2 N3 N3 N2 W W N1 N1 N1 N1 N1 N1 N2 N2 N2 N2 W N2 N2 N2 N2 N2 N2 N2 N2 N2 REM REM REM REM REM W REM REM REM REM REM REM REM REM REM REM REM REM REM REM REM REM REM REM REM REM REM W REM REM N1 N1 N1 W W W W W W W W W N1 N1 N1 N1 N1 N1 N1 N2 N2 N2 N2 N2 N2 REM W N1 N1 N1 N1 N1 N1 N1 N1 N1 N1 N1 N1 N1 N1 REM REM REM W W W W W W W W W W W W W W N1 W W W W W W W W N1 N1 N1 N1 N1 N1 N1 N1 N2 N2 N2 N2 N2 N2 N2 N2 N2 N2 N2 N2 N2 N2 N2 N2 N2 N2 N2 N2 N2 N2 N2 N2 N2 N2 N2 N2 N2 N2 N2 N2 N2 N2 N2 W W N1 N2 N2 N2 N2 N2 N2 N2 N2 N2 N2 N2 N2 N2 N2 N2 N2 N2 N2 N2 N2 N2 N2 W W W W W N1 N1 N1 N1 N1 N2 N1 W N1 N1 N1 W W W W W N1 N1 W W N1 N1 N1 W W N1 N1 N1 N1 N1 N1 N1 N1 N1 W N1 N1 W W W W W W W W W W W W W W W W W W W W W W W W W W W W W W W W W W W W W W W W W W W W W W W W W W W W W W W W W W W W,processed_sleepedf/spectral/SC4312E0-PSG_spectral.pt
processed_sleepedf/tensors/SC4321E0-PSG.pt,W W W W W W W W W W W W W W W W W W W W W W W W W W W W W W W W W W W W W W W W W W W W W W W W W W W W W W W W W W W W N1 N1 N1 N1 N1 N1 N1 N1 N1 N1 N1 N1 N1 N1 N1 N1 N1 N1 N1 N1 N1 N1 N1 N1 N1 N1 N1 N2 N2 N2 N2 N2 N2 W W W W N1 N1 N1 N1 N1 N1 N1 N1 N1 N1 N1 N1 N1 N1 N1 N1 N1 N1 N1 N1 N1 N1 N1 N1 N1 W W W W N1 W W N1 N1 N1 N1 W W N1 W W N1 N1 N1 N1 N1 N1 N1 N1 N1 N1 N1 N1 N1 N1 N1 N1 N1 N1 N1 N1 N1 N1 N1 N1 N1 N1 N1 N1 N1 W W W W W W W W W W W W W W W W W W W W W W W W W W W W W W W W W W W W W W W W W W W W W W W W W W W W W W W W W W W W W W W W W W W W W W W W W W W W W W W W W W W W W W W W W W W W W W W W W W W W W W W W W W W W W W W W W W W W W W W W W W W W W W W W W W W W W W W W W W W W W W W W W W W W W W W W W W W W W W W W W W W W W W W W W W W W W W W W W W W W W W W W W W W W W W W W W W W W W W W W W W W W W W W W W W W W W W W W W W W W W W W W W W W W W W W W W W W W W W W W W W W W W W W W W W W W W W W W W W W W W W W W W W W W W W W W W W W W W W W W W W W W W W W W W W W W W W W W W W W W W W W W W W W W W W W W W W W W W W W W W W W W W W W W W W W W W W W W W W W W W W W W W W W W W W W W W W W W W W W W W W W W W W W W W W W W W W W W W W W W W W W W W W W W W W W W W W W W W W W W W W W W W W W W W W W W W W W W W W W W W W W W W W W W W W W W W W W W W W W W W W W W W W W W W W W W W W W W W W W W W W W W W W W W W W W W W W W W W W W W W W W W W W W W W W W W W N1 N1 N1 N1 N1 N1 N1 N1 N1 N2 N2 N2 N2 N2 N2 N2 N2 N2 N2 N2 N2 N2 N2 N2 N2 N2 N2 N2 N2 N2 N2 N2 N2 N2 N2 N2 N2 N2 N2 N2 N2 N2 N2 N2 N2 N2 N2 N2 N2 N2 REM REM REM REM REM REM REM REM REM REM REM REM REM REM REM REM REM REM REM REM REM REM REM REM REM REM REM REM REM REM REM N2 REM N2 N2 N2 N2 N2 N2 N2 N2 N2 N2 N2 N2 N2 N2 N2 N2 N2 N2 N2 N2 N2 N2 N2 N2 N2 N2 N2 N2 N2 N2 N2 N2 N2 N2 N2 N2 N2 N2 N2 N2 N2 N2 N2 N2 N2 N2 N2 N2 N2 N2 N2 N2 N2 N2 N2 N2 N2 N2 N2 N2 N2 N2 N2 N2 N2 N2 N2 N2 N2 N2 N2 N2 N2 N2 N2 N2 N2 N2 N2 N2 N2 N2 N2 N2 N2 N2 REM REM REM REM REM REM REM REM REM REM REM REM REM REM REM REM REM REM REM REM REM REM REM REM REM REM REM REM REM REM REM REM REM REM REM REM REM REM REM REM REM REM REM REM REM REM REM REM REM REM REM REM REM REM REM REM REM REM REM REM REM REM REM REM REM REM REM REM REM REM REM REM REM REM REM REM REM REM REM REM REM REM REM REM REM REM REM REM REM N1 N1 N1 N1 N1 N1 N1 N1 N1 N1 N1 N1 N1 N1 N1 N1 N1 N2 N2 N2 N2 N2 N2 N2 N2 N2 N2 N2 N2 N2 N2 N2 N2 N2 N2 N2 N2 N2 N2 N2 N2 N2 N2 N2 N2 N2 N2 N2 N2 N2 N2 N2 N2 N2 N2 N2 N2 N2 N2 N2 N2 N2 N2 N2 N2 N2 N2 N2 N2 N2 N2 N2 N2 N2 N2 N2 N2 N2 N2 N2 N2 N2 N2 N2 N2 N2 N2 N2 N2 N2 N2 N2 N2 N2 N2 N2 N2 N2 N2 N2 N2 N2 N2 N2 N2 N2 N2 N2 N2 N2 N2 N2 N2 N2 N2 N2 N2 N2 N2 N2 N2 N2 N2 N2 N2 N2 N2 N2 N2 N2 N2 N2 N2 N2 N2 N2 N2 N2 N2 N2 N2 N2 REM REM REM REM REM REM REM REM REM REM REM REM REM REM REM REM REM REM REM REM REM REM REM REM REM REM REM REM REM REM REM REM REM REM REM REM REM REM REM REM REM REM REM REM REM REM REM REM REM REM REM N2 REM N2 N2 REM REM REM W W N1 N1 N1 N1 N2 N2 N2 N2 N2 N2 N2 N2 N2 N2 N2 N2 N2 N2 N2 N2 N2 N2 W N1 W W N1 N1 N2 N2 N2 N2 N2 N2 N2 N2 N2 N2 N2 N2 N2 N2 N2 N2 N2 N2 N2 N2 N2 N2 N2 N2 N2 N2 N2 N2 N2 N2 N2 N2 N2 N2 N2 N2 N2 N2 N2 N2 N2 N2 N2 N2 N2 N2 N2 N2 N2 N2 N2 N2 N2 N2 N2 N2 N2 N2 N2 N2 N2 N2 N2 N2 W N1 N1 N1 N1 N1 N1 N1 N1 N2 N2 N2 N2 N2 N1 N2 N2 N2 N2 N2 N2 N2 N2 N2 N2 N2 N2 N2 N2 N2 N2 REM REM REM REM REM REM REM REM REM REM REM REM REM REM REM REM REM REM REM REM REM REM REM REM REM REM REM REM REM W W W W W N1 N1 N1 N1 N1 N1 N1 N1 N1 N2 REM REM REM REM REM REM REM REM REM REM REM REM REM REM REM REM REM REM REM REM REM REM REM REM REM REM REM REM REM REM REM N1 N1 N1 N1 N1 N1 N1 N1 N1 N1 N1 N1 N1 N1 N1 REM REM REM REM REM REM REM REM W W W W W W W W N1 N1 N1 N1 N1 N1 N1 N1 N1 N1 N1 N1 N1 N1 N1 N1 N1 N1 N1 N1 N1 N1 N1 N1 N1 N1 N1 N1 N1 N1 N1 N1 N1 N1 N1 N1 N1 N1 N1 N1 N1 N1 N1 N1 N1 N1 N1 N1 N1 N1 N1 N2 N2 N2 N2 N2 N2 N2 N2 N2 N2 N2 N2 N2 N2 N2 N2 N2 N2 N2 N2 N2 N2 N2 N2 N2 N2 N2 N2 N2 N2 N2 N2 N2 N2 N2 N2 N2 N2 N2 N2 N2 N2 N2 N2 N2 N2 N2 N2 N2 N2 N2 N2 N2 N2 N2 N2 N2 N2 REM REM REM REM REM REM REM REM REM REM REM REM REM REM REM REM REM REM REM REM REM REM REM REM REM REM REM REM REM REM REM REM REM REM REM REM REM REM REM REM REM REM W W W W W W W W W W W W W W W W W W W W W W W W W W W W W W W W W W W W W W W W W W W W W W W W W W W W W W W W W W W W,processed_sleepedf/spectral/SC4321E0-PSG_spectral.pt
processed_sleepedf/tensors/SC4322E0-PSG.pt,W W W W W W W W W W W W W W W W W W W W W W W W W W W W W W W W W W W W W W W W W W W W W W W W W W W W W W W W W W W W N1 N1 N1 N1 N1 N1 N1 N1 N1 N1 N1 N1 N1 N1 N2 N2 N2 N2 N2 N2 N2 N2 N2 N2 N2 N2 N2 N2 N2 N2 N2 N2 N2 N2 N2 N2 N2 N2 N2 N2 N2 N2 N2 N2 N2 N2 N2 N2 N2 N2 N2 N2 N2 N2 N2 N2 N2 N2 N2 N2 N2 N2 N2 N2 N2 N2 N2 N2 N2 N2 N2 N2 N2 N2 N2 REM REM REM REM REM REM REM REM REM W W N1 N1 N1 REM REM REM REM REM REM REM REM REM REM REM REM REM REM REM REM REM REM REM REM REM REM REM REM REM REM REM REM REM REM REM REM REM N1 N1 N1 N1 N1 N1 N2 N2 N2 N2 N2 N2 N2 N2 N2 N2 N2 N2 N2 N2 N2 N2 N2 N2 N2 N2 N2 N2 N2 N2 N2 N2 N2 N2 N2 N2 N2 N2 N2 N2 N2 N2 N2 N2 N2 N2 N2 N2 N2 N2 N2 N2 N2 N2 N2 N2 N2 N2 N2 N2 N2 N2 N2 N1 N2 N2 N2 N2 N2 N2 N2 N2 N2 N2 N2 N2 N1 N2 N2 N2 N2 N2 N2 N2 N2 N2 N2 N2 N2 N2 N2 N2 N2 N2 N2 N2 N2 N2 N2 N2 N2 N2 N2 N2 N2 N2 N2 N2 N2 N2 N2 N2 N2 N2 N2 N2 N2 N2 N2 N2 N2 N2 N2 N2 N2 N2 N2 N2 N2 N2 N2 N2 N2 N2 N2 N2 N2 N2 N2 N2 N2 N2 N2 N2 N2 N2 N2 N2 N2 N2 N2 N2 N2 REM REM REM REM REM REM REM REM REM REM REM REM REM REM REM REM N1 N1 N1 N1 N2 N2 N2 REM REM REM REM REM REM REM REM REM REM REM REM REM REM REM REM REM REM REM N2 N2 N2 N2 N2 N2 N2 N2 N2 N2 N2 N2 N2 N2 N2 N2 N2 N2 N2 N2 N2 N2 N2 N2 N2 N2 N2 N2 N2 N2 N2 N2 N2 N2 N2 N2 N2 N2 N2 N2 N2 N2 N2 N2 N2 N2 N2 N2 N2 N2 N2 N3 N2 N2 N2 N2 N2 N2 N2 N2 N2 N2 N2 N2 W N1 N1 N1 N1 N2 N2 N1 N1 N1 N1 N2 N2 N2 N2 N1 N1 N2 N2 N2 N2 N2 N2 N2 N2 N2 N2 N2 W N1 N1 N1 N2 N2 N2 N2 N2 N2 N1 N2 N2 N1 N2 N2 N2 N2 N2 N2 N2 N2 N2 N2 W N1 W N1 N1 N2 N1 N1 N2 N2 N2 N2 N2 N2 N2 N2 N2 N2 N2 N1 N1 N2 N1 N1 N2 N2 N2 N2 N2 N2 N2 N2 N2 N2 N2 REM REM REM REM REM REM REM REM REM REM REM REM REM N1 REM REM REM REM W N1 N1 REM REM REM REM REM REM REM REM REM REM REM REM REM REM REM REM REM W W W W REM REM REM REM REM REM REM REM REM REM REM N1 REM REM REM REM REM REM REM REM REM REM REM REM REM REM REM REM REM REM REM REM REM REM N1 N1 N1 N2 N2 N2 N2 N2 N2 N2 N2 N2 N2 N2 N2 N2 N2 N2 N2 N2 N2 W W N1 W W N1 N1 W N1 W N1 N1 W N1 N1 N1 W W W W N1 W N1 N1 N1 N1 N2 N2 N1 N1 N2 N2 N2 N2 N2 N2 N2 N2 N2 N2 N2 N2 N2 N2 N2 N2 N2 N2 N2 N2 N2 N2 N2 N2 N2 N2 N2 W N1 N1 N1 N1 N1 N2 N2 N2 N2 N2 N2 N2 N1 N1 N1 N2 N1 N2 N1 N2 N1 N2 N2 N2 N2 N2 N2 N2 N2 N2 N2 N2 N2 N2 N2 N2 N2 N2 N2 N2 N2 N2 N2 N2 N2 N2 N2 N2 N2 N2 N2 N2 N2 N2 N2 N2 N1 N1 REM REM REM REM REM REM REM REM REM N1 REM REM REM REM REM REM REM REM REM REM REM REM REM REM REM REM REM REM REM REM N1 REM REM REM REM REM REM REM REM REM REM REM REM REM REM REM REM REM REM REM REM REM REM REM REM REM REM REM W W N1 N1 N1 N1 N1 N1 N1 N2 N2 N2 N2 N2 N2 N1 N1 N1 N1 N1 N2 N2 W N1 N1 N1 N2 N1 N1 N1 W N1 N1 N2 N2 N2 W N1 N1 W N1 N1 N1 N1 N1 N1 W W W N1 N1 W N1 N1 W W N1 N1 N1 N1 N1 W N1 N1 N1 N1 W N1 N1 N1 N1 N2 N2 N2 N2 N2 N2 N2 N2 N2 N2 N2 W N1 N1 N2 N2 N2 N2 N2 N2 N2 N2 N2 N2 N2 N1 N1 N2 N2 N2 N2 N2 N2 N2 N2 N2 N2 N2 N2 N2 N2 N2 N2 N2 REM REM N2 REM REM REM REM REM REM REM REM REM REM N1 N1 W N1 REM REM REM REM REM REM REM REM REM REM REM REM REM REM REM N1 REM REM REM REM REM REM REM REM REM REM REM REM REM REM W W W W W W W W W W W W W W W W W W W W W W W W W W W W W W W W W W W W W W W W W W W W W W W W W W W W W W W W W W W W,processed_sleepedf/spectral/SC4322E0-PSG_spectral.pt
processed_sleepedf/tensors/SC4331F0-PSG.pt,W W W W W W W W W W W W W W W W W W W W W W W W W W W W W W W W W W W W W W W W W W W W W W W W W W W W W W W W W W W W N1 N1 N1 N1 N1 N1 N1 N1 N1 N1 N1 N1 N1 W N1 N1 N1 N1 N1 N2 N2 N2 N2 N2 N2 N2 N2 N2 N2 N2 N2 N2 N2 N2 N2 N2 N2 N2 N2 N2 N2 N2 N2 N2 N2 N2 N2 N2 N2 N2 N2 N2 N2 N2 N2 N2 N2 N2 N2 N2 N2 N2 N2 N2 N2 N2 N2 N2 N2 N2 N2 N2 N2 N1 N2 N2 N2 N2 N2 N2 N2 N2 N2 N2 N2 N2 N2 N2 N2 N2 N2 N2 N2 N2 N2 N2 N2 N2 N2 N2 N2 N2 N2 N2 N2 N2 N2 REM REM REM REM REM REM REM REM REM REM REM REM REM REM REM REM REM REM REM REM REM REM REM REM REM REM REM REM REM REM REM REM REM REM REM REM REM REM REM REM REM REM REM REM REM REM REM REM REM REM REM REM REM REM REM REM REM REM REM REM REM REM N2 N2 N2 N2 N2 N2 N2 N2 N2 N2 N2 N2 N2 N2 N2 N2 N2 N2 W W W N1 N1 N1 N1 N1 N2 N2 N2 N2 N2 N2 N2 N2 N2 N2 N2 N2 N2 N2 N2 N2 N2 N2 N2 N2 N2 N2 N2 N2 N2 N2 N2 N2 N2 N2 N2 N2 N2 N2 N2 N2 N2 N2 N2 N2 N2 N2 N2 N2 N2 N2 N2 N2 W W N1 N1 N1 N1 N1 N1 N1 N1 N1 N1 N1 N1 N1 N1 N1 N1 N2 N2 N2 N2 N2 N2 N2 N2 N2 N2 N2 N2 N2 N2 N2 N2 N2 N2 N2 N2 N2 N2 N2 N2 N2 N2 N2 N1 N1 N1 N1 N2 N2 N2 N2 N2 N2 N2 N2 N2 N2 N2 N2 N2 N2 N2 N2 N2 N2 N2 N2 N2 W W W W W N1 N1 N1 N1 N1 N1 N1 N1 N1 W W N1 N1 N1 N1 N1 N1 N1 N1 N1 N1 N1 N1 N1 N1 N1 N1 N2 N2 N1 N1 N1 N1 N1 N2 N2 N2 N2 N2 N2 N2 N2 N2 N2 N2 N2 N1 N2 N2 N2 N2 N2 N2 N1 W W W N1 N1 N2 N2 N2 N2 N2 N1 N1 N2 W W N2 W N1 W W W W N1 N1 W W W W N1 N1 N1 N1 N2 N2 N2 REM REM REM REM REM REM REM REM REM REM REM REM REM REM REM REM REM REM REM REM REM REM REM REM REM REM REM W W W N1 N1 N1 N1 N1 N1 N1 W N1 N1 N1 N1 N1 W N1 N1 N1 W W W W W N1 N1 N2 N2 N1 N1 N1 N1 N1 N1 N1 N2 N2 N1 N1 N1 W N1 N1 N1 N1 W N1 N1 N1 N1 N1 N2 N2 N2 N2 N2 N2 N2 N2 N2 N2 N2 N2 N2 N2 N2 N2 N2 N2 N2 N2 N2 N2 N2 N2 N2 N2 N2 N2 N2 N2 N2 N2 N2 N2 N2 N2 N2 N2 N2 N2 N2 N2 N2 N2 N2 N2 N2 N2 N2 N2 N2 N2 N2 N2 N2 N2 N2 REM REM REM REM REM REM REM REM REM REM REM REM REM REM REM REM REM REM REM REM REM REM REM REM REM REM REM W W N1 N1 N1 N1 N1 N1 N1 N1 N1 N1 W N1 N1 N1 N2 N1 N1 W N1 N1 N1 W N1 N1 N1 N1 W N1 N1 N1 N1 N1 N1 N1 W W W N1 N1 N1 N2 N2 N2 N2 N2 N2 N2 N2 N2 N2 N2 N2 N2 N2 N2 N2 N2 N2 N2 N2 N2 N2 N2 N2 N2 N2 N2 N1 N2 N2 N2 N2 N2 N2 N2 N2 N2 N2 N2 N2 N2 N2 N2 N2 N2 N2 N2 N2 N2 N2 N2 N2 N2 N2 N2 N2 REM REM REM REM REM REM REM REM W REM REM REM REM REM REM REM REM REM REM REM REM REM REM REM REM REM REM REM W W REM REM REM REM REM REM REM N1 N1 N1 N1 N1 N1 N1 N1 REM REM REM REM REM REM REM REM REM REM W N1 N1 N1 N1 N2 REM REM REM REM REM REM REM REM W N1 N1 N1 W N1 N1 N1 N1 N1 W N1 N1 N1 N1 N1 N2 N2 N2 N2 N2 N2 N2 N2 N2 W W W W W W W W W W W W W W W W W W W W W W W W W W W W W W N1 N1 N1 N1 N1 N2 N2 N2 N1 N2 N2 N2 N2 N2 N2 N2 N2 N2 N2 N2 N2 N2 N2 N2 N2 N2 N2 N2 N2 N2 N2 N2 N2 N2 N2 N2 N2 N2 N2 N2 N2 N2 N2 N2 N2 N2 N2 N2 N2 N2 N2 N1 N2 N2 N2 N2 N2 N2 N2 N2 N2 N2 N2 N2 N2 N2 N2 N2 N2 N2 N2 W W N1 N1 W W W W W W W W W W W W W W W W W W W W W W W W W W W W W W W W W W W W W W W W W W W W W W W W W W W W W W W W W W W W W W W W W W W W W W W W W W W W W W W W W W W W W W W W W W W W W W W W W W W W W W W W W W W W W W W W W W W W W W W W W W W W W W W W W W W W W W W W W W W W W W W W W W W W W W W W W W W W W W W W W W W W W W W W W W W W W W W W W W W W W W W W W W W W W W W W W W W W W W W W W W W W W W W W W W W W W W W W W W W W W W W W W W W W W W W W W W W W W W W W W W W W W W W W W W W W W W W W W W W W W W W W W W W W W W W W W W W W W W W W W W W W W W W W W W W W W W W W W W W W W W W W W W W W W W W W W W W W W W W W W W W W W W W W W W W W W W W W W W W W W W W W W W W W W W W W W W W W W W W W W W W W W W W W W W W W W W W W W W W W W W W W W W W W W W W W W W W W W W W W W W W W W W W W W W W W W W W W W W W W W W W W W W W W W W W W W W W W W W W W W W W W W W W W W W W W W W W W W W W W W W W W W W W W W W W W W W W W W W W W W W W W W W W W W W W W W W W W W W W W W W W W W W W W W W W W W W W W W W W W W W W W W W W W W W W W W W W W W W W W W W W W W W W W W W W W W W W W W W W W W W W W W W W W W W W W W W W W W W W W W W W W W W W W W W W W W W W W W W W W W W W W W W W W W W W W W W W W W W W W W W W W W W W W W W W W W W W W W W W W W W W W W W W W W W W W W W W W W W W W W W W W W W W W W W W W W W W W W W W W W W W W W W W W W W W W W W W W W W W W W W W W W W W W W W W W W W W W W W W W W W W W W W W W W W W W W W W W W W W W W W W W W W W W W W W W W W W W W W W W W W W W W W W W W W W W W W W W W W W W W W W W W W W W W W W W W W W W W W W W W W W W W W W W W W W W W W W W W W W W W W W W W W W W W W W W W W W W W W W W W W N1 W N1 W W W W N1 N1 N1 N1 N1 N1 N1 N1 N1 N1 N1 W N1 N1 N1 N1 N1 N2 N2 N2 N2 N2 N2 N2 N2 N2 N2 N1 N2 N2 N2 N1 N2 N2 N2 N2 N2 N2 N2 N2 N2 N2 N2 N2 N2 N2 N2 N2 N2 N2 N1 N1 W W W W W W W W W W W W W W W W W W W W W W W W W W W W W W W W W W W W W W W W W W W W W W W W W W W W W W W W W W W W,processed_sleepedf/spectral/SC4331F0-PSG_spectral.pt
processed_sleepedf/tensors/SC4332F0-PSG.pt,W W W W W W W W W W W W W W W W W W W W W W W W W W W W W W W W W W W W W W W W W W W W W W W W W W W W W W W W W W W W N1 N2 N2 N2 N2 N2 N2 N2 N2 N2 N2 N2 N2 N2 N2 N2 N2 N2 N2 N2 N2 N2 N2 W N1 N2 N2 N2 N2 N2 N2 N2 N2 N2 N2 N2 N2 N2 N2 W W W N1 N1 N2 N2 N2 N2 N2 N2 N2 N2 N2 N2 N2 N2 N2 N2 N2 N2 N2 N2 N2 W W W W W W W W W W W W W W W W W W W W W W W W W W W W W W W W W W W W W W W W W W W W W W W W W W W W W W W W W W W W W W W W W W W W W W W W W W W W W W W W W W W W W W W W W W W W W W W W W W W W W W W W W W W W W W W W W W W W W W W W W W W W W W W W W W W W W W W W W W W W W W W W W W W W W W W W W W W W W W W W W W W W W W W W W W W W W W W W W W W W W W W W W W W W W W W W N1 N2 N2 N2 W W W N1 N2 N2 N2 N2 N2 N2 N2 N2 N2 N2 N2 N2 N2 N2 N2 N2 N2 N2 N2 N2 N2 N2 N2 N2 N2 N2 N2 N2 N2 N2 N2 N2 N2 N2 N2 N2 N2 N2 N2 N2 N2 N2 N2 N2 N2 N2 N2 N2 N2 N2 N2 N2 N2 N2 N2 N2 N2 N2 N2 N2 N2 N2 N2 N2 N2 N2 N2 REM REM REM REM REM REM REM REM REM REM REM REM REM REM REM REM REM REM REM REM REM REM REM REM REM REM REM REM REM REM REM W N1 N1 N1 N1 N2 N2 N2 N2 N2 N2 N2 N2 N2 N2 N2 N2 N2 N2 N2 W N1 N1 N1 N2 N2 N2 N2 N2 N2 N2 N2 N2 N2 N2 N2 N2 N2 N2 N2 N2 N2 N2 N2 N2 N2 N2 N2 N2 N2 N2 N2 N2 N2 N2 N2 N2 N2 N2 N2 N2 N2 N2 N2 N2 N2 N2 N2 N2 N2 N2 N2 N2 N2 N2 N2 N2 N2 N2 N2 N2 N2 N2 N2 N2 N2 N2 N2 N2 N2 N2 N2 N2 N2 N2 N2 N2 N2 N2 N2 N2 N2 N2 N2 N2 W N2 N2 N2 N2 N2 N2 N2 N2 N2 N2 N2 N2 N2 N2 N2 N2 N2 N2 N2 N2 N2 N2 N2 N2 N2 N2 N2 N2 N2 N2 N2 N2 N2 N2 N2 N2 N2 N2 N2 N2 N2 N2 N2 N2 N2 N2 N2 N2 N2 N2 N2 N2 N2 N2 N2 N2 N2 N2 N2 N2 N2 N2 N2 N2 N2 N2 N2 N2 N2 N2 N2 N2 N2 N2 N2 N2 N2 N2 N2 N2 N2 N2 N2 REM REM REM REM REM REM REM REM REM REM REM REM REM REM REM REM REM REM REM N1 N1 N2 N2 N2 N2 N2 N2 N2 REM REM N1 N1 N1 N2 N2 N2 N2 N2 N2 N2 N2 N2 N2 N2 N2 N2 N2 N2 N2 N2 N2 N2 N2 N2 N2 N2 N2 N2 N2 N2 N2 N2 N2 N2 N2 N2 N2 N2 N2 N2 N2 N2 N2 N2 N2 N2 N2 N2 N2 N2 N2 N2 N2 N2 N2 N2 N2 N2 N2 N2 N2 N2 N2 N2 N2 N2 N2 N2 N2 N2 N2 N2 N2 N2 N2 N2 N2 N2 N2 N2 N2 N2 N2 N2 N2 N2 N2 N2 N2 N2 N2 N2 N2 N2 N2 N2 N2 N2 N2 N2 N2 N2 N2 N2 N2 N2 N2 N2 N2 N2 N2 N2 N2 N2 N2 N2 N2 N2 N2 N2 N2 N2 N2 N2 N2 N2 N2 N2 N2 N2 N2 N2 N2 N2 N2 N2 N2 N2 N2 N2 N2 N2 N2 N2 N2 N2 N2 N2 REM REM REM REM REM REM REM REM REM REM REM REM REM REM REM REM REM REM REM REM REM REM REM REM REM REM REM REM REM REM REM REM REM REM REM W N1 W N1 N1 N1 N1 N1 N1 W W W N1 N1 N1 W N1 N1 N2 N2 N2 N2 N2 N2 N2 N2 N2 N2 N2 N2 N2 N2 N2 N2 N2 N2 N2 N2 N2 N2 N2 N2 N2 N2 N2 N2 N2 N2 N2 N2 N2 N2 N2 N2 N2 N2 N2 N2 N2 N2 N2 N2 N2 N2 N2 N2 N2 N2 N2 N2 N2 N2 N2 N2 N2 N2 N2 N2 N2 N2 N2 N2 N2 N2 N2 N2 N2 N2 N2 N2 N2 N2 N2 N2 N2 N1 N2 N2 N2 N2 N2 N2 N2 N2 N2 N2 N2 N2 N2 N2 N2 N2 N2 N2 N2 N2 N2 N2 N2 N2 N2 N2 N2 N2 N2 N2 N2 N2 N2 N2 N2 N2 N2 N2 N2 N2 N2 N2 N2 N2 N2 W N1 N2 N2 N2 N2 N2 N2 N2 N2 N2 N2 N2 N2 N2 N2 N2 N2 N1 N2 N2 N2 N2 N1 N1 N2 N2 N2 N2 N2 N2 N2 N1 N2 N2 N2 REM REM N1 REM REM REM REM N1 REM REM REM REM REM REM REM REM REM REM REM REM N1 REM REM REM REM REM REM REM REM REM REM REM W N1 REM REM REM REM REM REM REM REM REM REM REM REM REM REM REM REM REM REM REM REM REM REM W N1 N1 N1 N1 N1 N1 N1 N1 N1 N1 N2 N2 N2 N1 N2 N2 N1 N1 N1 W W N1 N2 N2 N2 N2 N2 N2 N2 N1 N1 W N1 N2 N2 N2 N2 N2 N2 N2 N2 W N2 N2 N1 N2 N1 N1 N1 N1 N1 N2 N1 N2 N2 N2 N2 N2 N2 N2 W N1 N1 N1 N1 W W W W W W W W W W W W W W W N1 W W W W N1 W N1 N1 N1 W W N1 N1 N1 N1 N2 N2 N2 N2 N2 N2 N2 N2 N2 W W N1 N1 W W W W W W W W W W W W W W W W W W W W W W W W W N1 W W N1 N1 W W W W W N1 W W W W W W W W W W W W W W W W N1 N1 W W W W W N1 W W W N1 N1 N1 W W W W W W W W W W W W W W W W W W W N1 W W W W W W W W W W W W W W W W W W W W W W W W W W W W W W W W W W W W W W W W W W W W W W W W W W W W W W W W W W W W,processed_sleepedf/spectral/SC4332F0-PSG_spectral.pt
processed_sleepedf/tensors/SC4341F0-PSG.pt,W W W W W W W W W W W W W W W W W W W W W W W W W W W W W W W W W W W W W W W W W W W W W W W W W W W W W W W W W W W W N1 N1 W W W W W W W W W W W W W W W W W W W W W W W W W W W W W W W W W W W W W W W W W W W W W W W W W W W W W W W W W W W W W W W W W W W W W W W W W W W W W W W W W W W W W W W W W W W W W W W W W W W W W W W W W W W W W W W W W W W W W W W W W W W W W W W W W W W W W W W W W W W W W W W W W W W W W W W W W W W W W W W W W W W W W W W W W W W W W W W W W W W W W W W W W W W W W W W W W W W W W W W W W W W W W W W W W W W W W W W W W W W W W W W W W W W W W W W W W W W W W W W W W W W W W W W W W W W W W W W W W W W W W W W W W W W W W W W W W W W W W W W W W W W W W W W W W W W W W W W W W W W W W W W W W W W W W W W W W W W W W W W W W W W W W W W W W W W W W W W W W W W W W W W W W W W W W W W W W W W W W W W W W W W W W W W W W W W W W W W W W W W W W W W W W W W W W W W W W W W W W W W W W W W W W W W W W W W W W W W W W W W W W W W W W W W W W W W W W W W W W W W W W W W W W W W W W W W W W W W W W W W W W W W W W W W W W W W W W W W W W W W W W W W W W W N1 N1 N1 N1 W W W W W N1 W N1 N1 N1 N1 N1 N1 N1 N1 N1 N1 N1 N1 N1 N1 N1 N1 N1 N1 N2 N2 N2 N2 N2 N2 N2 N2 N1 N1 N2 N2 N2 N2 N2 N2 N2 N2 N2 N2 N2 N2 N2 N2 N2 N2 N2 N2 N2 N2 N2 N2 N2 N2 N2 N2 N2 N2 N2 N2 N2 N2 N2 N2 N2 N2 N2 N2 N2 N2 N2 N2 N2 N2 N2 N2 N2 N2 N2 N2 N2 N2 N2 N2 N2 N2 N2 N2 N2 N2 N2 N2 N2 N2 N2 N2 N2 N2 N2 N2 N2 N2 N2 N2 N2 N1 N2 N2 N2 N2 N2 N2 N1 N1 N1 N2 N2 N2 N2 N2 N2 N2 N2 N2 N2 N2 N2 N2 N2 N2 N2 N2 N2 N2 N2 N2 N2 N2 N2 N2 N2 N1 N2 N2 N2 N2 N2 N2 N2 N2 N2 N2 N2 N2 N2 N2 N2 N2 N2 N2 N2 N2 N2 N2 N2 N2 N2 N2 N2 N2 N1 REM REM REM REM REM REM REM REM REM REM REM REM REM N1 REM REM REM REM REM REM REM REM REM REM REM REM REM REM REM REM REM REM REM REM REM N1 REM REM REM REM REM REM REM REM REM REM REM REM REM REM REM REM REM REM REM REM REM REM REM REM REM REM REM REM REM REM REM REM REM N2 N2 N2 N2 N2 N2 N2 N2 N2 N2 N2 N2 N2 N2 N2 N2 W W N1 N1 W N1 N1 N1 N1 N1 N1 N1 N1 N1 N1 N1 N1 N1 N1 N1 N1 N1 N1 N1 N1 N1 N1 N1 N1 N1 N1 N1 N1 N1 N1 N1 N1 N1 N1 N1 N1 N1 N1 N1 N1 N1 N1 N1 N1 N1 N1 N1 N1 N2 N2 N2 N2 N2 N2 N2 N2 N2 N2 N2 N2 N2 N2 N2 N2 N2 N2 N2 N2 N2 N2 N2 N2 N2 N2 N2 N2 N2 N2 N2 N2 N2 N2 N2 N2 N2 N2 N2 N2 N2 N2 N2 N2 N2 N2 N2 N2 N2 N2 N2 N1 N2 N2 N2 N2 N2 N2 N2 N2 N2 N2 N2 N2 N2 N2 N2 N2 N2 N2 N2 N2 N2 N2 N2 N2 N2 N2 N2 N2 N2 N2 N2 N2 N2 N2 N2 N2 N2 N2 N2 N2 N2 N2 N2 N2 N2 N2 N2 N2 N2 N2 REM REM REM REM REM REM REM REM REM REM REM N1 REM REM REM REM REM REM REM W N1 N1 N1 N1 N1 N1 N1 N1 N1 N1 N1 N2 N2 N2 N2 N2 N2 N2 N2 N2 N2 N2 N2 N2 N2 N2 N2 N2 N2 N2 N2 N2 N2 N2 N2 N2 N2 N2 N2 N2 N2 N2 N2 N2 N2 N2 N2 N2 N2 N2 N2 N2 N2 N2 N2 N2 N2 N2 N2 N2 N2 N2 N2 N2 N2 N2 N2 N2 N2 N2 N2 N2 N2 N2 N2 N2 N2 N2 N2 N2 N2 N2 N2 N2 N2 N2 N2 N2 N2 N2 N2 N2 N2 N2 N2 N2 N2 N2 N2 N2 N2 N2 N2 N2 N2 N2 N2 N2 N2 N2 N2 N2 N2 N2 N2 N2 N2 N2 N2 N2 N2 N2 N2 N2 N2 N2 N2 N2 N2 N2 N1 N1 N1 W N1 N1 N1 N1 N1 N1 N1 N1 N1 N1 N1 N1 N1 N1 N1 N1 N1 N1 N1 N1 N1 N1 N1 N1 N1 N1 N1 N1 N1 N1 N1 N1 N1 N1 N1 N1 N1 N1 N1 N1 N1 N1 N1 N2 N2 N2 N2 N2 N2 N2 N2 N2 N2 N2 N2 N2 N2 N2 N2 N2 N2 N2 REM REM REM REM REM REM REM REM REM REM REM REM REM REM REM REM REM REM REM REM REM REM REM REM REM REM REM W N1 N1 N1 N1 N1 N1 N2 N2 N2 N2 N2 N2 N2 N2 N2 N2 N2 N2 N2 N2 N2 N2 N2 N2 N2 N2 N2 N2 N2 N2 N2 N2 N2 N2 N2 N2 N2 N2 N2 N2 N2 N2 N2 N2 N2 N2 N2 N2 N2 N2 N2 N2 N2 N2 N2 N2 N2 N2 N2 N2 N2 N2 N2 N2 N2 N2 N2 N2 N2 N2 N2 N2 N2 N2 N2 N2 N2 N2 N2 N2 N2 N2 N2 N2 N2 N2 N2 N2 N2 N2 N2 N2 N2 N2 N2 N2 N2 N2 N2 N2 REM REM REM REM REM REM REM REM REM REM REM REM REM REM REM REM REM REM REM REM REM REM REM REM REM REM REM REM REM REM REM REM REM REM REM REM REM REM REM N2 N2 N2 N2 N2 N2 N2 N2 N2 N2 N2 N2 N2 N2 N2 N2 N2 N2 N2 N2 N2 N2 N2 N2 N2 N2 N2 N2 N2 N2 N2 N2 N2 N2 N2 N2 N2 N2 N2 N2 N2 N2 N2 N2 N2 N2 N2 N2 N2 N2 N2 N2 N2 N2 N2 N2 N2 N2 N2 N2 N2 N2 N2 N2 N2 N2 N2 N2 N2 REM REM REM REM REM REM REM REM REM REM REM REM REM REM REM REM REM REM REM REM REM W W W W W W W W W W W W W W W W W W W W W W W W W W W W W W W W W W W W W W W W W W W W W W W W W W W W W W W W W W W W,processed_sleepedf/spectral/SC4341F0-PSG_spectral.pt
processed_sleepedf/tensors/SC4342F0-PSG.pt,W W W W W W W W W W W W W W W W W W W W W W W W W W W W W W W W W W W W W W W W W W W W W W W W W W W W W W W W W W W W N1 N1 W W W W W W W W W W W W W W W W W W W W W W W W W W W W W W W W W W W W W W W W W W W W W W W W W W W W W W W W W W W W W W W W W W W W W W W W W W W W W W W W W W W W W W W W W W W W W W W W W W W W W W W W W W W W W W W W W W W W W W W W W W W W W W W W W W W W W W W W W W W W W W W W W W W W W W W W W W W W W W W W W W W W W W W W W W W W W W W W W W W W W W W W W W W W W W W W W W W W W W W W W W W W W W W W W W W W W W W W W W W W W W W W W W W W W W W W W W W W W W W W W W W W W W W W W W W W W W W W W W W W W W W W W W W W W W W W W W W W W W W W W W W W W W W W W W W W W W W W W W W W W W W W W W W W W W W W W W W W W W W W W W W W W W W W W W W W W W W W W W W W W W W W W W W W W W W W W W W W W W W W W W W W W W W W W W W W W W W W W W W W W W W W W W W W W W W W W W W W W W W W W W W W W W W W W W W W W W W W W W W W W W W W W W W W W W W W W W W W W W W W W W W W W W W W W W W W W W W W W W W W W W W W W W W W W W W W W W W W W W W W W W W W W W W W W W W W W W W W W W W W W W W W W W W W W W W W W W W W W W W W W W W W W W W W W W W W W W W W W W W W W W W W W W W W W W W W W W W N1 N1 N1 W N1 N1 N1 W W W N1 N1 N1 N1 N1 N1 N1 N1 N1 N1 N1 N1 N2 N2 N2 N2 N2 N2 N1 N2 N2 N2 N2 N2 N2 N2 N2 N2 N2 N2 N2 N2 N2 N2 N2 N2 N2 N2 N2 N2 N2 N2 N2 N2 N2 N2 N2 N2 N2 N2 N2 N2 N2 N2 N2 N2 N2 N2 N2 N2 N2 N2 N2 N2 N2 N2 N2 N2 N1 N2 N2 N2 N2 N2 N2 N2 N2 N2 N2 N2 N2 N2 N2 N2 N2 N2 N2 N2 N2 N2 N2 N2 N2 N2 N2 N2 N2 N2 N2 N2 N2 N2 N2 N2 N2 N2 N2 N2 N2 N2 N2 N2 N2 N2 N2 N2 N2 N2 N2 N2 N2 N2 N2 N2 N2 N2 N2 N2 N2 N2 N2 N2 N2 N2 N2 N2 N2 N2 N2 N2 N2 N2 N2 N2 N2 N2 N2 N1 N1 N2 N2 N2 N2 N2 N2 N2 N2 N2 N2 N2 N2 N2 N2 N2 N2 N2 N2 N2 N2 N2 N2 N2 N2 N2 N2 N2 N2 N2 N2 N2 N2 N2 N2 N2 N2 N2 N2 N2 N2 N2 N2 N2 N2 W N1 N1 N1 N2 N2 N2 N2 N2 N2 N2 N2 N2 N2 N2 N2 N2 N2 N2 N2 N2 N2 N2 N2 N2 N2 N2 N2 N2 N2 N2 N2 N2 N2 N2 N2 N2 N2 N2 N2 N2 N2 N2 N2 N2 N2 N2 N2 N2 N2 N2 N1 N2 N2 N2 N2 N2 N2 N2 N2 N2 N2 N2 N2 N2 N2 N2 N2 N2 N2 N2 N2 N2 N2 N2 N2 N2 N2 N2 N2 N2 N2 N2 N2 N2 N2 N2 N2 N2 N2 N2 N1 N1 N2 N2 N2 N2 N2 N2 REM REM REM REM REM REM REM REM REM REM REM REM REM REM REM REM REM REM REM REM REM N1 N1 N1 N1 N1 REM REM N2 N2 N2 N2 N2 N2 N2 N2 N2 N2 N2 N2 N2 N2 N2 N2 N2 N2 N2 N2 N2 N2 N2 N2 N2 N2 N2 N2 N2 N2 N2 N2 N2 N2 N1 N2 N2 N2 N2 N2 N2 N2 N2 N2 N1 N2 N2 N2 N2 N2 N2 N2 N1 N1 N1 N1 N1 N1 N1 N2 N2 N2 N2 N2 N2 N2 N2 N2 N2 N2 N2 N2 N2 N2 N2 N2 N2 N2 N2 N2 N2 N2 N2 N2 N2 N2 N2 N2 N2 N2 N2 N2 N2 N2 N2 N2 N2 N2 N2 N2 N2 N2 N2 N2 N2 N2 N2 N2 N2 N2 N2 N2 N2 N2 N2 N2 N2 N2 N2 N2 N2 N2 N2 N2 N2 N2 N2 N2 N2 N2 N2 N2 N2 N2 N1 N2 N2 N2 N2 N2 N2 REM REM N1 N1 REM REM REM REM REM REM REM N1 N1 REM REM REM N1 REM REM REM REM REM REM REM REM REM REM REM REM REM N1 REM REM REM REM REM REM REM REM REM REM REM REM N1 N1 N1 N1 N1 N1 N1 N1 N1 N1 N1 N1 N1 N1 N1 N1 N1 N1 N1 N1 N1 N1 N2 N2 N2 N2 N2 N2 N2 N2 N2 N2 N2 N2 N2 N2 N2 N2 N2 N2 N2 N2 N2 N2 N2 N2 N2 N2 N2 N2 N2 N2 N2 N1 N2 N2 N2 N2 N2 N2 N2 N2 N2 N2 N2 N2 N2 N2 N2 N1 N2 N2 N2 N2 N2 N2 N2 N2 N2 N2 N2 N2 N2 N2 N2 N2 N2 N2 N2 N2 N2 N2 N2 N2 N2 N2 N2 N2 N2 N2 N2 N2 N2 N2 N2 N2 N2 N2 N2 N2 N2 N2 N2 N2 N2 N2 N2 N2 N2 N2 N2 N2 N2 N2 N2 N2 N2 N2 N2 N2 N2 N2 N2 N2 N2 N2 N2 N2 N2 N2 N2 N2 N1 N1 N1 N2 N2 N1 N1 N1 N2 N1 N1 REM REM REM REM REM REM N1 REM REM REM REM REM REM REM N1 REM REM REM REM REM REM REM REM REM REM REM N1 REM REM REM REM N1 REM REM REM REM REM REM REM REM REM REM REM REM REM N1 REM REM REM REM REM REM REM REM REM N1 N1 W N1 N1 N1 N1 N1 W N1 N1 N1 N1 N1 N1 N1 N1 N1 N1 N1 N1 N1 N1 N1 N1 N1 N1 N1 N1 N1 N1 N1 N1 N2 N2 N2 N2 N2 N2 N2 N2 N2 N2 N2 N2 N2 N2 N2 N2 N2 N2 N2 N2 N2 N2 N2 N2 N2 N2 N2 N2 N2 N2 N2 N2 N2 N2 N2 N2 N2 N2 N2 N2 N2 N2 N2 N2 N2 N2 N2 N2 N2 N2 N2 N2 N2 N2 N2 N2 N2 N2 N2 N2 N2 N2 N2 W N1 N1 N1 N2 N1 N1 N1 N2 N2 N2 N2 N2 REM REM REM REM REM REM N1 REM REM REM REM REM REM REM REM REM REM REM REM REM REM REM REM REM REM REM REM REM REM N1 N1 REM REM REM REM REM REM REM REM REM REM REM REM REM REM REM REM REM REM REM REM REM REM N1 W N1 N1 N1 N1 N1 N2 N2 N2 N2 N2 N2 REM REM REM REM REM N1 REM N1 W W W W W W W W W W W W W W W W W W W W W W W W W W W W W W W W W W W W W W W W W W W W W W W W W W W W W W W W W W W W,processed_sleepedf/spectral/SC4342F0-PSG_spectral.pt
processed_sleepedf/tensors/SC4351F0-PSG.pt,W W W W W W W W W W W W W W W W W W W W W W W W W W W W W W W W W W W W W W W W W W W W W W W W W W W W W W W W W W W W N1 N1 W W W W W W W W W W W W W W N1 W N1 W N1 N1 N1 N1 N1 N1 N1 N1 N1 W W W W W N1 W N1 N1 N1 N1 N1 N1 N2 N2 N2 N2 N2 N2 N2 N2 N2 N2 N2 N1 N1 N2 N2 N2 N2 N2 N2 N2 N2 N2 N2 N2 N2 N2 N2 N2 N2 N2 N2 N2 N2 N2 N2 N2 N2 N2 N2 N2 N2 N2 N2 N2 N2 W N1 N1 N2 N2 N2 N2 N2 N2 N2 N2 N2 N2 N2 N2 N2 N2 N2 N2 N2 N2 N2 N2 N2 N2 N3 N3 N2 N3 N3 N3 N3 N3 N3 N3 N3 N3 N3 N2 N3 N3 N3 N3 N3 N3 N2 N3 N3 N2 N2 N3 N2 N2 N2 N2 N3 N2 N2 N3 N2 N2 N2 N3 N3 N3 N2 N2 N3 N3 N3 N3 N3 N3 N2 N2 N2 N2 N2 N2 N2 N3 N2 N2 N1 N1 N2 N2 N2 N2 N2 N2 N2 W N1 N2 N2 N2 N2 N2 N2 N2 N2 N2 N2 N2 N2 N2 N2 N2 N2 N2 N2 N2 N2 N2 N2 N2 N2 N2 N2 N2 N2 N2 N2 N2 N3 N2 N2 N2 N2 N2 N2 N2 N2 N2 N3 N2 N3 N2 N3 N2 N2 N2 N2 N3 N2 N2 N2 N2 N2 N3 N3 N3 N2 N2 N2 N3 N2 N2 N2 N2 N2 N2 N2 N2 N2 N2 N2 N2 N2 N2 N2 N2 N3 N2 N3 N2 N3 N2 N3 N2 N2 N2 N2 N2 N3 N3 N2 N2 N3 N3 N2 N2 N2 N3 N2 N2 N3 N2 N2 N2 N2 N3 N2 N3 N2 N1 N1 N2 N2 N2 N2 N2 N2 N3 N2 REM N2 N2 N2 N2 REM N2 N2 REM N2 N2 N2 N2 N2 N2 N2 N1 N1 N1 N1 N1 N1 N2 N2 N2 N2 N2 N2 N2 N2 N3 N2 N2 N3 N2 N2 N2 N2 N2 N2 N2 N2 N2 N2 N2 N2 N2 N2 N2 N2 W W W W W N1 N1 W W W W W W W W W W W W W W W W W W W W W W W W W W W W W W W W W W W W W W W W W W W W W W W W W W W W W W W W W W W W W W W W W W W W W W W W W W W W W W W W W W W W W W W W W W W W W W W W W W W W W W W W W W W W W W W W W W W W W W W W W W W W W W W W W W W W W W W W W W W W W W W W W W W W W W W W W W W W W W W W W W W W W W W W W W W W W W W W W N1 N1 W W W W W W W W W W W W W W W W W W W N1 N1 N1 W N1 N1 N1 N1 N1 N1 N1 N1 N1 N2 N2 N2 N2 N2 N2 N2 N2 N2 N2 N2 N2 N2 N2 N2 N2 N2 N2 N2 N2 N2 N2 N2 N2 N2 N2 N2 N2 N2 N2 N2 N2 N2 N2 N2 N3 N2 N2 N2 N2 N2 N2 N2 N2 N3 N2 N3 N2 N3 N2 N2 N2 N2 N2 N2 N2 N3 N2 N2 N2 N2 N2 N2 N2 N2 N2 N2 N2 N2 N2 N2 N2 N2 N2 N2 N2 N2 N2 N2 N2 N2 N1 N2 N2 N2 N1 N1 N2 N2 N2 N2 N2 N2 N2 N2 N2 N2 N2 N2 N2 N3 REM N2 REM REM N1 N1 REM REM REM REM REM REM REM REM REM REM REM W W W W N1 N1 N1 N1 N1 N1 N1 N1 N1 N1 N1 N2 N2 N2 N2 N2 N2 N2 N2 N2 N2 N2 N1 N2 N2 N2 N2 N2 N2 N2 N2 N2 N2 N2 N2 N3 N2 N2 N2 N2 N2 N2 N2 N2 N2 N2 N2 N2 N2 N2 N2 N2 N3 N2 N3 N3 N3 N3 N3 N3 N2 N2 N2 N2 N2 N2 N2 N2 N2 N2 N2 N2 N3 N2 N2 N2 N2 N2 N2 N2 N2 N2 N2 N2 N2 N2 N2 N2 N2 N3 N2 N3 N2 N3 N3 N3 N3 N3 N3 N3 N3 N3 N3 N3 N3 N3 N3 N3 N3 N3 N3 N3 N3 N2 N3 N3 N3 N3 N3 N3 N3 N3 N3 N2 N2 N2 N2 N2 N2 N2 N2 N2 N2 N2 N2 N2 N2 N2 N2 N1 N2 N3 N2 N2 N2 N2 REM REM REM REM REM REM REM N1 N1 W N1 N1 N1 N1 N1 N1 N1 W W W W W W W W W W W W W W W W W W W W W W W W W W W W W W W W W W W W W W W W W W W W W W W W W W W W W W W W W W W W,processed_sleepedf/spectral/SC4351F0-PSG_spectral.pt
processed_sleepedf/tensors/SC4352F0-PSG.pt,W W W W W W W W W W W W W W W W W W W W W W W W W W W W W W W W W W W W W W W W W W W W W W W W W W W W W W W W W W W W N1 N1 N1 N1 N1 N1 N1 N1 N1 N1 N1 N1 N1 N1 N1 N1 N2 N2 N2 N2 N2 N2 N2 N2 W W N1 N1 N2 N2 N2 N2 N2 N2 N2 N2 N2 N2 N2 N2 N2 N2 N2 N2 N2 N2 N2 N2 N2 N3 N2 N3 N3 N3 N2 N2 N2 N2 N2 N2 N3 N3 N3 N3 N2 N3 N3 N3 N3 N3 N2 N2 N2 N3 N3 N3 N3 N3 N3 N3 N3 N3 N2 N2 N2 N2 N2 N2 N2 N2 N2 N2 N2 N2 N2 N2 N2 N2 N2 N2 N2 N2 N2 N3 N2 N3 N2 N2 N2 N3 N3 N3 N3 N3 N3 N3 N2 N2 N3 N2 N3 N3 N3 N3 N3 N3 N3 N3 N3 N2 N3 N2 N2 N2 N3 N2 N2 N3 N2 N3 N2 N2 N2 N2 N2 N2 N2 N2 N2 N3 N3 N2 N2 N2 N2 N2 N2 N2 N2 N2 N2 N2 N2 N2 N2 N2 N2 N2 N2 N2 N2 N2 N2 N2 N2 N2 N2 N2 N2 N2 N2 N2 W W W N2 N2 N2 N2 N2 N2 N2 N2 N2 N2 N2 N2 N2 N2 N2 N2 N2 N2 N2 N2 N2 N2 N3 N2 N2 N2 N3 N2 N3 N3 N2 N2 N2 N2 N3 N3 N3 N3 N3 N3 N3 N3 N3 N3 N3 N2 N3 N3 N2 N2 N3 N2 N3 N3 N2 N3 N2 N3 N2 N3 N3 N2 N2 N2 N3 N3 N2 N3 N3 N2 N3 N2 N2 N2 N2 N2 N2 N2 N2 N2 N2 N2 N2 N3 N3 N3 N3 N3 N2 N2 N2 N3 N3 N2 N3 W N2 N2 N2 N2 N2 N2 N2 N2 N2 N2 N2 N2 N2 N2 N2 N2 N2 N2 N2 N2 N3 N2 N2 N2 N2 N2 N2 N2 N2 N2 N2 N2 N2 N2 N2 N2 N2 N2 N2 N2 N2 N2 N2 N2 N2 N2 N3 N2 N2 N2 N3 N2 N2 N2 N2 N2 N2 N2 N3 N3 N2 N2 N2 N2 N2 N2 N2 N2 N2 REM REM REM REM REM REM REM REM REM N2 REM REM REM REM REM REM REM REM REM REM REM REM REM REM REM REM REM REM REM N2 N2 N2 N2 N2 N2 N2 N2 N2 N2 N2 N2 N2 N2 N2 N2 N2 N2 N2 N2 N2 N2 N2 N2 N2 N2 N2 N2 N2 N2 N2 N2 N2 N2 N2 REM REM REM N2 N2 N2 N2 N2 N2 N2 N2 N2 N2 N2 N2 N2 N2 N2 N2 N3 N2 N2 N2 N2 N2 N2 N2 N2 N2 N2 N3 N3 N3 N3 N2 N2 N2 N2 N2 N2 N2 N2 N3 N3 N2 N2 N2 N2 N2 N2 N2 N2 N3 N3 N3 N3 W N3 N3 N2 N2 N3 N2 N2 N2 N2 N2 N2 N2 N2 W W N1 W N1 N1 N2 N2 N3 N2 N2 N2 N2 N2 N2 N2 N2 N2 N2 N2 N2 W N1 W W W W N1 N1 N1 N2 N2 N2 N2 N2 N2 N2 N2 N2 N2 N2 N2 N2 W W W W W W W W W W W W W W W W W W W W W W W W W W W W W W W W W W W W W W W W W W W W W W W W W W W W W W W W W W W W W W W W N1 W W W W N1 N1 N1 N1 N1 N1 N1 W W W W W W W W W N1 N1 N1 N1 N1 N1 N1 N1 N1 N1 N1 N1 N1 N1 N2 N2 N2 W W W N1 N1 N1 N1 N1 N1 N1 N1 W W N1 N1 N1 N2 N2 N2 N2 N2 N2 N2 N2 N2 N2 N2 N2 REM REM REM REM REM REM REM REM REM REM REM REM REM REM REM REM REM REM REM REM REM REM REM REM REM REM REM REM REM REM REM REM REM REM REM REM REM REM REM REM REM W N1 N1 W N1 N1 N2 N2 N2 N2 N2 N2 N2 N2 N2 N2 N2 N2 N2 N2 N2 W N2 N2 N2 N2 N2 N1 N2 N2 N2 N2 N2 N2 N2 N2 N2 N3 N2 N2 N2 N2 N2 N2 N2 N2 N2 N2 N2 N2 N2 N2 N2 N2 N2 N2 N2 N2 N2 N2 N2 N2 N2 N2 N2 N2 N2 N2 N2 N2 N2 N2 N2 N2 N2 N2 N2 N2 N2 N2 N2 N2 N2 N2 N2 N2 N2 N2 N2 N2 N2 N2 N2 N2 N2 N2 N2 N2 N2 N2 N2 N2 N2 N2 N2 N2 N2 N2 N2 N2 N2 N2 N2 N2 N2 N2 N2 N2 N2 N2 N2 N2 W N1 N1 N2 N2 N2 N2 N2 N2 N2 N2 N2 N2 N2 N2 N2 N2 N2 N2 N2 N2 W N1 W W W W W W W W W W W W W W W W W W W W W W W W W W W W W W W W W W W W W W W W W W W W W W W W W W W W W W W W W W W W,processed_sleepedf/spectral/SC4352F0-PSG_spectral.pt
processed_sleepedf/tensors/SC4362F0-PSG.pt,W W W W W W W W W W W W W W W W W W W W W W W W W W W W W W W W W W W W W W W W W W W W W W W W W W W W W W W W W W W W N1 N1 N1 N1 N1 N2 N2 N1 N2 N2 N2 N2 N2 N2 N2 N2 N2 N2 N2 N2 N2 N2 N2 N2 N2 N2 N2 N2 N2 N2 N2 N2 N2 N2 N2 N2 N2 N2 N2 N2 N2 N2 N2 N2 N2 N2 N3 N2 N2 N3 N3 N2 N2 N2 N2 N3 N3 N2 N2 N3 N3 N3 N3 N3 N3 N3 N3 N2 N2 N2 N2 N2 N2 N2 N2 N2 N2 N2 N2 N2 N2 N2 N2 N2 N2 N2 W W W W W W W W W W W N1 N1 N1 N1 N2 N2 N2 N2 N2 N2 N2 N2 N2 N2 N2 N2 N2 N2 N2 N2 N2 N2 N2 N2 N2 N2 N2 N2 N2 N2 N2 N2 N2 N2 N2 N2 N2 N2 N2 N2 N2 N2 N2 N2 N2 N2 N2 REM REM REM REM REM N2 N2 N2 N2 N2 N2 N2 N2 N2 N2 N2 REM REM REM REM REM REM REM REM N2 N2 REM REM REM REM REM REM REM REM REM N2 N2 N2 N2 N2 N2 N2 N2 N2 N2 N2 N2 N2 N2 N2 N2 N2 N2 N2 N2 N2 N2 N2 N2 N2 N2 N2 N2 N2 N2 N2 N2 N2 N2 N2 N2 N2 N3 N2 N2 N3 N3 N2 N2 N3 N3 N2 N2 N3 N3 N3 N2 N2 N2 N3 N3 N3 N3 N2 N3 N3 N3 N3 N2 N2 N3 N3 N3 N2 N2 N2 N2 N2 N2 N2 N2 N2 N2 N2 N2 N2 N2 N2 N2 N2 N2 N2 N2 N2 N2 N2 N2 N2 N2 N2 N2 N2 N2 N2 N2 N2 N2 N2 N2 N2 N2 N2 N2 N2 N2 N2 N2 N2 N2 N2 N2 N2 N2 N2 N2 N2 N2 N2 N2 N2 N2 N2 N2 N2 N2 N2 N2 N2 N2 N2 N2 N2 N2 N2 N2 N2 N2 N2 N2 N2 N2 N2 N2 N2 N2 N3 N2 N2 N2 N2 N2 N2 N2 N2 N2 N2 N2 N2 N2 N2 N2 N2 N2 N2 N2 N2 N2 REM REM REM REM REM REM REM REM REM REM REM REM REM REM REM REM REM REM REM REM REM REM REM REM REM REM REM N2 N2 N2 N2 W W N1 N1 W W W W W W W W W W W W W W W W W W W N1 N1 N2 N2 N2 N2 N2 N2 N2 N2 N2 N2 N2 N2 N2 N2 N2 N2 N2 N2 N2 N2 N2 N2 N2 N2 N2 N2 N2 N2 N2 N2 N2 N2 N2 N2 N2 N2 N2 N2 N2 N2 N2 N2 N2 N2 N2 N2 N2 N2 N3 N2 N2 N2 N2 N2 N2 N2 N2 N2 N2 N2 N2 N2 N2 N2 N2 N3 N2 N3 N3 N3 N3 N2 N3 N2 N3 N3 N2 N2 N3 N2 N2 N2 N3 N2 N3 N2 N2 N2 N2 N2 N2 N3 N2 N3 N2 N2 N2 N2 N2 N2 N2 N2 N2 N2 N2 N2 N2 N2 N2 N2 REM REM REM REM REM REM REM REM REM REM REM REM REM REM REM REM REM REM REM W N1 N1 N1 N1 N1 N1 N2 N2 N2 N2 N2 N2 N2 N2 N2 N2 N2 N2 N2 N2 N2 N2 N2 N2 N2 N2 N2 N2 N2 N2 N2 N2 N2 N2 W N1 N2 N2 N2 N2 N2 N2 N2 N2 N2 N2 N2 N2 N2 N2 N2 N2 N2 N2 N2 N2 N2 W N1 N1 N1 N1 N1 N1 N1 N2 N2 N2 N2 N2 N2 N2 N2 N2 N2 N2 N2 N2 N2 N2 N2 N2 N2 N2 N2 N2 N2 N2 N2 N2 N2 N2 N2 N2 N2 N2 N2 N2 N2 N2 N2 N2 N2 N2 N2 N2 N2 N2 N2 N2 N3 N2 N2 N2 N2 N2 N2 N2 N2 N2 N2 N2 W N1 N2 N1 N1 N2 N2 N2 N2 N2 N2 N2 N2 N2 N2 N2 N2 N2 N1 N1 N1 N1 N1 N1 N1 N1 N1 N1 N1 N1 N1 N1 N2 N2 N2 N2 N2 N1 N1 N1 N1 N1 N1 N1 N1 W W W W W W W W W W W W W W W W W W W W W W W W W W W W W W W W W W W W W W W W W W W W W W W W W W W W W W W W W W W W,processed_sleepedf/spectral/SC4362F0-PSG_spectral.pt
processed_sleepedf/tensors/SC4371F0-PSG.pt,W W W W W W W W W W W W W W W W W W W W W W W W W W W W W W W W W W W W W W W W W W W W W W W W W W W W W W W W W W W W N1 N1 N1 W W W W W W W W W W N1 N1 N1 N1 N1 N1 N1 N1 N1 N1 N1 N1 N1 N1 N1 N1 N2 N2 N2 N2 N2 N2 N2 N2 N2 N2 N2 N2 N2 N2 N2 N2 N2 N2 N2 N2 N2 N2 N2 N2 N2 N2 N2 N2 N2 N2 N2 N2 N2 N2 N2 N2 N2 N2 N2 N2 N2 N3 N2 N2 N2 N2 N2 N2 N2 N3 N2 N2 N2 N3 N2 N2 N2 N2 N2 N3 N2 N2 N2 N2 N2 N2 N2 N3 N2 N2 N2 N2 N2 N2 N2 N2 N2 N2 N2 N2 N2 N2 N2 N1 N1 N1 N1 N1 N1 N1 N1 N1 N1 N1 N1 N1 N1 N1 N1 N1 N2 N2 N2 N2 N2 N2 N2 N2 N2 N2 N2 N2 N2 N2 N2 N2 N2 N2 N2 N2 N2 N2 N2 N2 N2 N2 N2 N2 N2 N2 N2 N3 N2 N2 N2 N2 N2 N2 N3 N2 N2 N2 N2 N2 N2 N2 N2 N2 N2 N2 N2 N2 N2 N2 N3 N2 N2 N2 N3 N2 N2 N3 N3 N2 N1 N2 N2 N2 N2 N2 N2 N2 N1 W N1 N1 N1 N1 N1 N1 N1 N2 N2 N2 N2 N2 N2 N2 N2 N2 N2 N2 N2 N2 N2 N2 N2 N2 N2 N2 N2 N2 N2 N1 N1 N1 N1 N1 N1 N2 N2 N2 N2 N2 N2 N2 N2 N2 N2 N2 N2 N2 N2 N2 N2 N2 N2 N2 N2 N2 N2 N2 N2 N2 N2 N2 N2 N2 N2 N2 N2 N2 N1 N1 N1 N2 N2 N2 N1 N1 N1 N1 N1 N2 N2 N2 N2 N2 N2 N2 N2 N2 N2 N2 N2 N2 N2 N2 N2 N2 N2 N2 N2 N2 N2 N2 N2 N2 N2 N2 N2 N2 N2 N2 N2 N2 N2 N2 N2 N2 N1 N1 N1 N1 N1 N1 N1 N1 N1 N1 N1 N1 N1 N1 N2 N2 N2 N2 N2 N2 N2 N2 N2 N2 N2 N2 W N1 N1 N1 N1 N2 N2 N2 N2 N2 N2 N2 N2 N2 N2 N2 N2 N2 N2 N2 N2 N1 N1 N1 N2 N2 N2 N2 N2 N2 N2 N2 N2 N2 N2 N1 N1 N1 N2 N2 N2 N2 N2 N1 N1 N1 N1 N2 N2 N2 N2 N2 N2 N2 N2 N2 N2 N2 N2 N1 N1 N1 N1 N1 N2 N2 N2 N2 N1 N1 N1 N1 N2 N2 N2 N2 N2 N2 N2 N2 REM REM REM REM REM REM REM REM REM REM REM REM REM REM REM REM REM REM REM REM REM REM REM REM REM REM REM REM REM REM REM REM REM REM REM REM REM REM REM REM REM REM REM REM REM W W W W W W W W W W W N1 N1 N1 N1 N1 N1 N1 N1 N1 N1 N1 N1 W N1 N1 N1 N1 N1 N1 N1 N1 N1 N1 N1 N1 N1 N1 N1 N2 N2 N2 N2 N2 N2 N2 N2 N2 N2 N2 N2 N2 N2 N2 N2 N2 N2 N2 N2 N2 N2 N2 N2 N2 N2 N2 N2 N2 N2 N2 N2 N2 N2 N2 N2 N2 N2 N2 N2 N2 N2 N2 N2 N2 N2 N2 N2 N2 N2 N2 N2 N2 N2 N2 N2 N2 N2 N2 N2 N2 N2 N2 N2 N2 N2 N2 N2 N2 N2 N2 N2 N2 N1 N2 N2 N2 N2 N2 N2 N2 N2 N2 N2 N1 N1 N2 N2 N1 N1 N1 N1 N1 N1 N2 N1 N1 N1 N1 N1 N1 N1 N1 N1 N1 N1 N1 N1 N1 N1 N2 N2 N2 N2 N2 N2 N2 N2 N2 N2 N2 N2 N2 N2 N2 N2 N2 N2 N1 N1 N1 N1 N2 N2 N2 N2 N2 N2 N2 N2 N2 N2 N2 N2 N1 N2 N2 N2 N2 N1 N1 N1 N1 N2 N2 N2 N2 N1 N1 N1 N2 N2 N2 N2 N2 N2 N2 N2 N1 N2 N2 N2 N1 N1 N1 N2 N2 N1 N2 N1 N2 N2 N2 N2 N2 N2 N2 N2 N2 N2 N2 N2 N2 N2 N2 N2 N2 N2 N2 N2 N1 N1 N1 N1 N1 N1 N1 N2 N2 N1 N1 N1 N1 N1 N1 N1 N1 N1 N1 N1 N1 N1 N2 N1 N1 N1 N1 N2 N1 N2 N1 N1 N2 N2 N2 N2 N1 N1 N2 N2 N2 N2 N1 N2 N2 N2 N1 N1 N1 N1 N1 N1 N1 N1 N1 N1 N1 N1 N2 N2 N2 N2 N1 N1 N1 N1 N1 N1 N1 N1 N1 N1 N1 N1 N1 N1 N1 N1 N1 N1 N1 N1 N1 N1 N1 N1 N1 N1 N1 W W W W W W W W W W W W W W W W W W W W W W W W W W W W W W W W W W W W W W W W W W W W W W W W W W W W W W W W W W W W,processed_sleepedf/spectral/SC4371F0-PSG_spectral.pt
processed_sleepedf/tensors/SC4372F0-PSG.pt,W W W W W W W W W W W W W W W W W W W W W W W W W W W W W W W W W W W W W W W W W W W W W W W W W W W W W W W W W W W W N1 N1 N1 N1 N1 N1 N1 N1 N1 N1 N1 N1 N1 N1 N1 W W W W W W N1 N1 N1 N1 N1 N1 N1 N1 N1 N1 N1 N1 N1 N1 N1 N1 N1 N2 N2 N2 N2 N2 N2 N2 N2 N2 N2 N2 N2 N2 N2 N2 N2 N2 N2 N2 N2 N2 N2 N2 N2 N2 N2 N2 N2 N2 N2 N2 N2 N2 N2 N2 N2 N2 N2 N2 N2 N2 N2 N2 N2 N2 N2 N2 N2 N2 N2 N2 N2 N2 N2 N2 N2 N2 N2 N2 N3 N3 N2 N2 N2 N2 N2 N2 N2 N2 N3 N2 N2 N2 N2 N2 N2 N3 N2 W W W W W W W W W W W W W W W W W W W W W W W W W W W W W W W W W W W W W W W W W W W W W W W W W W W W W W W W W W W W W W W W W W W W W W W W W W W W W W W W W W W W W W W W W W W W W W W W W W W W W W W W W W W W W W W W W W W W W W W W W W W W W W W W W W W W W W W W W W W W W W W W W W W W W W W W W W W W W W W W W W W W W W W W W W W W W W W W W W W W W W W W W W W W W W W W W W W W W W W W W W W W W W W W W W W W W W W W W W W W W W W W W W W W W W W W W W W W W W W W W W W W W W W W W W W W W W W W W W W W W W W W W W W W W W W W W W W W W W W W W W W W W W W W W W W W W W W W W W W W W W W W W W W W W W W W W W W W W W W W W W W W W W W W W W W W W W W W W W W W W W W W W W W W W W W W W W W W W W W W W W W W W W W W W W W W W W W W W W W W W W W W W W W W W W W W W W W W W W W W W W W W W W W W W W W W W W W W W W W W W W W W W W W W W W W W W W W W W W W W W W W W W W W W W W W W W W W W W W W W W W W W W W W W W W W W W W W W W W W W W W W W W W W W N1 N1 N1 N1 N1 N1 N1 N1 N1 W W W W W W W W W W W W W W W W W N1 N1 N1 N1 N1 N1 N1 N1 N1 N1 N1 N1 N1 N1 N1 W W W N1 N1 N1 N1 N1 N1 N1 N1 N1 N1 N1 N1 N1 N1 N1 N1 N1 N1 N1 N1 N1 N1 N1 N1 N1 N1 N1 N1 N1 N1 N1 N1 N1 N1 N1 N1 N1 N1 N2 N2 N2 N2 N2 N2 N2 N2 N2 N3 N2 N2 N2 N2 N2 N2 N2 N2 N2 N2 N2 N2 N2 N2 N2 N2 N2 N2 N2 N2 N2 N2 N2 N2 N3 N2 N2 N2 N2 N2 N2 N2 N2 N2 N2 N2 N2 N2 N2 N2 N2 N2 N2 N2 N2 N2 N2 N2 N2 N2 N2 N2 W N1 N1 N1 N1 N1 N1 N1 N1 N1 N1 N1 N1 N1 N1 N1 N1 N1 N1 N1 N1 N1 N1 N1 N1 N1 N1 N1 N1 N1 N1 N1 N1 N1 N1 N1 N1 N1 N1 N1 N1 N1 REM REM REM REM REM REM REM REM REM REM REM REM REM REM REM REM REM REM REM REM REM REM REM REM REM REM REM REM REM REM REM REM REM W REM REM REM REM REM REM REM REM REM REM REM REM W W W W W W W N1 N1 N1 N1 N1 N1 N1 N1 N1 N1 N1 N1 N1 N1 N1 N1 N1 N1 N1 N1 N1 N1 N1 N1 N1 N1 N1 N1 N1 N1 N1 N1 N1 N1 N1 N1 N1 N1 N2 N2 N2 N2 N2 N2 N2 N2 W W N1 N1 N1 N1 N1 N1 N1 N1 N1 N1 N1 N1 N1 N1 N1 N1 N1 N1 N1 N1 N1 N1 N1 N1 N1 N1 N2 N2 N2 N2 N2 N2 N2 N2 N2 N2 N2 N2 N2 N2 N2 N2 N2 N2 N2 N2 N2 N2 N2 N2 N2 N2 N2 N2 N2 N2 N2 N2 N2 N2 N2 N2 N2 N2 N2 N2 N2 N2 N2 N2 N2 N2 N2 N2 W N1 N2 N2 N2 N2 N2 N2 N2 N2 N2 N2 N2 N2 N2 N2 N2 N2 N2 N2 N2 N2 N2 N2 N2 N2 N2 N2 N2 N2 N2 N2 N2 N2 N2 N2 N2 N2 N2 N2 N2 N2 N2 N2 N2 N2 N2 N2 N2 N2 N2 W N1 N1 N1 N1 N1 N1 N1 N1 N1 N2 N2 N2 N2 N2 N2 N2 N2 N2 N2 N2 N2 N2 N2 N2 N2 N2 W W N1 N1 N1 N1 N1 N1 N1 N1 N1 N1 N1 N1 N1 N1 N1 N1 N1 N1 REM REM REM REM REM REM REM REM REM REM REM REM REM REM REM REM REM REM REM REM REM REM REM REM REM REM REM REM REM REM REM REM REM REM REM REM REM REM REM REM REM REM REM REM REM REM REM REM REM REM REM REM REM REM REM REM REM REM REM REM REM N1 N1 N1 N1 N1 N1 N1 N1 N1 N1 N1 N1 W W W W W W W W W W W W W W W W W W W W W W W W N1 W W W W W W N1 N1 N1 N1 N1 N1 N1 N1 N1 N1 N1 N1 N1 N1 N1 N1 N1 N1 N1 N1 N1 N1 N1 N1 N1 N2 N2 N2 N2 N2 N2 N2 N2 N2 N2 N2 N2 N2 N2 N2 N2 N2 N2 N2 N2 N2 N2 N2 N2 N2 N2 N2 N2 N2 N2 N2 N2 N2 N2 N2 N2 N2 N2 N2 N2 N2 N2 N2 N2 N2 N2 N2 N2 N2 N2 N2 N2 N2 N2 N2 N2 N2 N2 N2 N2 N2 N2 N2 N2 N2 N2 N1 N1 N1 N2 N2 N2 N2 N2 N2 N2 N2 N2 N2 N2 N2 N2 N2 N2 N2 N2 N2 N2 N2 N2 N2 N2 N2 N2 N2 N2 N2 N2 N2 N2 N2 N2 N2 W N1 N1 N1 N1 N2 N2 N2 N2 N2 N2 N2 N2 N2 N2 N2 N2 N2 N2 N2 N2 N2 N2 N2 N2 N2 N2 N2 N2 N2 N2 N2 N2 N2 N2 N2 N2 N2 N2 N2 N2 N2 N2 N2 N2 N2 N2 N2 N2 N2 N2 N2 N2 N2 N2 N2 N2 N2 N2 N2 N2 N2 N2 N2 N2 N2 N2 N2 N2 N2 N2 N2 N2 N2 N2 N2 N2 N2 N2 N2 N2 N2 W N1 N1 N1 N1 N1 N1 N1 W N1 N1 N1 W W W W W W W W W W W W W W W W W W W W W W W W W W W W W W W W W W W W W W W W W W W W W W W W W W W W W W W W W W W W,processed_sleepedf/spectral/SC4372F0-PSG_spectral.pt
processed_sleepedf/tensors/SC4381F0-PSG.pt,W W W W W W W W W W W W W W W W W W W W W W W W W W W W W W W W W W W W W W W W W W W W W W W W W W W W W W W W W W W W N1 N1 N1 W N1 N1 N1 N1 N1 W W W W W W W W W W W W W W W W W W W W W W W W W W W W W W W W W W W W W W W W W W W W W W W W W W W W W W W W W W W W W W W W W W W W W W W W W W W W W W W W W W W W W W W W W W W W W W W W W W W W W W W W W W W W W W W W W W W W W W W W W W W W W W W W W W W W W W W W W W W W W W W W W W W W W W W W W W W W W W W W W W W W W W W W W W W W W W W W W W W W W W W W W W W W W W W W W W W W W W W W W W W W W W W W W W W W W W W W W W W W W W W W W W W W W W W W W W W W W W W W W W W W W W W W W W W W W W W W W W W W W W W W W W W W W W W W W W W W W W W W W W W W W W W W W W W W W W W W W W W W W W W W W W W W W W W W W W W W W W W W W W W W W W W W W W W W W W W W W W W W W W W W W W W W W W W W W W W W W W W W W W W W W W W W W W W W W W W W W W W W W W W W W W W W W W W W W W W W W W W W W W W W W W W W W W W W W W W W W W W W W W W W W W W W W W W W W W W W W W W W W W W W W W W W W W W W W W W W W W W W W W W W W W W W W W W W W W W W W W W W W W W W W W W W W W W W W W W W W W W W W W W W W W W W W W W W W W W W W W W W W W W W W W W W W W W W W W W W W W W W W W W W W W W W W W W W W W W W W W W W W W W W W W W W W W W W W W W W W W W W W W W W W W W W W W W W W W W W W W W W W W W W W W W W W W W W W W W W W W W W W W W W W W W W W W W W W W W W W W W W W W W W W W W W W W W W W W W W W W W W W W W W W W W W W W W W W W W W W W W W W W W W W W W W W W W W W W W W W W W W W W W W W W W W W W W W W W W W W W W W W W W W W W W W W W W W W W W W W W N1 N1 N1 N1 N1 N1 N1 N2 N2 N2 N2 N2 N2 N2 N2 N2 N2 N2 N2 N2 N2 N2 N2 N2 N2 N2 N2 N2 N2 N2 N2 N2 N2 N2 N2 N2 N2 N2 N2 N2 N2 N2 N2 N2 N2 N2 N2 N2 N3 N2 N2 N2 N2 N2 N2 N2 N2 N2 N3 N2 N3 N3 N2 N2 N2 N2 N2 N2 N2 N2 N2 N2 N2 N2 N2 N2 N2 N2 N2 N2 N2 N2 N2 N2 N2 N2 N2 N2 N2 N2 N2 N2 N2 N2 N2 N2 N2 N2 N2 N2 N2 N2 N2 N2 N2 N2 N2 N2 N2 N2 N2 N2 N2 N2 N2 W W W W W W W W W W W W N1 N1 N1 N1 N1 N1 N1 N2 N2 N2 N2 N2 N2 N2 N2 N2 N2 N2 N2 N2 N2 N2 N2 N2 N2 N2 N2 N2 N2 N2 N2 N2 N2 N2 N2 N2 N2 N2 N2 N2 N2 N2 N2 N2 N2 N2 N2 N2 REM REM REM REM REM REM REM REM REM REM REM REM REM REM REM REM REM REM REM REM REM REM REM REM REM REM REM REM REM REM REM REM REM REM REM REM REM REM REM REM REM REM REM REM REM REM REM REM REM REM REM REM REM REM REM REM REM REM N2 N2 N2 N2 N2 N2 N2 N2 N2 N2 N2 N2 N2 N2 N2 N2 N2 N2 N2 N2 N2 N2 N2 N2 N2 N2 N2 N2 N2 N2 N2 N2 N2 N2 N2 N2 N2 N2 N2 N2 N2 N2 N2 N2 N2 N2 N2 N2 N2 N2 N2 N2 N2 N3 N2 N2 N2 N2 N3 N2 N2 N2 N2 N2 N2 N3 N2 N2 N2 N3 N3 N2 N2 N3 N2 N2 N2 N2 N2 N2 N2 N2 N2 N3 N2 N3 N2 N2 N2 N3 N3 N2 N2 N3 N2 N2 N2 N2 N2 N2 N2 N2 N2 N2 N2 N2 N2 N2 N2 N2 N2 N2 N3 N2 N2 N2 N2 N2 N2 N2 N2 N2 N2 N2 N2 N2 N2 N2 N2 N2 N2 N2 N2 N2 N2 N2 N2 N2 N2 N2 N2 N2 N2 N2 N2 N2 N2 N2 N2 N2 N2 N2 REM REM REM REM REM REM REM REM REM REM REM REM REM REM N1 N1 N1 N1 N2 N2 N2 N2 N2 N2 N2 N2 N2 N2 N2 N2 N2 N2 N2 N2 N2 N2 N2 N2 N2 N2 N2 N2 N2 REM REM N1 N1 N2 N2 N2 N2 N2 N2 N2 N2 N2 N2 N2 N2 N2 N2 N2 N2 N2 N2 N2 N2 N2 N2 N2 N2 N2 N2 N2 N2 N2 N2 N2 N2 N2 N2 REM REM REM REM REM REM REM REM REM REM REM REM REM REM REM REM REM REM REM REM REM REM REM REM REM W N1 N1 N1 N1 N1 N1 N1 N1 N2 N2 N2 N2 N2 N2 N2 N2 N2 N2 N2 N2 N2 N2 N2 N2 N2 N2 N2 N2 N2 N2 N2 N2 N2 N2 N2 N2 N2 N2 N2 N2 N2 N2 N2 N2 N2 N2 N2 N2 N2 N2 N2 N2 N2 N2 N2 N2 N2 N2 N2 N2 N2 N2 N2 N2 N2 N2 N2 N2 N2 N2 N2 N2 N2 N2 N2 N2 N2 N2 N2 N2 N2 N2 N2 N2 N2 N2 N2 N2 N2 N2 N2 N2 N2 N2 N2 N2 N2 N2 N2 N2 N2 N1 N1 N1 N1 N1 W W W N1 N1 N1 N2 N2 N2 N2 N2 N2 N2 N2 N2 N2 N2 N2 N2 N2 N2 W W N1 N1 N1 N1 N2 N2 N2 N2 N2 N2 N2 N2 N2 N2 N2 N2 N2 REM REM REM REM REM REM REM REM REM REM REM REM REM REM REM REM REM REM N1 N1 N1 N1 N1 N1 N1 N1 N1 N1 N1 N2 N2 N2 N2 N2 N2 N2 N2 N2 N2 N2 N2 N2 N2 N2 N2 N2 N2 N2 N2 N2 N2 W W N1 N1 N1 N1 N1 N1 N2 N2 N2 N2 N2 N2 N2 N2 N2 N2 N2 N2 N2 N2 N2 N2 N2 N2 N2 N2 N2 N2 N2 N2 N2 N2 N2 N2 N2 N2 N2 N2 N2 N2 N2 N2 N2 N2 N2 N2 N2 N2 N2 N2 N2 N2 N2 N2 N2 N2 N2 N2 N2 N2 N2 N2 N2 N2 N2 N2 N2 N2 N2 N2 N2 N2 N2 N2 N2 N2 N2 N2 N2 N2 N2 REM REM REM REM REM REM REM REM REM REM REM REM REM REM REM REM REM REM REM REM REM REM REM REM REM REM REM REM REM REM REM REM REM REM REM REM REM REM REM REM REM REM REM W N1 N1 N1 N1 N1 N1 N1 N1 N1 N1 N1 N1 N1 N1 N1 N1 N1 N1 N1 N1 N1 N1 N1 N1 N1 N1 N2 N2 N2 N2 N2 W W W W W W W W W W W W W N1 N1 N1 N1 N2 N2 N2 N2 N2 N2 N2 N2 N2 N2 N2 N2 N2 N2 N2 N2 N2 N2 N2 N2 N2 N2 N2 N2 N2 N2 N2 N2 N2 N2 N2 N2 N2 N2 N2 N2 N2 N2 N2 N2 N2 N2 N2 N2 N2 W W W W W W W W W W W W W W W W W W W W W W W W W W W W W W W W W W W W W W W W W W W W W W W W W W W W W W W W W W W W,processed_sleepedf/spectral/SC4381F0-PSG_spectral.pt
processed_sleepedf/tensors/SC4382F0-PSG.pt,W W W W W W W W W W W W W W W W W W W W W W W W W W W W W W W W W W W W W W W W W W W W W W W W W W W W W W W W W W W W N1 N1 N1 N1 N1 N1 N1 N2 N2 N2 W N1 N1 N1 N1 N1 W W W N1 N1 N1 W W W W W W W W W W W W W W W W W W W W W W W W W W W W W W W W W W W W W W W W W W W W W W W W W W W W W W W W W W W W W W W W W W W W W W W W W W W W W W W W W W W W W W W W W W W W W W W W W W W W W W W W W W W W W W W W W W W W W W W W W W W W W W W W W W W W W W W W W W W W W W W W W W W W W W W W W W W W W W W W W W W W W W W W W W W W W W W W W W W W W W W W W W W W W W W W W W W W W W W W W W W W W W W W W W W W W W W W W W W W W W W W W W W W W W W W W W W W W W W W W W W W W W W W W W W W W W W W W W W W W W W W W W W W W W W W W W W W W W W W W W W W W W W W W W W W W W W W W W W W W W W W W W W W W W W W W W W W W W W W W W W W W W W W W W W W W W W W W W W W W W W W W W W W W W W W W W W W W W W W W W W W W W W W W W W W W W W W W W W W W W W W W W W W W W W W W W W W W W W W W W W W W W W W W W W W W W W W W W W W W W W W W W W W W W W W W W W W W W W W W W W W W W W W W W W W W W W W W W W W W W W W W W W W W W W W W W W W W W W W W W W W W W W W W W W W W W W W W W W W W W W W W W W W W W W W W W W W W W W W W W W W W W W W W W W W W W W W W W W W W W W W W W W W W W W W W W W W W W W W W W W W W W W W W W W W W W W W W W W W W W W W W W W W W W W W W W W W W W W W W W W W W W W W W W W W W W W W W W W W W W W W W W W W W W W W W W W W W W W W W W W W W W W W W W W W W W W W W W W W W W W W W W W W W W W W W W W W W W W W W W W W W W W W W W W W W W W W W W W W W W W W W W W W W W W W W W W W W W W W W W W W W W W W W W W W W W W W W W W W W W W W W W W W W W W W W W W W W W W W W W W W W W W W W W W W W W W W W W W W W W W W W W W W W W W W W W W W W W W W W W W W W W W W W W W W W W W N1 W N1 N1 N1 N1 N1 N1 N1 N1 N1 N2 N2 N2 N2 N2 N2 N2 N2 N2 N2 N2 N2 N2 N2 N2 N2 N2 N2 N2 N2 N2 N2 N2 N2 N2 N2 N2 N2 N2 N2 N2 N2 N2 N2 N2 N2 N2 N2 N2 N2 W W N1 W N1 N2 N2 N2 N2 N2 N2 N2 N2 N2 N2 N2 N2 N2 N2 N2 N2 N2 N2 N2 N2 N2 N2 N2 N2 N2 N2 N2 N2 N2 N2 N2 N2 N2 N2 N2 N2 N2 N2 N2 N2 N2 N2 N2 N2 N2 N2 N2 N2 N2 N2 N2 N2 N2 N2 N2 N2 N2 N2 N1 N1 N2 N2 N2 N2 N2 N2 N2 N2 N2 N2 N2 N2 N2 N2 N2 N2 N2 N3 N2 N2 N2 N3 N2 N2 N2 N2 N3 N3 N2 N3 N2 N1 N1 N1 N1 N1 N2 N2 N2 N2 N2 N2 N2 N2 N2 N2 N2 N2 N2 N2 N2 N2 N3 N2 N2 N2 N2 N2 N2 N2 N2 N3 N2 N2 N2 N3 N3 N3 N3 N3 N3 N3 N3 N2 N3 N3 N3 N3 N2 N3 N3 N3 N3 N3 N3 N3 N2 N3 N3 N3 N3 N3 N2 N2 N3 N3 N2 N2 N3 N3 N3 N2 N2 N1 N1 N1 N1 N1 N1 N1 N1 N1 N2 N2 N2 REM REM REM REM REM REM REM REM REM REM REM REM REM REM REM REM REM REM REM REM REM REM N1 N1 N1 N1 N2 N2 N2 N2 N2 N2 N2 N2 N2 N2 N2 N2 N2 REM REM REM REM REM REM REM REM REM REM REM REM REM REM REM REM REM REM REM N2 N2 N2 N2 N1 N2 N2 N2 N2 N2 N2 N2 N2 N2 N2 N2 N2 N2 N2 N2 N2 N2 N2 N2 N2 N2 N2 N2 N2 N2 N2 N2 N2 N2 N2 N2 N2 N2 N2 N2 N2 N2 N2 N2 N2 N2 N2 N2 N2 N1 W W W W W W W W W W W W W W W W W W W W W N1 N1 N1 N1 N1 N1 N2 N2 N2 N2 N2 N2 N2 N2 N2 N2 N2 N2 N2 N2 N2 N2 N2 N2 N2 N2 N2 N2 N2 N2 N2 N2 N2 N2 N2 N2 N2 N2 N2 N2 N2 N2 N2 N2 N2 N2 N2 N2 N2 N2 N2 N2 N2 N2 N2 N2 N2 N2 N2 N2 N2 N2 N2 N2 N2 N2 N2 N2 N2 N2 N2 N2 N2 N2 N2 N2 N2 W N1 N1 N2 N2 N2 N2 N2 N2 N2 N2 N2 N2 N2 N2 N2 N2 N2 N2 N2 N1 N1 REM N1 N1 N1 N1 REM REM REM REM REM REM REM REM REM REM REM REM REM REM W W W W N1 N1 N1 N1 N1 N1 N1 N1 N2 N2 N1 N1 N1 N1 N1 N2 N2 N2 N2 N2 N2 N2 N2 N2 N2 N2 N2 N2 N2 N2 N2 N2 N2 N2 N2 N2 N2 N2 N2 N2 N2 N2 N2 N2 N2 N2 N2 N2 N2 N2 N2 N2 N2 N2 N2 N2 N2 N2 N2 N2 N2 N2 N2 W W W W N1 N1 N1 N1 N2 N2 N2 N2 N2 N2 N2 N2 N2 N2 N2 N2 N2 N2 N2 N2 N2 N2 N2 N2 N2 N2 N2 N2 N2 N2 N2 N2 N2 N2 REM REM REM REM REM REM REM REM REM REM REM REM REM REM REM REM REM REM N1 REM REM REM REM REM REM REM REM REM N2 N2 N2 N2 N2 N2 N2 N2 N2 N2 N2 N2 N2 N2 N2 N2 N2 N2 N2 N2 N2 N2 N2 N2 N2 N2 N2 N2 N2 N2 N2 N2 N2 N2 N2 N2 N2 N2 N2 N2 N2 N2 N2 N2 N2 N2 N2 N2 N2 N2 N2 N2 N2 N2 N2 N2 N2 N2 N2 N2 N2 N2 N2 N2 N2 N2 N2 N2 N2 N2 W W N1 N1 N1 N2 N2 N2 N2 N2 N2 N2 N2 N2 N2 N2 N2 N2 N2 N2 N2 N2 N2 N2 REM REM REM REM REM REM REM REM REM N1 N1 N1 REM REM REM REM REM REM REM REM N1 N1 N1 REM REM REM REM REM REM REM REM REM REM REM REM REM REM REM REM REM REM REM REM REM REM REM REM REM REM REM REM REM REM REM REM REM REM REM REM REM REM REM REM REM REM REM REM REM REM REM REM REM REM REM REM REM REM REM REM REM REM REM REM REM REM REM REM REM REM REM REM REM N2 N2 N2 N2 N1 N1 N2 N2 N2 N2 N2 N2 N2 N2 N2 N2 N2 N2 N2 N2 N2 N2 N2 N2 N2 N2 N2 N2 N2 W N1 N1 N1 N1 N2 N2 N2 N2 N2 N2 N2 N2 N2 N2 N2 N2 N2 N2 N2 N2 N2 N2 N2 N2 N2 W N1 W N1 W N1 N1 N1 N1 N2 N2 N2 N2 N2 N2 N2 N2 N2 N2 N2 N2 N2 N2 N2 N2 N2 N2 N2 N2 N2 N2 N2 N2 N2 N2 N2 N2 N2 N2 N2 N2 N2 N2 N2 N2 N2 N2 N2 N2 N2 N2 N2 N2 N2 N3 N2 N2 N2 N2 N2 N2 N1 W W W W W W W W W W W W W W W W W W W W W W W W W W W W W W W W W W W W W W W W W W W W W W W W W W W W W W W W W W W W,processed_sleepedf/spectral/SC4382F0-PSG_spectral.pt
processed_sleepedf/tensors/SC4401E0-PSG.pt,W W W W W W W W W W W W W W W W W W W W W W W W W W W W W W W W W W W W W W W W W W W W W W W W W W W W W W W W W W W W N1 N1 N1 N1 N1 N2 N2 N2 N2 N2 N2 N2 N2 N2 N2 N2 N2 N2 N2 N2 N2 N2 N2 N2 N2 N2 N2 N2 N2 N2 N2 N2 N2 N2 N2 N2 N2 N2 N2 N2 N2 N2 N2 N2 N2 N2 N2 N2 N2 N2 N2 N2 N2 N2 N2 N2 N2 N2 N2 N2 N2 N2 N2 N2 N2 N2 N2 N2 N2 N2 N2 N2 N2 N2 N2 N2 N2 N2 N2 N2 N2 N2 N3 N3 N2 N2 N2 N2 N2 N2 N2 N2 N2 N2 N2 N2 N2 N2 N2 N2 N2 N2 N2 N2 N2 N2 N2 N2 N2 N2 N2 N2 N2 N2 N2 N2 N2 N2 N2 N2 N2 N2 N2 N2 N2 N2 N2 N2 N2 N2 N2 N2 N2 N2 N2 N2 N2 N2 N2 N2 N2 N2 REM REM REM REM REM REM N2 N2 N2 N2 N2 N2 N2 N2 N2 N2 N2 N2 N2 N2 N2 N2 N2 N2 N2 N2 N2 N2 N2 N2 N2 N2 N2 N2 N2 N2 N2 N2 N2 W W W N1 N1 N1 N2 N2 N2 N2 N2 N2 N2 N2 N2 N2 N2 N2 N2 N2 N2 N2 N2 N2 N2 N2 N2 N2 N2 N2 N2 N2 N2 N2 N2 N2 N2 N2 N2 N2 W W W N1 N1 N2 N2 N2 N2 N2 N2 N2 N2 N2 N2 N2 N2 N2 N2 N2 N2 N2 N2 N2 N2 N2 N2 N2 N2 N2 N2 N2 N2 N2 N2 N2 N2 N2 N2 N2 N2 N2 N2 N2 N2 N3 N2 N2 N2 N3 N2 N2 N2 N2 N2 N2 N2 N2 N2 N2 W W W N1 N1 N2 N2 N2 N2 N2 N2 N2 N2 N2 N2 N2 N2 N2 N2 N2 N2 N2 N2 N2 N2 N2 N2 N2 N2 N2 N2 N2 N2 N2 N2 N2 N2 REM REM REM REM REM REM REM REM REM REM REM REM REM REM REM REM REM REM REM REM REM REM REM REM REM REM REM REM REM REM REM REM REM REM REM REM REM REM REM REM REM W N1 N1 N1 N1 N2 N2 N2 N2 N2 N2 N2 N2 N2 N2 N2 N2 N2 N2 W W W W W W W W W W W N1 N1 N1 N1 N2 N2 N2 N2 N2 N2 N2 N2 N2 N2 N2 N2 N2 N2 N2 N2 N2 N2 N2 N2 N2 N2 N2 W W W W W N1 N1 N1 N1 N1 N1 N1 N2 W W W W W W W W W W W W W W W W W W W W W W W W W W W W W W W W W W W W W W W W W W W W W W W W W W W W W W W W W W W W N1 N1 N1 W W W W W W W W W W W W W W W W W W W W W W W W W W W W W W W W W W W W W W W W W W W W W W W W W W W W W W W W W W W W W W W W W W W W W W W W W N1 W W W W W W W W W W W W W W W W W W W W W W W W W N1 N1 N1 W N1 N1 W N1 W N1 N1 N1 N1 N1 N1 N1 W N1 N1 N1 N1 N1 N1 N1 N1 N1 N1 N1 N1 N1 N1 N2 N2 N2 N2 N1 N2 W N1 N1 N1 N2 W W W W W W W W W W N1 W W W W W N1 N1 N1 N1 W N1 N1 N1 N1 N1 N1 N1 N1 N1 N1 N1 REM REM REM REM REM REM REM REM REM W W W W N1 N1 W N1 W W W W N1 N1 N1 W W W W N1 N1 N1 N1 N1 W N1 N1 N1 N1 N1 N1 N1 N1 N1 N1 N1 N1 N1 N1 N1 N1 N2 N1 N2 N1 N1 N1 W W W W W W W W W W W W W W W W W W W W W W W W W W W W W W W W W W W W N1 W W N1 W N1 N1 W N1 N1 N1 N1 N2 N2 N2 N2 N2 N2 N2 N2 N2 N2 N2 N2 N2 N2 N2 N2 N2 N2 N2 N2 N2 N2 N2 N2 N2 N2 N2 W W N1 N1 N1 N1 N1 N1 N1 N1 N1 N1 REM REM REM REM REM REM REM REM REM REM REM REM REM REM REM REM REM REM REM REM REM REM REM REM REM REM REM REM REM REM REM REM REM REM REM REM REM REM REM REM REM REM REM REM REM REM REM REM REM REM REM REM REM REM W N1 N1 N1 N1 N1 N1 N1 N1 N1 N1 N1 N1 N1 N1 N1 N1 N1 N1 N1 N1 N1 N1 N1 N1 N1 N1 N1 N1 N1 N1 N2 N2 N2 N2 N2 N2 N2 N2 N2 N2 N2 N2 N2 N2 N2 N2 N2 W W W W W W W W W W W W N1 W W W W W W W W W W W W W W W W N1 N1 N1 N1 N1 W W W W W W W W W W W W W W W W W W W W W W W W W W W W W W W W W W W W W W W W W W W W W W W W W W W W W W W W W W W W,processed_sleepedf/spectral/SC4401E0-PSG_spectral.pt
processed_sleepedf/tensors/SC4402E0-PSG.pt,W W W W W W W W W W W W W W W W W W W W W W W W W W W W W W W W W W W W W W W W W W W W W W W W W W W W W W W W W W W W N1 N1 N1 N1 N2 N2 N2 N2 N1 N2 N2 N2 N2 N2 N2 N2 N2 N2 N2 N2 N2 N2 N2 N2 N2 N3 N2 N3 N2 N2 N2 N3 N2 N3 N2 N2 N2 N3 N3 N2 N3 N2 N3 N3 N3 N2 N2 N3 N3 N3 N3 N3 N3 N3 N3 N3 N3 N3 N3 N2 N3 N3 N2 N3 N3 N3 N3 N3 N3 N3 N3 N3 N3 N3 N3 N3 N3 N3 N3 N3 N3 N3 N3 N3 N3 N3 N3 N3 N3 N3 N3 N3 N3 N3 N3 N3 N3 N3 N3 N3 N3 N3 N3 N3 N3 N3 N3 N1 N2 N2 N3 N2 N3 N2 N2 N2 N2 N2 N2 N2 N2 N2 N2 N2 N2 N2 REM REM REM REM REM REM REM REM REM REM REM REM REM REM REM REM REM REM REM REM REM REM REM REM REM REM REM REM REM REM REM REM N1 REM REM REM REM REM REM REM REM REM REM REM REM REM REM REM REM REM REM REM REM REM REM REM REM REM REM REM REM N2 N2 N2 N2 N2 N2 N2 N2 N2 N2 N2 N2 N2 N2 N2 N2 N3 N3 N2 N2 N3 N3 N3 N3 N3 W N1 N2 N2 N2 N2 N2 N2 N2 N3 N2 N3 N3 N2 N3 N3 N2 N3 N2 N3 N3 N3 N3 N3 N3 N3 N3 N3 N3 N3 N3 N2 N3 N3 N3 N3 N3 N3 N3 N3 N3 N3 N2 N2 N2 N2 N2 N2 N2 N2 N2 N2 N2 N2 N2 N2 N2 N2 N2 N2 N2 N2 N3 N3 N3 N3 N3 N3 N3 N3 N3 N3 N3 N3 N3 N2 N3 N3 N1 N1 W W W N1 N1 N1 N2 N2 N2 N2 N2 N2 N2 N2 N2 N2 N2 N2 N2 N2 N3 N2 N2 N2 N3 N2 N3 N3 N3 N3 N3 N3 N3 N3 N3 N3 N3 N2 N3 N3 N3 N3 N2 N2 W W W W N1 N1 N1 N2 N2 N2 N2 N2 N2 N2 N2 N2 N2 N2 N2 REM REM REM REM REM REM REM REM REM REM REM REM REM REM REM REM REM REM REM REM REM REM REM REM REM REM REM REM REM REM REM REM REM REM REM REM REM REM REM REM REM REM REM REM REM REM REM REM REM REM REM REM REM REM REM REM REM REM REM REM REM REM REM REM W N1 N1 W N1 N1 N2 N2 N2 N2 N2 N2 N2 N2 N2 N2 N2 N2 N2 N2 N2 N2 N2 N2 N2 N2 N2 N2 N2 N2 N2 N2 N2 N2 N2 N2 N2 N2 N2 N3 N2 N3 N2 N2 N2 N2 N3 N2 N2 N2 N2 N3 N2 N2 N2 N2 N2 N2 N2 W W W N1 W W W N1 N1 N1 N2 N2 N2 N2 N2 N2 N1 N1 N2 N2 N2 N2 N2 N2 N2 N2 N2 N2 N2 N2 W N1 N2 N2 N2 N2 N2 N2 N2 N2 N2 N2 N2 N2 N1 N2 N2 N2 N2 N2 N2 N2 N2 N2 N2 N2 N2 N2 N2 N2 N2 N2 N2 N2 N2 N2 N2 N2 N2 N2 N2 N2 N2 N2 N1 N2 N2 N2 N3 N2 N2 N2 N2 REM N1 N1 N1 N1 N1 REM REM REM REM REM REM REM N1 REM REM REM REM REM REM REM REM REM REM W W N1 N1 W N1 N1 REM REM REM REM REM REM REM REM REM REM REM REM REM REM REM REM REM REM REM REM REM REM REM REM REM REM N1 REM REM REM REM REM REM REM REM REM REM REM REM REM REM REM REM REM REM REM REM REM REM REM REM REM REM REM W W W W W W N1 N1 N1 N1 N1 N2 N2 N2 N2 N2 N2 N2 N2 N2 N2 N2 N2 N2 N2 N2 N2 N2 N2 N2 N2 N2 N2 N2 N2 N2 N1 N1 N2 N1 N2 N2 N2 N2 N2 N2 N2 N2 N2 N2 N2 N2 N2 N2 N1 N2 N2 N2 N2 N2 N2 N2 N2 N2 N2 W W W W W W W W W W W W W W W W W W W W W W W W N1 N1 N1 N1 W N1 N1 N1 W W N1 N1 N1 N1 N1 N1 W N1 N1 N1 N1 N1 W W N1 N1 N1 N1 N1 N1 N1 N1 N2 N1 N1 W W N1 N1 N1 N2 N2 N2 N2 N2 N2 N2 N2 N2 N2 N2 N2 N2 REM REM REM REM REM REM REM REM REM REM REM REM REM REM REM REM REM REM REM REM REM REM REM REM REM REM REM REM REM REM REM REM REM REM REM REM REM REM REM REM REM REM REM REM REM REM REM REM REM REM REM REM REM REM REM REM REM REM REM W W N1 N1 N2 N2 N2 N2 N2 N2 N2 N2 N2 N2 N2 N2 N2 N2 N2 N2 N2 N2 N2 N2 N2 N2 N2 N2 N2 N2 N2 N2 N2 N2 N2 N2 N2 N2 N2 N2 N2 N2 N2 N2 N2 N2 N2 N2 N2 N2 N2 N2 N2 N2 N2 N2 N2 N2 N2 N2 N2 N2 N2 N2 N2 N2 W W W W W W W N1 W W W W N1 N1 N1 W N1 W W N1 N1 W W N1 W W W W W W W W W W W N1 W W N1 W W W W W W W W W W W W W W W W W W W W W W W W W W W W W W W W W W W W W W W W W W W W W W W W W W W W W W W W W W W W,processed_sleepedf/spectral/SC4402E0-PSG_spectral.pt
processed_sleepedf/tensors/SC4411E0-PSG.pt,W W W W W W W W W W W W W W W W W W W W W W W W W W W W W W W W W W W W W W W W W W W W W W W W W W W W W W W W W W W W N1 N1 N1 N1 N1 N1 N1 N2 W N1 N2 N2 N2 N2 N2 N2 N2 N2 N2 N2 N1 N1 N2 N2 N2 N2 N2 N2 N1 N2 N2 N1 N1 N2 N2 N2 N2 N2 N2 N2 N2 N2 N2 N2 N2 N2 N2 N2 N2 N2 N2 N2 N2 N2 N2 N2 N2 N2 N2 N2 N2 N2 N2 N2 N2 N2 N2 N2 N2 N2 N2 N3 N2 N3 N2 N2 N3 N3 N3 N2 N2 N2 N2 N3 N3 N2 N2 N3 N3 N3 N2 N2 N3 N3 N3 N2 N3 N3 N3 N2 N2 N2 N2 N2 N3 N2 N2 N2 N1 N2 N2 N2 N2 N2 N2 N2 N2 N2 REM REM REM REM REM REM REM REM REM REM REM REM REM REM REM REM REM REM REM REM REM REM REM REM REM REM REM REM N2 N2 N2 N2 N1 N1 N2 N2 N2 N2 N2 N2 N2 N2 N2 N2 N2 N2 N2 N2 N1 N1 N2 N2 N2 N2 N2 N2 N2 N2 N2 N2 N2 N2 N2 N2 N2 N3 N2 N2 N3 N3 N2 N3 N2 N3 N3 N3 N2 N2 N2 N2 N1 N1 N1 N2 N2 N1 W W N1 W N1 N1 N1 N1 N2 N1 N1 N1 N1 N1 N2 N2 N2 N2 N2 N2 N2 N2 N2 N2 N2 N2 N2 N2 N2 N2 N1 N1 N1 N2 N2 N2 N2 N2 N2 N2 N2 N2 N2 N2 N2 N3 N2 N2 N2 N2 N2 N2 N3 N3 N2 N3 N2 N2 N1 N2 N2 N1 N1 N2 N2 N2 N2 N2 N2 N2 N2 N2 N2 N2 N2 N3 N3 N3 N3 N3 N2 N2 N3 N3 N2 N2 N3 N2 N2 N3 N2 N2 N2 N2 N2 N3 N2 N2 N2 N2 N3 N3 N3 N2 N2 N2 N2 N2 N2 N2 N2 N1 N1 N2 N2 N2 N2 N1 N1 N2 N2 N2 N2 N2 N2 N2 REM REM REM REM REM REM REM REM REM REM REM REM REM REM REM REM REM REM REM REM N1 N1 REM REM REM REM REM REM REM REM REM REM REM REM N2 REM REM REM REM REM REM REM REM REM REM REM N1 N1 N1 N2 N2 N2 N2 N2 W N1 N2 N2 N2 N2 N2 N2 N2 N2 N2 N2 N2 N2 N1 N1 N2 N2 N2 N2 N2 N2 N2 N2 N2 N2 N2 N2 N2 N2 N2 N2 N2 N2 N2 N2 N2 N2 N2 N2 N2 N2 N2 N2 N2 N2 N2 N2 N2 N2 N3 N2 N2 N2 N1 N1 N2 N2 N2 N2 N3 N3 N2 N3 W W W N1 N1 N1 N1 N1 N2 N1 N1 N1 N1 N1 N1 N1 N1 N2 N2 N2 N2 N2 N2 N2 N2 N2 N2 N2 N2 N2 N2 N2 N2 N2 N2 N2 N2 N2 N2 N1 N2 N2 N2 N2 N2 N2 N2 N2 N2 N2 N2 N2 N2 N2 N2 N2 N2 N2 N2 N1 N1 N2 N2 N2 N2 N2 N3 N1 N1 N2 N2 N2 N2 N2 N2 N2 N2 N2 N2 N2 N2 N2 N2 N2 N1 N1 N2 N2 N2 N1 N1 N2 N2 N2 N2 N2 N2 N2 N2 N2 N1 N2 N2 N2 N2 REM REM REM REM REM REM REM REM REM REM REM REM REM REM REM REM REM REM REM REM REM REM REM REM REM REM REM REM REM REM REM REM REM REM REM REM REM REM REM REM REM REM REM REM REM REM REM REM REM REM REM REM REM REM REM REM REM REM REM REM REM REM REM REM REM REM REM REM REM REM REM REM REM REM REM REM REM REM REM REM REM REM REM N2 N2 N2 N2 N2 N2 N2 W W W N1 N1 N1 N1 N1 W N1 N1 N2 N2 N2 N2 N2 N2 W N1 N1 N1 W N1 N1 W W W W W W W W W N1 W N1 W W W W W W W W W W W W W W W W N1 W N1 N1 N1 N1 N1 N1 N1 N1 N1 N1 N1 N1 N1 N1 N1 N1 N2 N2 N2 N2 N2 N2 N2 N2 N2 N2 N2 N2 N2 N2 N2 N2 N2 N2 N2 N2 N2 N1 N1 N2 N2 N2 N2 N2 N2 N2 N2 N2 N2 N2 N2 N2 N2 N2 N2 N2 N2 N2 N2 N2 N2 N2 N2 N2 N2 N2 N2 N2 N2 N2 N2 N2 N2 N2 N2 N2 N2 N2 N2 N2 N2 N2 N2 N2 N2 N2 N2 N2 N2 N2 N2 N1 N1 N2 N2 N1 N1 N1 W W W N1 N1 N1 N1 N1 N1 N2 N2 N2 N2 N2 N2 N2 N2 REM REM REM REM REM REM REM REM REM REM REM REM REM REM REM REM REM REM REM REM REM REM REM REM REM REM REM REM REM REM REM REM REM REM REM REM REM REM REM REM REM REM REM REM REM REM REM REM REM REM N2 N2 N2 N1 N1 N2 N2 N2 N2 N2 N2 N2 N2 N2 N2 N2 N2 N1 N1 N2 N2 N2 N2 N2 N2 N2 N2 N2 N2 N2 N2 N2 N2 N2 N2 N1 N1 N2 N2 N2 N2 N2 N2 N2 N2 N2 N2 N2 N1 N1 N2 N1 N1 N1 N2 N1 N2 N1 N1 N1 N2 N2 N1 N1 N2 N2 N2 N2 N2 N2 W W N1 W W W N1 N1 W W W W W W N1 W W N1 N1 N1 W W W W N1 N1 W W W W W W W W W W W W W W W W W W W W W W W W W W W W W W W W W W W W W W W W W W W W W W W W W W W W W W W W W W W W,processed_sleepedf/spectral/SC4411E0-PSG_spectral.pt
processed_sleepedf/tensors/SC4412E0-PSG.pt,W W W W W W W W W W W W W W W W W W W W W W W W W W W W W W W W W W W W W W W W W W W W W W W W W W W W W W W W W W W W N1 N1 N1 N1 N2 N2 N1 N1 N1 N2 N1 N2 N2 N2 N2 N2 N2 N2 N2 N1 N1 N1 N1 N2 N2 N2 N2 N2 N2 N2 N2 N3 N2 N2 N2 N2 N2 N3 N2 N3 N3 N3 N3 N2 N3 N3 N3 N3 N3 N3 N3 N3 N3 N3 N3 N3 N3 N3 N3 N3 N3 N3 N3 N3 N3 N3 N3 N3 N3 N3 N3 N3 N3 N3 N3 N3 N3 N3 N3 N3 N3 N3 N3 N3 N3 N3 N3 N3 N3 N3 N3 N3 N3 N3 N3 N3 N3 N3 N3 N3 N3 N3 N3 N3 N3 N3 N3 N3 N3 N1 N2 N2 N2 N2 N2 N2 N2 N3 N3 N3 N3 N3 N3 N2 N2 N3 N3 REM REM REM REM REM REM REM REM REM REM REM REM REM REM REM REM REM REM REM REM REM REM REM N1 N1 W N1 N1 N2 N2 N2 N2 N2 N2 N2 N2 N2 N2 N2 N2 N2 N2 N2 N2 N2 N2 N2 N2 N2 N3 N3 N3 N3 N3 N3 N2 N2 N3 N3 N3 N3 N3 N3 N3 N2 N3 N3 N3 N2 N2 N2 N3 N3 N3 N3 N3 N3 N2 N3 N3 N3 N3 N2 N2 N3 N3 N3 N3 N3 N3 N3 N3 N3 N3 N3 N3 N3 N3 N3 N3 N3 N3 N3 N3 N3 N3 N3 N3 N3 N3 N3 N3 N3 N3 N3 N3 N3 N3 N3 W W W W W W W W W W N1 N1 N2 N2 N2 N2 N1 N2 N2 N2 N2 N2 N2 N2 N2 N2 N2 N2 N2 N2 N2 N2 N2 N2 N2 N2 N2 N2 N2 N2 N2 N2 N2 N3 N2 N2 N2 N2 N2 N2 N2 N2 N2 N2 N2 N2 N3 N2 N2 N2 N3 N3 N3 N2 N3 N3 N2 N2 N3 N2 N3 N3 N3 N3 W N2 N2 N3 N3 N3 N2 N2 N2 N2 N2 N2 N2 N2 N2 N2 N2 N2 N2 N2 N2 N2 N2 N3 N2 N2 N2 N2 N3 N3 N2 N2 N2 N3 N3 N2 N2 N2 N2 W W N2 N2 N2 W W W N1 N1 N2 N2 N2 N2 N2 N1 N2 N2 N2 N2 N2 REM REM REM REM REM REM REM REM REM REM REM REM REM REM N1 REM REM N1 REM REM REM REM REM REM REM REM REM N1 W W N1 N2 N2 N2 REM REM N1 REM REM REM REM REM REM REM REM N1 N1 N1 N1 N1 W W N1 N1 N2 N2 N2 N1 N2 N1 N2 N2 N2 N2 N2 N2 N2 N1 W N1 N1 N2 N2 N2 N2 N2 N2 N2 N2 N2 N2 N1 N2 N2 N2 W W W W N1 N2 N2 N2 N2 N2 N2 N2 N2 N2 N2 N2 N2 N2 N2 N2 N2 N2 N2 N2 N2 N2 N2 N2 N2 N2 N2 N2 N2 N2 N2 N2 N2 N2 N2 N2 N2 N3 N2 W W W W N1 N1 W N1 N1 N1 N2 N2 N2 N2 N2 N2 N1 N1 N2 N2 N2 N2 N2 N2 N2 N2 N1 N2 N2 N2 N2 N2 N2 N2 N2 N2 N2 N2 N2 N3 N2 N2 N2 N3 N3 N3 N2 N3 N3 N3 N3 N3 N3 N3 N3 N3 N3 N3 N3 N3 N3 N3 N3 N3 N3 N3 N3 N3 N3 N3 N3 N3 N3 N3 N3 N3 N3 N3 N3 N3 N3 N3 N3 N3 N3 N3 N3 N3 N3 N3 N3 N3 N3 N3 N3 N3 N3 N3 N3 N3 N3 N3 N3 N3 N3 N2 N2 N3 N3 N2 N3 W W N1 W N1 N2 N2 N2 N2 N2 N2 REM REM REM REM REM REM REM REM REM REM REM REM REM REM REM REM REM REM REM REM REM REM REM REM REM REM REM REM REM REM REM REM REM REM REM REM REM REM REM N2 N2 N2 N2 REM N2 N2 N2 N2 N2 N2 N2 N2 N2 N2 N2 N2 N2 N2 N2 N2 N2 N2 N2 N2 N2 N2 REM REM N2 N2 N2 N2 N2 N2 N2 N2 N2 N2 W W W W N1 N1 N2 N2 N2 N2 N2 N2 N2 N2 N2 N2 N2 N2 N2 N2 N2 N2 N2 N2 N2 N2 N2 N2 N2 N2 N2 N2 N2 N2 N2 N2 N2 N2 N2 N2 N2 N2 N2 N2 N2 N2 N2 N2 N2 N2 N2 N2 N2 N2 N2 N2 N2 N2 N2 N2 N2 N2 N2 N2 N2 N2 W W W W W W W W W W W N1 W W W W W W N1 W N1 N1 W N1 W N1 N1 N1 N1 N1 W W W W W W W W W W W W W W W W W W W W W W W W W W W W W W W W W W W W W W W W W W W W W W W W W W W W W W W W W W W W,processed_sleepedf/spectral/SC4412E0-PSG_spectral.pt
processed_sleepedf/tensors/SC4421E0-PSG.pt,W W W W W W W W W W W W W W W W W W W W W W W W W W W W W W W W W W W W W W W W W W W W W W W W W W W W W W W W W W W W N1 N1 W N1 N1 N1 N1 N1 N2 N2 N2 N2 N2 N2 N2 N2 N2 N2 N2 N2 N2 N2 N2 N2 N2 N2 N2 N2 N2 N3 N2 N2 N2 N3 N2 N2 N3 N3 N3 N3 N3 N3 N3 N3 N3 N3 N3 N3 N3 N3 N3 N3 N3 N3 N3 N3 N3 N3 N3 N3 N3 N3 N3 N3 N1 N1 N2 N2 N2 N2 N2 N2 N2 N2 N2 N3 N3 N3 N3 N3 N3 N3 N3 N3 N3 N3 N3 N3 N3 N3 N3 N3 N3 N3 N3 N3 N3 N3 N3 N3 N3 N3 N3 N3 N3 N3 N3 N3 N3 N3 N2 N1 N2 N1 N2 N2 N2 N1 N2 N2 N2 N1 N2 N2 N1 N2 N2 N2 N2 N2 N2 N2 N2 N2 N2 N2 N2 N2 N2 N2 N2 N2 N2 N3 N2 N2 N2 REM REM REM REM REM REM REM REM REM REM REM REM REM REM REM REM REM REM REM REM REM REM REM REM REM REM REM REM REM REM REM REM N2 N2 N2 N2 N2 N2 N2 N2 N2 N2 N2 N2 N2 N2 N2 N2 N2 N2 N2 N2 N2 N2 N2 N2 N2 N3 N2 N2 N3 N3 N3 N3 N3 N3 N3 N3 N3 N3 N3 N3 N3 N3 N3 N3 N3 N3 N3 N3 N3 N3 N3 N3 N3 N3 N3 N3 N3 N3 N3 N3 N3 N3 N3 N3 N3 N3 N3 N3 N3 N3 N3 N3 N3 N3 N3 N3 N2 N2 N2 N2 N1 N2 N1 N2 N1 N2 N2 N2 N2 N2 N2 N2 N2 N2 N2 N2 N2 N2 N2 N2 N2 N2 N2 N2 N2 N2 N2 N2 N2 N2 N2 N2 N2 N2 N1 N2 N2 N2 N2 N2 N2 N2 N2 N3 N3 N2 N3 N2 N2 REM REM REM REM REM REM REM REM REM REM REM REM REM REM REM REM REM REM REM N1 REM REM REM REM REM REM REM REM REM REM REM REM REM REM REM REM REM REM REM REM REM REM REM REM REM REM REM REM REM REM REM REM REM REM REM REM REM REM REM REM REM REM REM REM REM REM REM REM N2 N2 N2 N2 N1 N1 N1 W W W N1 N1 N2 N2 N2 N2 N2 N2 N2 N2 N2 N2 N2 N2 N2 N2 N2 N2 N2 N2 N2 N2 N2 N2 N2 N2 N3 N2 N3 N2 N2 N2 N3 N2 N2 N2 N3 N2 N2 N3 N3 N3 N3 N3 N3 N3 N2 N2 N3 N2 N3 N3 N2 N2 N3 N2 N2 N2 N2 N2 N3 N2 N3 N3 N3 N2 N2 N2 N2 N2 N2 N2 N3 N3 N3 N3 N3 N3 N3 N3 N3 N3 N3 N3 N3 N3 N3 N3 N3 N3 N3 N3 N3 N3 N3 N3 N3 N3 N2 N1 N1 N2 N2 N1 N2 N2 N2 N2 REM REM REM REM REM REM REM REM REM REM REM REM REM REM REM REM REM REM REM REM REM REM REM REM REM REM REM REM REM REM REM REM REM REM REM REM REM REM REM REM REM REM REM REM REM REM REM REM REM REM REM REM REM REM REM REM REM REM REM N2 N2 N2 N2 N2 N2 N2 N2 N2 N2 N2 W W W W W W W W W W W W N1 N1 W N1 N1 N2 N2 N2 N2 N2 N2 N2 N2 N2 N2 N2 N2 N2 N2 N2 N2 N2 N2 N2 N2 N2 N2 N2 N2 N2 N2 N2 N2 N2 N2 N2 N2 N2 N2 N2 N2 N2 N2 N2 N2 N2 N2 N2 N2 N2 N2 N2 N2 N2 N2 N2 N2 N1 N2 N2 N2 N2 N2 N2 N2 N2 N2 N2 N2 N2 N2 N2 N2 W W W W W W W W W W N1 N2 N2 N2 N2 N1 W W W W W W W W W W W W W W W W W W W W W W W W W W W W W W W W W W W W W W W W W W W W W W W W W W W W W W W W W W W W,processed_sleepedf/spectral/SC4421E0-PSG_spectral.pt
processed_sleepedf/tensors/SC4422E0-PSG.pt,W W W W W W W W W W W W W W W W W W W W W W W W W W W W W W W W W W W W W W W W W W W W W W W W W W W W W W W W W W W W N1 W W N1 N1 W W N1 W N1 N1 N1 N1 N1 N1 N1 N1 N1 N1 N1 N1 N1 N1 N1 W N1 N1 N1 N1 N1 N1 N1 W N1 N1 N1 N1 N2 N2 N2 N2 N2 N2 N2 N2 N1 N2 N2 N2 N2 N2 N2 N2 N2 N2 N2 N2 N2 N2 N2 N2 N2 N2 N2 N3 N2 N2 N3 N2 N2 N2 N2 N2 N2 N2 N2 N3 N2 N3 N3 N2 N3 N3 N3 N3 N3 N3 N2 N2 N3 N3 N3 N3 N3 N3 N3 N3 N3 N3 N3 N3 N3 N3 N3 N3 N3 N3 N3 N3 N3 N3 N1 N1 N1 N1 N1 N1 N1 N1 N2 N2 N2 N2 N2 N2 N2 N2 N2 N2 N2 N2 N2 N2 N2 N2 N2 N2 N3 N3 N3 N3 N3 N3 N2 N3 N3 N3 N3 N3 N3 N3 N3 N3 N3 N3 N3 N3 N3 N3 N3 N3 N3 N3 N3 N3 N3 N2 N3 N3 N3 N3 N3 N3 N3 N3 W N1 N1 N1 N1 N2 N2 N2 N2 N2 N2 N2 N2 N2 N2 N2 N2 N2 N2 N2 REM REM REM REM REM REM REM REM REM REM REM REM REM REM REM REM REM REM REM REM REM REM REM REM REM REM REM REM REM REM REM REM REM REM REM REM REM REM REM REM REM REM REM REM REM REM N2 N2 N2 N2 N2 N2 N2 N2 N2 N2 N2 N2 N2 N2 N2 N2 N2 N2 N2 N2 N2 N1 N2 N2 N1 N1 W N1 N1 N1 N1 N2 N2 N2 N2 N2 N2 N2 N2 N2 N2 N2 N2 N2 N2 N2 N2 N2 N2 N2 N2 N2 N2 N2 N2 N2 N2 N3 N3 N2 N2 N3 N3 N2 N3 N3 N3 N3 N3 N3 N3 N3 N3 N3 N3 N3 N3 N1 N2 N3 N3 N3 N3 N3 N3 N3 N3 N3 N3 N3 N3 N2 N1 N1 N1 N1 N1 N1 N1 N1 N2 N2 N2 N2 N2 N2 N2 N2 N2 N2 N2 N2 N2 N2 N2 N2 N2 N2 N2 N2 N2 N2 N2 N2 N1 N2 N2 N2 N2 N2 N2 N2 N2 N2 N2 N2 N2 N2 N2 N3 N2 N2 N2 N2 N2 N2 N2 N2 N2 N2 N1 N2 N1 N1 N1 N2 N2 N2 N2 N2 N2 N2 N2 N2 N2 N2 N2 N2 N2 N2 N2 N2 N2 N2 N2 N2 N2 N3 N3 N3 N3 N3 N3 N2 N2 N3 N3 N3 N3 N3 N3 N3 N3 N3 N3 N3 N3 N3 N3 N3 N3 N3 N2 N3 N3 N2 REM REM REM W W N1 W N2 N2 N2 N1 N1 REM REM REM REM REM REM REM REM REM REM REM REM REM REM REM REM REM REM REM REM REM REM REM REM REM REM REM REM REM REM REM REM REM REM REM REM REM REM REM N1 N1 N1 N1 W W W N1 N1 N1 N1 N1 N1 N1 N1 N1 N1 N1 N1 N1 N1 N1 N2 N2 N2 N2 N2 N2 N2 N2 N2 N2 N2 N2 N2 N2 N2 N2 N2 N2 N2 N2 N2 N2 N2 N2 N2 N2 N2 N2 N2 N2 N2 N2 N2 N2 N2 N2 N2 N2 N1 N2 N2 N2 N2 N2 N2 N2 N2 N2 N2 N2 N2 N2 N2 N2 N2 N2 N2 N2 N2 N2 N2 N2 N2 N2 N2 N2 N2 W W W W W W W W W W N1 N1 N1 N1 N1 N1 N1 N1 N1 N1 N1 N1 N1 N1 N1 N1 N1 N2 N1 N1 N2 N2 W N1 N1 N1 N1 N1 W W W W W W W W W W W W W W W W W W W W W W W W W W W W W W W W W W W W W W W W W W W W W W W W W W W W W W W N1 N1 N1 W N1 N1 N1 N1 N1 N1 N1 N1 N1 N1 W N1 N1 N1 N1 N1 N1 W N1 W N1 N1 N1 N1 N1 N1 N1 W N1 N1 N1 N2 N1 N2 N2 N2 N2 N2 W N1 N1 N1 N1 N1 N2 N2 W N1 W W W W W W N1 N1 N1 N2 N2 N2 N1 W N1 N1 N2 N2 N2 N2 N2 N2 N2 N2 N1 N2 N2 N2 N1 N1 N1 N1 W W W W W W W W W W W W W W W W W W W W W W W W W W W W W W W W W W W W W W W W W W W W W W W W W W W W W W W W W W W W,processed_sleepedf/spectral/SC4422E0-PSG_spectral.pt
processed_sleepedf/tensors/SC4431E0-PSG.pt,W W W W W W W W W W W W W W W W W W W W W W W W W W W W W W W W W W W W W W W W W W W W W W W W W W W W W W W W W W W W N1 N1 N1 N1 N1 N1 N1 N1 N1 N1 N1 N1 N1 N2 N2 N2 N2 N2 N2 N2 N2 N2 N2 N2 N2 N2 N2 N2 N2 N2 N2 N2 N2 N2 N2 N2 N2 N2 N3 N3 N2 N2 N3 N3 N2 N2 N2 N2 N2 N2 N2 N2 N3 N2 N3 N2 N2 N2 N3 N2 N2 N3 N3 N3 N2 N2 N3 N3 N3 N3 N3 N3 N2 N3 N3 N3 N3 N3 N3 N3 N3 N3 N3 N3 N3 N3 N3 N3 N3 N3 N2 N3 N3 N3 N3 N3 N3 N3 N3 N3 N3 N3 N3 N3 N3 N3 N3 N3 N3 N3 N3 N3 N3 N3 N3 N3 N3 N3 N3 N3 N3 N3 N3 N3 N2 N2 N2 N2 N2 N2 N2 N2 N2 N2 N2 N2 N2 N2 N2 N2 N2 N2 N2 N1 N2 N2 N2 N2 N2 N2 N2 N2 N2 N2 N2 N2 N2 N2 N2 REM REM REM REM REM REM REM REM REM REM REM REM REM REM REM REM REM REM REM REM REM REM REM REM REM REM REM REM REM REM REM REM REM REM REM REM REM REM REM REM REM N1 N1 N2 N2 N2 N2 N2 N2 N2 N2 REM REM REM REM REM REM REM REM REM REM REM REM N2 N2 N2 N2 N2 N2 N2 N1 N1 N2 N2 N2 N2 N2 N2 N2 N2 N2 N2 N2 N1 N2 N2 N2 N2 N2 N2 N2 N2 N2 N2 N2 N2 N2 N2 N2 N2 N2 N2 N2 N2 N2 N1 N2 N1 N1 N2 N2 N2 N2 N2 N2 N2 N2 N2 N3 N2 N3 N3 N3 W W W W N1 N1 N1 N1 N1 W N1 N1 N2 N2 N2 N2 N2 N2 N2 N2 N1 N2 N2 N2 N2 N2 N2 N2 N2 N2 N2 N2 N2 N2 N2 N2 N2 N2 N2 N2 N2 N2 N2 N2 N2 N3 N2 W W N1 N1 N2 N2 N2 N2 N2 N2 N2 N2 N2 N2 N2 N2 N2 N2 N2 N2 N2 N1 N2 N2 N2 N2 N2 N2 N2 N2 N2 N2 N2 N2 N2 N2 N2 N2 N2 N3 N2 N3 N3 N2 N2 N2 N2 N2 N2 N2 N2 N2 N2 N2 N2 N2 N2 N3 N3 N3 N2 N2 N2 N2 N2 N2 N2 N2 N2 N2 N3 N2 N2 N2 N2 N2 N2 N2 N2 N3 N3 N3 N3 N2 N2 N2 N2 N2 N1 N1 N2 N2 N2 N2 N2 N2 N2 N2 N2 N2 N2 N2 N2 N2 N1 N1 N2 N1 N2 REM REM REM N1 REM REM REM REM REM REM REM REM REM REM REM N1 N1 N1 N1 N2 N2 N1 REM REM REM REM REM REM REM REM REM REM REM REM REM REM N1 N2 N2 N1 N2 N2 N2 N2 N1 N2 N1 N2 N2 N2 N2 N2 N1 W W N1 N1 N1 N1 N1 N2 N2 N2 N2 N2 N2 N1 N2 N2 N2 N2 N2 N2 N2 N2 N2 N2 N2 N2 N2 N1 N1 N1 N1 N1 N2 N2 N2 N2 N2 N2 N2 N2 N2 N2 N2 N2 N2 N2 N2 N2 N2 N2 N2 N2 N2 N2 N2 N2 N2 N2 N2 N2 N2 N2 N2 N2 N2 N2 N2 N2 N2 N2 N2 N2 W W W W W W W W W W W W W N1 N1 N1 W W W W W W W W W W W W W W W W W W W W W W W W W W W W W W W W W W W W W W W W W W W W W W W W W W W W W W W W W W W W,processed_sleepedf/spectral/SC4431E0-PSG_spectral.pt
processed_sleepedf/tensors/SC4432E0-PSG.pt,W W W W W W W W W W W W W W W W W W W W W W W W W W W W W W W W W W W W W W W W W W W W W W W W W W W W W W W W W W W W N1 N1 N1 N1 N1 N1 N1 N1 N1 N1 N1 N1 N1 N1 N1 N1 N1 N1 N1 N1 N2 N2 N2 N2 N2 N2 N2 N2 N2 N2 N2 N2 N2 N2 N2 N2 N2 N2 N2 N2 N2 N2 N2 N2 N2 N2 N2 N2 N2 N2 N2 N2 N2 N2 N2 N2 N2 N2 N2 N2 N2 N2 N2 N3 N3 N3 N2 N2 N2 N3 N3 N3 N3 N3 N2 N3 N3 N3 N3 N3 N3 N3 N3 N3 N3 N3 N3 N3 N3 N3 N3 N3 N3 N3 N3 N3 N3 N3 N3 N3 N3 N3 N3 N3 N3 N3 N2 N2 N3 N3 N3 N2 N3 N3 N2 N2 N2 N1 N1 N2 N2 N2 N2 N2 N2 N2 N2 N2 N2 N2 N2 N2 REM REM REM REM REM REM REM REM REM REM REM REM REM REM REM REM REM REM REM REM REM REM REM REM REM REM REM REM REM REM REM REM REM REM REM REM REM REM REM REM REM REM REM REM REM REM REM REM REM REM REM REM REM REM REM REM REM REM REM REM REM REM REM REM REM REM REM REM REM REM REM REM REM REM REM REM REM REM REM REM N2 N2 N2 N2 N2 N2 N2 N2 N2 N2 N2 N2 N2 N2 N3 N3 N3 N3 N2 N3 N3 N3 N3 N3 N3 N3 N3 N3 N3 N3 N3 N3 N3 N3 N3 N3 N3 N3 N3 N2 W W W W N1 N1 N2 N2 N2 N2 N2 N2 N2 N2 N2 N2 N2 N2 N2 N2 N2 N2 N2 N2 N2 N3 N3 W W N1 N1 N2 N2 N2 N2 N2 N2 N2 N2 N2 N2 N2 N2 N2 N2 N2 N2 N2 N3 N3 N3 N3 N3 N3 N3 N3 N3 N3 N3 N3 N3 N3 N3 N3 N3 N3 N2 N3 N3 N3 N2 N2 N2 N2 N3 N3 N2 N2 N2 N2 N2 N2 N2 N2 N2 N2 N2 N2 N3 N3 N3 N3 N3 N3 N3 N3 N3 N3 N3 N3 N3 N3 N3 N3 N3 N3 N2 N1 N1 N1 N2 N2 N1 N1 N2 N2 N2 N2 N2 N2 N2 N2 N2 N2 N2 N2 N2 N2 N2 N2 N2 N2 N2 N2 N3 N2 N3 N2 N2 N2 N2 N2 N3 N2 N2 N2 N1 N2 N2 N2 N2 N2 N2 N2 N2 N2 N2 N2 N3 N3 N3 N3 N3 N3 N2 N3 N2 N3 N3 N3 N2 N3 N3 N3 N3 N3 N3 N3 N3 N3 N3 N3 N3 N3 N3 N3 N3 N3 N3 N3 N3 N2 N2 N2 N2 N2 N2 N2 N2 N2 N2 N2 N2 N2 REM REM REM REM REM REM REM REM REM REM REM REM REM REM REM REM REM REM REM REM REM REM REM REM REM REM REM REM REM REM REM REM REM REM REM REM REM REM REM REM REM REM REM REM REM REM REM REM REM REM REM REM REM REM REM REM REM REM N2 N2 N2 N2 N2 N2 N2 N2 N2 N2 N2 N2 N2 N2 N2 N2 N2 N2 N2 N2 N2 N2 N2 N2 N2 N2 N2 N2 N2 N2 N2 N2 N2 N2 N2 N2 N2 N2 N2 N2 N2 N2 N2 N2 N2 N2 N2 N2 N2 N2 N2 N2 N2 N2 N2 N2 N2 N2 N2 N2 N2 N2 N2 W W W W W W W W W W W W W W W W W W W W W W N1 N1 N2 N2 N2 N2 N2 N2 N2 N2 N2 N2 N2 N2 N2 N2 N2 N2 N2 N2 N2 N2 N2 N2 N2 N2 N2 N2 N2 N2 N2 N2 N2 N2 N2 N2 N2 N2 N2 N2 N2 N2 W W N1 N2 N2 N2 N2 N2 N2 N2 N2 N2 N2 N2 N2 N2 N2 N2 N2 N2 N2 N2 N2 N2 N2 N2 N2 N2 N2 N2 N2 N2 N2 N2 N2 N1 N2 N2 N2 N2 N2 N1 N2 N2 N2 N2 N2 N2 N2 N2 N2 N2 N2 N2 N2 N2 N2 N2 N2 N2 N2 N2 N2 N2 N2 N2 N2 N2 REM REM REM REM REM REM REM REM REM REM REM REM REM REM REM REM REM REM REM REM REM REM REM REM REM REM REM REM REM REM REM REM REM REM REM REM REM REM REM REM REM REM REM REM REM REM REM REM REM REM REM REM REM REM REM REM REM REM REM N1 N1 N1 N2 N2 N2 N2 N2 N2 N2 N2 N2 N2 N2 N2 N2 N2 N2 N2 N2 N2 N2 N2 N2 N2 N2 N2 N2 N2 N2 N2 N2 N2 N2 N2 N2 N2 N2 N2 N2 N2 N2 N2 N2 N2 N2 N2 N2 N2 N2 N2 N2 N2 N2 N2 N2 N2 N2 N2 N2 N1 N2 N2 N2 N2 N2 N2 N2 N2 N2 N2 N2 N2 N2 W W W W W W W W W W W W W W W W W W W W W W W W W W W W W W W W W W W W W W W W W W W W W W W W W W W W W W W W W W W W,processed_sleepedf/spectral/SC4432E0-PSG_spectral.pt
processed_sleepedf/tensors/SC4441E0-PSG.pt,W W W W W W W W W W W W W W W W W W W W W W W W W W W W W W W W W W W W W W W W W W W W W W W W W W W W W W W W W W W W N1 N1 N1 W W W N1 W W N1 N1 N1 N1 N1 N1 N1 N1 N1 N1 N1 N1 N1 N1 N1 W W W W W W W W W W W W W W W W W W W W W W W W W W W W W W W W W W W W W W W W W W W W W W N1 N1 N1 N1 N1 N1 W W W N1 N1 N1 N1 N1 N2 N2 N2 N2 N2 N2 N2 N2 N2 N2 N2 N2 N2 N2 N2 N2 N2 N2 N2 N2 N2 N2 N2 N3 N2 N3 N3 N2 N3 N2 N3 N3 W W W W W W W W W W W W W N1 N1 N1 N1 N1 N2 N2 N2 N2 N2 N2 N2 N2 N2 N2 N2 N2 N2 N2 N2 N2 N2 N2 N3 N3 N3 N3 N2 N2 N2 N3 N3 N3 N3 N3 N3 N3 N3 N3 N3 N3 N3 N3 N3 W W W W W N1 N1 N1 N1 N1 N1 N1 N1 N1 N1 N2 N2 N2 N2 N2 N2 N2 N2 N2 N2 N2 N2 N2 N2 N2 N2 N2 N2 N2 N2 N2 N2 N2 N2 N2 W W W W W N1 N1 N1 N2 N2 N2 N2 N2 N2 N2 N2 N2 N2 N2 N2 N2 N2 N2 N2 N2 N2 N2 N2 N2 N2 N2 N2 N2 N2 N2 N2 N2 N2 N2 N2 N2 N2 N2 N2 N2 N2 N2 N2 N2 N2 N2 N2 N2 N2 N2 N2 N2 N2 N2 N2 N2 N2 N2 N2 N2 N2 N2 N2 N2 N2 N2 N2 N2 N2 N2 N2 N2 N2 N2 N2 N3 N3 N3 N3 N3 N3 N3 N3 N3 N3 N3 N3 N3 N3 N3 N3 N3 N3 N3 N3 N3 N3 N3 N3 N3 N3 N3 N3 N3 N3 N3 W N2 N2 N2 N2 N2 N2 N2 N2 N2 N2 N2 N2 N2 N2 N2 N2 N2 N2 N2 N2 N2 N2 N2 N2 N2 N2 N2 N2 N2 N2 N2 N2 N2 N2 N2 N2 N2 N2 N2 N2 N2 N2 N3 N3 W N1 N1 N1 N1 N1 N1 N1 N1 N2 N2 N2 N2 N2 N2 N2 N2 N2 N2 N2 N2 N2 N2 N2 N2 N2 N2 N2 N2 N2 N1 N2 N2 N2 N1 W W W W W W W W W W W W W W W W W W W W W W W W W W W W W W W W W W W W W W W W W W W W W W W W W W W W W W W W W W W W W W W W W W W W W W W W W W W W W W W W W W W W W W W W W W W W W W W W W W W W W W W W W W W W W W W W W W W W N1 N1 W N1 N1 W W W W W N1 N1 N1 N1 W W W W W N1 N1 N1 N1 N1 W W N1 N1 N1 N1 N1 N1 N1 N1 N1 N2 N2 N2 N2 N2 N2 N2 N2 W W W W W W W W W W W W N1 N1 N1 N1 N1 N1 N1 N1 N1 N1 N1 N1 N1 N1 N1 N1 W W W N1 W N1 N1 N1 N1 N1 N1 N1 W W W N1 N1 W W W W W W W W W N1 N1 N2 N2 N2 N2 N2 N1 N2 N2 N2 N2 N2 N2 N2 N2 N2 REM REM REM REM REM REM REM REM REM REM REM REM REM REM REM REM REM REM REM REM REM REM REM REM REM REM REM REM REM REM REM REM REM REM REM REM REM REM REM REM REM N2 N2 N2 N2 N2 N2 N2 N2 N2 N2 N2 N2 N2 N2 N2 N2 N2 N2 N2 N2 N2 N2 N2 N2 N2 W W N1 N1 W W W W W W W W W W W W W W W W N1 N1 N1 N1 N1 N1 N1 N1 N1 N1 N1 N1 N1 N1 N1 N1 N2 N2 N2 N2 N2 N2 N2 N2 N2 N2 N2 N2 N2 N2 N2 N3 N3 N3 N3 N3 N2 N2 N3 N3 N3 N3 N3 N3 N3 N3 N2 N2 N3 N3 N2 N2 N2 N2 N2 N2 N3 N3 N2 N2 N2 N2 N2 N2 N2 N2 N2 N2 N2 N2 N2 N2 N1 N2 N1 N2 N2 N2 N3 N2 N2 N2 N2 N2 N2 N2 N2 N2 N2 N2 N2 N2 N2 N2 N2 N2 N2 N2 N2 N2 N2 N2 N2 N2 N2 N2 N2 N2 W W W W W W W W W W W W W W W W W W W W W N1 N1 N1 N1 N1 N1 N1 N1 N1 N1 N1 N1 N1 N1 N1 N1 N1 N1 N1 N1 N1 N1 N1 N1 N1 N1 N1 N1 N2 N2 N2 REM REM REM REM REM REM REM REM REM REM REM REM REM REM REM REM REM REM REM REM REM REM REM REM REM REM REM REM REM REM REM REM REM REM REM REM REM REM REM REM REM REM REM REM REM REM REM REM REM REM REM REM REM REM REM REM REM REM REM N2 N2 N2 N2 N2 N2 N2 N2 N2 N2 N2 N2 N2 N2 N2 W W N1 N1 N1 N1 N1 N1 N1 N1 N1 N2 N2 N2 N2 N2 W W W W W W W W N1 N1 W W W W N1 N1 N1 N1 N1 N1 N1 N1 N1 N1 N1 N2 N2 N2 N2 N2 N2 N2 N2 N2 N2 N2 N2 N2 N2 N2 N2 N2 N2 N2 N3 N3 N2 N2 N2 N2 N2 N2 N2 N2 N2 N2 N2 N2 N3 N3 N3 N3 N2 N2 N2 N2 N2 N2 N2 N2 N2 N2 N3 N2 N2 N2 N2 N3 N2 N2 N2 N3 N3 N3 N3 N3 N3 N3 N3 N2 W N1 N1 N1 N2 N2 N2 N2 W W W W W W N1 W W W W W W W W W W W W W W W W W W W W W W W W W W W W W W W W W W W W W W W W W W W W W W W W W W W W W W W W W W W W,processed_sleepedf/spectral/SC4441E0-PSG_spectral.pt
processed_sleepedf/tensors/SC4442E0-PSG.pt,W W W W W W W W W W W W W W W W W W W W W W W W W W W W W W W W W W W W W W W W W W W W W W W W W W W W W W W W W W W W N1 N1 N1 N1 N1 N2 N2 N2 N2 N2 N2 N2 W N2 N2 N2 N2 N2 N2 N2 N2 N2 N2 N2 N2 N2 N2 N2 N2 N2 N2 N2 N2 N3 N3 N2 N2 N2 N3 N2 N2 N3 N3 N3 N3 N3 N3 N2 N3 N3 N3 N3 N3 W N1 N2 N2 N2 N2 N2 N2 N3 N1 N1 N1 W W N1 N1 N1 N2 N2 N2 N2 N2 N2 N2 N2 N2 N2 N2 N3 N2 N2 N2 N2 N3 N3 N2 N2 N3 N2 N3 N3 N3 N3 N3 N3 N3 N3 N3 N3 N3 N3 N3 N3 N3 N3 N3 N3 N3 N2 N3 N2 N3 N3 N2 N3 N3 N3 N3 N3 N3 N3 W W W N1 W N1 N1 N2 N2 N2 N2 N2 N2 N2 N2 N2 N2 N2 N3 N3 N3 N3 N3 N3 N2 N2 N2 N2 N2 N2 N2 W W W N1 N1 N1 N2 N2 N2 N2 N2 N2 N2 N2 N2 N2 N2 N2 N2 N2 N2 N2 N2 N2 N2 N2 N2 N2 N2 N2 N2 N2 N2 N2 N2 N2 N2 N2 N2 N2 N2 N2 N2 N2 N2 N2 N2 N2 N2 N2 N2 N2 N2 N2 W N1 N2 N2 N2 N2 N2 N2 N2 N2 N2 N2 N2 N2 N2 N2 N2 N2 N2 N2 N2 N3 N3 N3 N2 N3 N3 N3 N3 N3 N3 N3 N3 N3 N3 N3 N3 N3 N3 N3 N3 N2 N2 N3 N2 N2 N3 N3 N3 N2 W W W W W W W W W W W W W W W W W W N1 N1 N1 N2 N2 N2 N2 N2 N2 N2 N2 N2 N2 N2 N2 N2 N2 N2 N2 N2 N2 N2 N2 N2 N2 N2 N2 N2 N2 N2 N2 N2 N2 N2 N2 N2 N2 N2 N2 N2 N2 N2 N2 N2 N2 N2 N2 N2 N2 N2 W N1 N2 N2 N2 N2 W W W W W W W W W W N2 N2 N2 N2 N2 N2 N2 N2 N2 N2 N2 N2 N2 N1 N2 N2 N2 N2 N2 N2 N2 N2 N2 N2 N2 N2 N2 N2 N2 N2 N2 N2 N2 N3 N2 N2 N3 N3 N2 N2 N2 N2 N2 N2 N3 N3 N3 N3 N3 N3 N3 N3 N3 N2 N3 N3 N3 W W W W W W N1 N1 N1 W W W W W W W W W W W W W N1 N1 N1 N2 N2 N2 N1 N1 W W N1 N1 N1 N1 N1 W N1 N2 N2 N2 N2 N2 N2 N2 N2 N2 N2 N2 REM REM REM REM REM REM REM REM REM REM REM REM REM REM REM REM REM REM REM REM REM REM REM REM REM REM REM REM REM REM REM REM REM REM REM REM REM REM REM REM REM REM REM REM REM REM REM REM REM REM REM REM REM N1 N2 N2 N2 N2 N2 N2 N2 N2 N2 N2 N2 N2 N2 N2 N2 N2 N2 N2 N2 N2 N2 N2 N2 W N1 W W W W W W W W W W W W W W W W W W W W N1 N1 N1 N1 W W N1 N1 N1 N1 N1 N2 N2 N2 W N1 N1 N2 N2 N2 N2 N2 N2 N2 N2 N2 N2 N2 N2 N2 N2 N2 N2 N2 N2 N2 N2 N2 N2 N2 N2 N2 N2 N2 N2 N2 N2 N2 N2 N2 N2 N2 N2 N2 N2 N2 N2 N2 N2 N2 N2 N2 N2 N2 N2 N2 N2 N2 N2 N2 N2 N2 N2 N2 N2 N2 N2 N2 N2 N2 N2 N2 N2 W W W W W W W W N1 N1 N1 N2 N2 N2 N2 N2 N2 N2 N2 N2 N2 N2 N2 N2 N2 N2 N2 N2 N2 N2 N2 REM REM REM REM REM REM REM REM REM REM REM REM REM REM REM REM REM REM REM REM REM REM REM REM REM REM REM REM REM REM REM REM REM REM REM REM REM REM REM REM REM REM N2 N2 N2 N2 N2 N2 N2 N2 N2 N2 N2 N2 N2 N2 N2 N2 N2 N2 N2 N2 N2 N2 N2 N2 N2 N2 N2 N2 N2 N2 N2 N2 N2 N2 N2 W W N2 N2 N2 N2 N2 N2 N2 N2 N2 N2 N2 N2 W W N1 W W W W N1 N1 N2 N2 N2 N2 N2 W W W W N1 N2 N2 N1 N2 N2 N2 N2 N2 N2 N2 N2 N2 N2 W W N1 W N1 N1 W W N1 W N1 N1 N1 N1 N1 W W W W W W W W W W W W W W W W W W W W W W W W W W W W W W W W W W W W W W W W W W W N1 N1 N2 N2 N2 N2 N2 N2 N2 N2 N2 N2 N2 N2 N2 N2 N2 N2 N2 N2 N2 N2 N2 N2 N2 N2 N2 N2 N2 N2 N2 N2 N2 N2 N2 N2 N2 N2 N2 N2 N2 N2 W N1 N2 N2 N2 N2 N2 N2 N2 N2 N2 N2 N2 N2 N2 N2 N2 N2 N2 N2 N2 N2 N2 N2 N2 N2 N2 N2 N2 N2 N2 N2 N2 N2 N2 N2 N2 N2 N2 N2 W W N1 N1 N1 N1 N1 N1 N1 N1 N1 N2 N2 N2 N2 N2 N2 N2 N2 N2 N2 N2 N2 N2 N2 N2 N2 N2 N2 N2 REM W W N1 W N1 N1 N1 N1 N1 N1 N1 N1 N1 N1 N1 W W W W W W W W W W W W W W W W W W W W W W W W W W W W W W W W W W W W W W W W W W W W W W W W W W W W W W W W W W W W,processed_sleepedf/spectral/SC4442E0-PSG_spectral.pt
processed_sleepedf/tensors/SC4451F0-PSG.pt,W W W W W W W W W W W W W W W W W W W W W W W W W W W W W W W W W W W W W W W W W W W W W W W W W W W W W W W W W W W W N1 W W W W W W W W N1 N1 N1 N1 W N1 N1 N1 N1 N1 N1 W W W W W N1 N1 N1 N1 N1 N1 N1 N1 N1 N1 N1 N1 N1 N1 N1 N1 N1 N1 N1 N1 N1 W N1 W W W W W N1 N1 N1 W W N1 N1 N1 N1 N1 N1 N1 N1 N1 N1 N1 W N1 W N1 N1 N1 N1 N1 N1 N1 N1 N1 N1 N1 N1 N1 N1 N1 N1 N1 N1 N1 N1 N1 N1 N1 N1 N1 N1 N1 N1 N1 N1 N1 N1 N1 N2 N2 W W N1 W W N1 W W N1 W N1 N1 W W W N1 N1 N1 N1 N1 N1 N1 N1 N1 N1 N1 N1 N2 N2 N2 N2 N2 N2 N2 N2 N2 N2 N2 N2 N2 N1 N2 N2 N2 N2 N2 N2 N2 N3 N3 N3 N3 N3 N3 N3 N3 N3 N3 N3 N3 N3 N3 N3 N3 N3 N3 N3 N3 N3 N3 N3 N3 N3 N3 N2 N3 N3 N3 N3 N3 N3 N3 N3 N3 N3 N3 N3 N3 N3 N3 N3 N3 N3 N3 N3 N3 N3 N2 N2 N2 N3 N3 N2 N3 N3 N3 N3 N3 N2 N2 N3 N3 N3 N3 N3 N3 N3 N3 N3 N3 N3 N3 N3 N3 N3 N3 N3 N3 N3 N3 N3 N3 N3 N3 N3 N3 N1 N1 W W N1 N1 N2 N2 N2 N2 N2 N2 N2 N2 N2 N2 N2 N2 N2 N2 N3 N3 N3 N3 N3 N3 N3 N3 N3 N3 N3 N3 N3 N3 N3 N3 N3 N3 N3 N3 N3 N3 N3 N3 N3 N3 N3 N3 N3 N3 N3 N3 N3 N3 N3 N3 N3 N3 N3 N3 N3 N3 N3 N3 N3 N3 N3 N3 N3 N3 N3 N3 N3 N3 N3 N3 N3 N3 N3 N3 N3 N3 N3 N3 N3 N3 N3 N3 N3 N3 N3 N3 N3 N3 N3 N3 N3 N3 N3 N3 N3 N3 N3 N3 N3 N3 N3 N3 N3 REM REM REM REM REM REM REM REM REM REM REM REM REM REM REM REM W W N1 N1 N1 W N1 N1 N1 N1 N2 REM REM W W W W W W W W W W W W W N1 N1 N1 N1 N2 N2 N2 N2 N2 N2 N2 N2 N2 N2 N2 N2 N2 N2 N2 N2 N2 N2 N2 N2 N2 N2 N2 N2 N2 N2 N2 N2 N2 N2 N2 N2 N2 N2 N2 N2 N2 N2 N2 N2 N2 N2 N2 N2 N2 N2 N2 N2 N3 N3 W N1 N1 N1 N1 W W W W W W N1 N1 N1 N1 N2 N2 N2 N2 N2 N2 N2 N2 N2 N2 N2 N2 N2 N2 N2 N2 N2 N2 N2 N2 N2 N2 N2 N2 N2 N2 N2 N2 N2 N2 N2 N2 N2 N2 N2 N2 N2 N2 N2 N2 N2 N2 N2 N2 N2 N2 N2 N2 N2 W W W N1 N1 N1 N1 N1 N2 N1 N1 N1 N1 N1 N2 N2 N2 N2 N2 N2 N2 N2 N2 N2 N2 N2 N2 N2 N2 N2 N2 N2 N2 N2 N3 N2 N2 N2 N2 N3 N2 N2 N2 N2 N2 N2 N2 N3 N3 N3 N3 N3 N3 N3 N3 N3 N3 N3 N3 N3 N3 N3 N3 N2 N2 N3 N3 N3 N3 N3 N3 N3 N3 N3 N3 N3 N3 N3 N3 N3 N3 N3 N3 N3 N3 N3 N3 N3 N3 N3 N3 N3 W W N1 N2 N2 N2 N2 N2 REM N1 REM REM REM REM REM REM REM REM REM REM REM REM REM REM REM REM REM REM REM REM REM REM REM REM REM REM REM REM REM REM REM REM REM REM REM N1 REM REM REM REM REM REM REM REM REM REM REM REM REM REM REM REM W N1 N1 REM REM REM REM REM REM REM REM REM REM REM REM REM W N1 N1 REM REM REM REM REM REM REM REM REM REM N1 REM REM REM REM REM W N1 W N1 N2 N2 N2 N2 N2 N1 N1 N2 N2 N2 N2 N2 N2 N2 N2 N2 N2 N2 N2 N2 N2 W N1 N2 N2 N2 N2 N2 N2 N2 N2 N2 N2 N2 N2 N2 N2 N2 N1 N1 N2 N2 N2 N2 N2 N2 N2 N2 N2 N2 N3 N2 N3 N3 N3 N3 N3 N3 N3 N2 N3 N3 N3 N3 N3 N3 N3 N3 N3 N3 N3 N3 N3 N3 N3 N3 N3 N3 N3 N3 N3 N3 N3 N3 N3 N3 N3 N3 N3 N3 N3 N3 N3 N3 N3 N3 N3 N3 N3 N3 N3 N3 N3 N3 N3 N3 N3 N3 N3 N3 N3 N3 N3 N3 N3 N3 N3 N3 N3 N3 N3 N3 N3 N3 N3 N3 N3 N3 N3 N3 N3 N3 N3 N3 N3 N3 N3 N3 N3 N3 N3 N3 W N1 N1 N1 N2 N2 N1 N2 N2 N2 N2 REM REM REM REM REM REM REM REM REM REM REM REM REM REM N1 W N1 N1 N2 REM REM REM REM N1 N1 REM REM REM REM N1 REM REM REM REM REM REM REM REM REM REM REM REM REM REM REM REM REM REM REM W W W W W W W W W W W W W W W N1 N1 N1 W W W W W W W W W W W N1 W N1 N1 N1 N1 N1 N1 N1 N1 N1 N1 N1 N1 N1 N1 N2 N1 N1 N2 N2 N2 N2 W W W N1 W N1 N1 W W W W W N1 N1 N1 N1 N1 N1 N2 N2 N2 N2 N2 N2 N2 W W W W N1 N1 N1 N2 N2 N2 N2 N2 N2 N2 N1 N1 W N1 N1 N1 N1 N2 N2 N2 N2 N2 W W W W W W W W W W W W N1 N1 N1 W W W N1 W W W W W W W W W W W N1 N1 N1 N1 N1 N1 N1 N1 N1 N1 N1 N1 W N1 N1 N1 N1 N1 N1 N1 N1 N1 N1 N1 N1 N2 W W W N1 N1 N1 W N1 N1 N1 N1 N1 N1 W W W N1 N1 W W W N1 W W W W W W W W W W W W W W W W W W W W W W W W W W W W W W W W W W W W W W W W W W W W W W W W W W W W W W W W W W W W,processed_sleepedf/spectral/SC4451F0-PSG_spectral.pt
processed_sleepedf/tensors/SC4452F0-PSG.pt,W W W W W W W W W W W W W W W W W W W W W W W W W W W W W W W W W W W W W W W W W W W W W W W W W W W W W W W W W W W W N1 N1 N1 N1 N1 N1 N1 N1 N1 N1 N1 N1 N1 W N1 N1 N1 N1 N1 W W W N1 N1 N1 W W W N1 N1 N1 N1 N1 N1 N1 N1 N1 N2 N2 N2 N2 N1 N1 N1 N1 N2 N2 N1 N2 N2 N2 N2 N2 N2 N2 N2 N2 W W N1 N1 N1 N1 N1 N1 W W W N1 N1 N1 N1 N1 N1 N1 N1 N2 N2 N2 N2 N2 N2 N3 N2 N2 N2 N2 N2 N2 N2 N2 N3 N3 N3 N3 N3 N3 N3 N3 N3 N3 N3 N3 N3 N3 N3 N3 N3 N3 N3 N3 N3 N3 N3 N3 N3 N3 N3 N3 W W N1 N1 N1 N1 N2 N2 N2 N2 N2 N2 N2 N2 N2 N2 N2 N2 N2 N2 N2 N2 N3 N2 N2 N2 N2 N2 N2 N2 N2 N2 N2 N3 N3 N2 N3 N3 N3 N3 N3 N2 N3 N3 N3 N3 N3 N3 N3 N3 N3 N3 N3 N3 N3 N3 N3 N3 N3 N3 N3 N3 N3 N3 N3 N3 N3 N3 N1 N1 N1 N1 N2 N2 N2 N2 N2 N2 N2 N2 N2 N3 N2 N2 N3 N3 N3 N2 N2 REM REM REM REM REM REM REM REM REM REM N1 REM REM REM REM REM REM REM REM REM REM REM REM REM REM REM REM REM REM N1 N1 N1 N1 N1 W N1 N1 N1 N2 N2 N2 N2 N2 N2 N2 N2 N2 N2 N2 N2 N2 N2 N2 N3 N2 N3 N3 N1 N1 N1 N1 N2 N2 N2 N2 N2 N2 N2 N2 N2 N2 N2 N2 N2 N2 N3 N3 N3 N3 N3 N3 N3 N3 N3 N3 N3 N3 N3 N3 N3 N3 N3 N3 N3 N3 N3 N3 N3 N3 N3 N3 N3 N3 N3 N3 N3 N3 N2 N2 N3 N2 N2 N2 N2 N2 N2 N2 N2 N2 N2 N3 N3 N2 N2 N3 N3 N3 N3 N3 N3 N3 N3 N3 N3 N3 N3 N3 N3 N3 N3 N3 N3 N3 N3 N3 N3 N3 N3 N3 N3 N3 N3 N3 N3 N3 N3 N3 N3 N3 N3 N3 N3 N3 N3 N3 N3 N3 N3 N3 N3 N3 N3 N3 N3 N3 N3 N3 N3 N3 N3 N3 N3 N3 N3 N3 N3 N3 N3 N3 N3 N3 N3 N3 N3 N3 N3 N3 N3 N3 N3 N3 N3 N3 N3 N3 N3 N3 N3 N3 N3 N3 N3 N3 N3 N3 N3 N3 N3 N3 N3 N3 N3 N3 N3 N3 N3 N3 N3 W N1 N1 N2 N3 N2 N2 N1 N2 N2 N2 N2 N2 REM REM N1 N1 N1 N1 REM REM N1 N1 N1 N1 REM REM REM REM REM REM REM REM REM REM REM REM REM REM REM REM REM REM REM REM REM REM REM REM W N1 N1 N1 N1 W N1 N1 N1 N2 N2 REM REM REM REM REM REM REM REM REM REM REM REM REM REM REM REM REM REM REM REM REM REM N1 N1 N1 REM REM REM REM W N1 N1 N1 N1 N2 N2 N2 N2 N2 N2 N2 N2 N2 N2 N2 N2 N2 N2 N2 N2 N2 N2 N2 N2 N2 N2 N2 N2 N2 N2 N2 N2 N2 N2 N2 N2 N2 N2 N3 N2 N2 N2 N2 N2 N3 N2 N3 N2 N2 N2 N2 N2 N3 N3 N2 N2 N2 N2 N2 N2 N3 N3 N3 N2 N2 N3 N3 N2 N3 N3 N3 N3 N3 N3 N3 N3 N3 N3 N3 N3 N3 N2 N2 N2 N1 N2 N2 N2 N2 N2 N2 N3 N3 N2 N2 N2 N2 N2 N2 N2 N2 N3 N2 N2 N2 N2 N3 N2 N2 N3 N3 N3 N3 N3 N2 N3 N3 N2 N3 N3 N3 N3 N3 N3 N3 N3 N3 N3 W W W N1 N1 N1 N2 N2 N2 N3 N2 N2 N2 N2 N2 N2 REM REM REM REM REM REM REM REM REM REM REM REM REM REM REM REM REM REM REM REM W N1 N1 N2 N2 N2 N2 N2 N2 N2 REM REM REM REM REM REM REM REM N1 N1 N1 REM REM REM REM REM REM REM REM REM N1 N1 N1 N1 N1 N2 N2 N2 REM REM REM REM REM REM REM REM REM REM REM REM REM REM REM REM REM REM REM REM REM REM REM REM REM REM REM REM REM REM REM REM REM REM REM REM REM REM W REM REM REM REM REM REM REM W N1 REM REM REM REM REM N1 N1 N1 N1 N1 N2 N2 N2 N2 N2 N2 N2 N2 N2 N2 N2 N2 W N1 W N1 N1 N1 N1 N1 N1 N2 N2 N2 N2 N2 N2 N2 N2 N2 N2 N2 N2 N2 N2 N2 N2 N2 N2 N2 N2 N2 N2 N2 N2 N2 N2 N2 N2 N2 N2 N2 N2 N2 N2 N2 N2 N2 N2 N3 N2 N2 N2 N3 N2 N3 N3 N3 N3 N2 N3 N3 N3 N3 N2 W N1 N2 N2 N2 N2 N2 N2 N2 N2 N2 N2 N2 N2 N2 N3 W W W W N1 N1 N1 N2 N2 N2 N2 N2 N2 N2 N2 N2 N2 N2 N2 N2 N2 N2 REM REM N1 N1 N1 REM REM REM REM REM REM REM N1 W N1 N1 W W N1 N1 N1 N1 N2 N2 N2 N2 N2 N2 N2 N2 N2 N2 N2 REM REM REM REM REM REM REM REM REM REM W N1 N1 N1 N1 N1 N1 N1 N1 N1 N2 N1 N1 N1 N2 N2 N2 N2 N2 N2 N2 N2 N2 N2 N2 N2 N2 N2 N2 N2 N2 N3 N2 N2 W N1 N1 N1 N2 N2 N2 N2 N2 N2 N2 N2 N2 N2 N2 N2 N2 N2 N2 N2 N2 N2 N2 N2 N2 W W W W W W W W N1 N1 W W W W W W W W W W W W N1 N1 N1 W W W W W W W W W N1 W W W W N1 W N1 N1 N1 N1 W W W W W W W W W W W W W W W W W W W W W W W W W W W W W W W W W W W W W W W W W W W W W W W W W W W W W W W W W W W W,processed_sleepedf/spectral/SC4452F0-PSG_spectral.pt
processed_sleepedf/tensors/SC4461F0-PSG.pt,W W W W W W W W W W W W W W W W W W W W W W W W W W W W W W W W W W W W W W W W W W W W W W W W W W W W W W W W W W W W N1 N1 N1 N1 N1 N2 N2 N2 N2 N2 N2 N2 N2 N2 N2 N2 N2 N2 N2 N2 N2 N2 N2 N2 N2 N2 N2 N2 N2 N2 N2 N2 N2 N2 N2 N2 N2 N2 N2 N2 N2 N2 N2 N2 N2 N2 N2 N2 N2 N2 N2 N2 N2 N2 N2 N2 N3 N2 N2 N2 N2 N3 N2 N2 N2 N2 N2 N3 N2 N2 N2 N2 N2 N2 N3 N2 N2 N2 N2 N2 N2 N2 N2 N2 N1 N1 N1 N2 N2 N2 N2 N2 N2 N2 N2 N2 N2 N2 N2 N2 N2 N2 N2 N2 N2 N2 N2 N2 N2 N2 N2 N2 N2 N2 N2 N2 N2 N2 N2 N2 N2 N2 N2 N2 N2 REM REM REM REM REM REM REM REM REM REM REM REM REM REM REM REM N1 REM REM N2 N2 N2 N2 N2 N2 N2 N2 N2 N2 N2 N2 N2 N2 N2 N2 N2 N2 N2 N2 N2 N2 N2 N2 N2 N2 N2 N2 N2 N2 N2 N2 N2 N2 N2 N2 N2 N2 N3 N2 N2 N2 N2 N2 N2 N3 N2 N2 N2 N2 N2 N2 N2 N2 N3 N2 N2 W W W W W W W W W N1 N1 N1 N1 N1 N2 N2 N2 N2 N2 N2 N2 N2 N2 N2 N2 N2 N2 N2 N2 N2 N2 N2 N2 N2 N2 N2 N2 N2 N2 N2 N2 N2 N2 N2 N2 N2 N2 N2 N2 N2 N2 N2 N2 N2 N2 N2 N2 N2 N2 N2 N2 N1 N1 N1 N2 N1 W N1 N1 N1 N2 N2 N2 N2 N2 N2 N2 N1 N1 N2 N2 N2 N2 N2 N2 N1 N2 N2 N2 N2 N2 N2 N2 N2 N2 N2 N2 N1 N2 N1 N1 N2 N1 N1 N1 N1 N1 N2 N2 N2 N2 N2 N2 N2 REM REM REM REM REM REM REM REM REM REM REM REM REM REM REM REM REM REM REM REM REM REM REM REM REM REM REM REM REM N1 REM REM REM REM REM REM REM REM REM N1 REM REM REM REM REM REM REM REM REM REM REM REM REM REM REM REM REM REM REM REM REM REM REM REM REM N1 N1 N1 N1 N1 N1 N2 N2 N2 N2 N2 N2 N2 N2 N2 N2 N2 N2 N2 N2 N2 N2 N2 N2 N2 N2 N2 N2 N2 N2 N2 N2 N2 N2 N2 N2 N2 N2 N2 N2 N2 N2 N2 N2 N2 N2 N2 N2 N2 N2 N2 N2 N2 N2 N2 N2 N2 N2 N2 N2 N2 N2 N2 N2 N2 N2 N2 N2 N2 N2 N2 N2 N2 N2 N1 N1 N1 N1 N2 N2 N2 N2 N1 N1 N1 N2 N2 N2 N2 N2 N2 N2 N2 N2 N2 N2 N2 N2 N2 N2 N2 N2 N2 N2 N2 N2 N2 N2 N2 N2 N2 N2 N2 N2 N2 N2 N2 N2 N2 N2 N2 N2 N2 N2 N2 N3 N2 N2 N2 N2 N2 N2 N2 N2 N2 N2 N2 N2 N2 N2 N2 N2 N2 N2 N2 N2 N2 N2 N2 N2 N2 N2 N2 N2 N2 N2 N2 N2 N2 N2 N2 N2 N3 N2 N2 N2 REM REM REM REM REM REM REM REM REM REM W N1 N1 N1 N1 N1 N2 N2 N2 N2 N2 N2 N2 N2 N2 N2 N2 N2 N2 REM REM REM REM REM REM REM REM REM N1 REM REM REM REM REM REM REM REM REM REM REM REM REM REM W W W W N1 N1 N1 N1 N1 N1 N2 N2 N2 N2 N2 N2 N2 N2 N2 N2 N2 N2 N2 N1 N2 N2 N2 N2 N2 N2 N2 N2 N2 N2 N2 N2 N2 N2 N2 N2 N2 N2 N2 N2 N2 N2 N2 N2 N2 N2 N2 N2 N2 N2 N2 N2 N2 N2 N2 N2 N2 N2 N2 N2 N2 N2 N2 N2 N2 N2 N2 N2 N2 N2 N2 N2 N2 N2 N2 N2 N2 N2 N2 REM REM REM REM REM REM REM REM REM REM REM REM REM REM REM REM REM REM REM REM REM REM REM REM REM REM REM REM REM REM REM REM REM REM REM REM REM REM REM REM REM REM REM REM REM REM REM REM REM REM REM REM REM REM REM REM REM REM REM REM REM REM W W W W W W W W W W W W W W W W W W W W W W W W W W W W W W N1 W W W N1 W W N1 W N1 N1 W W N1 N1 N1 N1 N1 N1 N1 N1 W N1 N1 N1 N1 N1 N1 N1 N1 N1 N1 N1 N1 N1 W W W W W N1 N1 W W W N1 W W N1 N1 N1 N1 N1 N1 N1 N1 N1 N1 N1 N1 N1 N1 N1 N1 N1 N1 N1 N1 N1 N1 N1 W N1 N1 W W W W W W W N1 N1 W W W W N1 N1 W W W W W W W W W W W W W W W W W W W W W W W W W W W W W W W W W W W W W W W W W W W W W W W W W W W W W W W W W W W W,processed_sleepedf/spectral/SC4461F0-PSG_spectral.pt
processed_sleepedf/tensors/SC4462F0-PSG.pt,W W W W W W W W W W W W W W W W W W W W W W W W W W W W W W W W W W W W W W W W W W W W W W W W W W W W W W W W W W W W N1 W W W N1 N1 N1 N1 N1 N1 N1 N1 N1 N1 N2 N2 N2 N2 N2 N2 N2 N2 N2 N2 N2 N2 N2 N2 N2 N2 N2 N2 N2 N2 N2 N2 N2 N2 N2 N3 N2 N2 N2 N2 N2 N2 N2 N2 N2 N2 N2 N2 N2 N2 N2 N3 N2 N3 N2 N2 N3 N2 N2 N2 N2 N2 N3 N2 N2 N2 N3 N2 N2 N3 N2 N3 N3 N2 N3 N2 N2 N2 N1 N1 N2 N2 REM N1 W N1 N1 N1 N1 N1 N1 N2 N2 N2 N2 N2 N2 N2 N2 N2 N2 N2 N2 N2 N2 N2 N2 N2 N2 N2 N2 N2 N2 N1 N1 N2 N2 N2 N2 N1 N1 N2 N2 N2 N2 N2 N2 N2 N2 N2 N2 N2 N2 N2 N2 N2 N2 N3 W W W W N1 N2 N2 N2 N2 N2 N2 N2 N2 N2 N2 N2 N2 N2 N2 REM REM REM REM REM REM REM REM REM REM REM REM REM REM REM REM REM REM REM REM REM REM REM REM REM REM REM REM REM REM REM REM REM REM REM REM REM REM REM REM REM REM REM REM REM REM REM REM REM REM REM REM REM REM REM REM REM REM REM N1 REM REM REM REM REM REM REM REM REM REM REM REM REM REM REM REM REM REM REM REM N1 N1 REM REM REM REM REM REM REM REM REM REM REM REM REM REM N1 REM REM REM REM N1 REM REM N2 N2 N2 N2 N2 N2 N2 N2 N2 N2 N2 N2 N2 N2 N2 N2 N2 N2 N2 N2 N2 N2 N2 N2 N2 N2 N2 N2 N2 N2 N2 N2 N2 N2 N2 N2 N2 N2 N2 N2 N3 N2 N2 N2 N2 N2 N2 N2 N2 N2 N2 N2 N2 N2 N2 N2 N2 N2 N2 N2 N2 N2 N2 N3 N2 N3 N2 N2 N2 N2 N2 N2 N2 N2 N2 N2 N2 N2 N2 N3 N2 N2 N3 N3 N2 N2 N2 N2 N1 N1 N1 N1 N1 N2 N2 N2 N2 N2 N2 N2 N1 N2 N2 N2 N2 N2 N2 N2 N2 N2 N2 N2 N2 N2 N2 N2 N2 N2 N2 N2 N2 N2 N2 N2 N2 N2 N2 N2 N2 N2 N2 N2 N2 N2 N2 N2 N2 N2 N2 N2 N2 N2 N2 N2 N2 N2 N2 N2 N2 N2 N2 N2 N2 N2 N2 N2 N2 N2 N2 N2 N2 N2 N2 N3 N2 N2 N2 N2 N2 N2 N2 N2 N2 N2 N2 N2 N2 N2 N2 N3 N2 N2 N2 N2 N2 N2 N2 N2 N2 N2 N2 N2 REM REM N1 N1 N1 N1 N2 REM REM REM REM REM REM REM REM REM REM REM REM REM REM REM REM REM REM REM REM REM REM REM REM REM REM REM REM REM REM REM REM REM REM REM REM REM REM REM REM REM REM REM REM REM REM REM REM REM REM REM REM REM REM N1 N1 N1 N2 N2 N2 N2 N2 N2 N2 N2 N2 N2 N2 N2 N2 N2 REM REM REM REM REM REM REM REM REM REM REM REM REM N1 N1 N1 N1 N1 N1 N2 N2 N2 N2 N2 N2 N2 N2 N2 N2 N2 N2 N2 N2 N2 N2 N2 N2 N2 N2 N2 N2 N2 N2 N2 N2 N2 N2 N2 N2 N2 N2 N2 N2 N2 N2 N2 N2 N2 N2 N2 N2 N2 N2 N2 N2 N2 N2 N2 N2 N2 W W W W W W W W W W W N1 N1 N1 N1 N1 N1 N1 N1 N1 N1 N1 N1 N1 N1 N1 N2 N2 N2 N2 N2 N2 N2 N2 N2 N2 N2 N2 N2 N2 N2 N2 N1 N1 N2 N2 N2 N2 N2 N2 N2 N2 N2 N2 N2 N2 N2 N2 N2 N2 N2 N2 N2 N2 N2 N2 N2 N2 N2 N2 N2 N2 N2 N2 N2 N2 N1 N1 N2 N2 N2 N2 N2 N2 N2 N2 N2 N2 N2 N2 N2 N2 N2 N2 N2 REM REM REM REM REM REM REM REM REM REM REM REM REM REM REM REM REM N1 N1 N1 N1 N1 N1 N1 N2 N2 N1 N1 N1 N1 N1 N1 N1 N1 N1 N1 N1 N1 N1 N1 N1 N1 N2 N2 N1 N1 N1 N2 N2 N2 N2 N2 N2 N2 N2 N2 N2 N2 N2 N2 N2 N1 N1 N1 N1 N2 N2 N2 N1 N1 N1 N2 N2 N2 N1 N1 N1 N1 N1 N1 N1 N1 N1 N1 N1 N1 N1 N1 N1 N1 N1 N1 N1 N1 N1 N1 N1 N1 N1 N1 N1 N1 N1 N1 N1 N1 N1 N2 N2 N2 N2 N2 N2 N1 N1 N1 N2 N2 N1 N1 N1 N1 N1 N1 N1 N1 N2 N2 N2 N2 N1 N1 N1 N1 N1 N1 N1 N1 N1 N1 N1 N1 N1 N1 N1 N2 N2 N2 N2 N2 N2 N2 N1 N1 N1 N1 N1 N1 N1 N2 N2 N2 N2 N1 N1 W N1 N1 N1 N1 N1 N1 N1 W W N1 N1 N1 W W W W N1 N1 N1 N1 N1 N1 N1 N1 N1 N1 W N1 N1 N1 N1 N1 N1 N1 N1 N1 W W W W W W W W W W W W W W W W W W W W W W W W W W W W W W W W W W W W W W W W W W W W W W W W W W W W W W W W W W W W,processed_sleepedf/spectral/SC4462F0-PSG_spectral.pt
processed_sleepedf/tensors/SC4471F0-PSG.pt,W W W W W W W W W W W W W W W W W W W W W W W W W W W W W W W W W W W W W W W W W W W W W W W W W W W W W W W W W W W W N1 W N1 W W W W W N1 W W W W W W W W W W W W W W W W W W W W W W W W W W W W W W W W W W W W W W W W W W W W W W W W W W W W W W W W W W W W W W W W W W W W W W W W W W W W W W W W W W W W W W W W N1 N2 N1 N1 W N1 N2 N2 N2 N1 N2 N3 N2 N3 N2 N2 N2 N2 N3 N3 N2 N3 N3 N3 N3 N3 N3 N3 N2 N2 N3 N3 N3 N3 N3 N3 N3 N3 N3 N3 N3 N3 N3 N3 N3 N3 N3 N3 N3 N3 N3 N3 N3 N3 N3 N3 N3 N3 N3 N3 N3 N3 N3 N3 N3 N3 N3 N3 N2 N3 N3 N3 N3 N3 N3 N2 N3 N2 N2 W N1 W W W N1 N1 N2 N2 N2 N2 N2 N2 N2 N2 N2 N2 N2 N2 N2 N2 N2 N3 N3 N2 N2 N2 N2 N2 N2 N2 N2 REM REM N1 REM REM REM REM REM REM REM REM REM REM REM REM REM N1 REM N2 N2 N2 N2 N2 N2 N2 N2 N2 N2 N3 N3 N3 N3 N3 N3 N3 N3 N3 N3 N3 N3 N3 N3 N3 N3 N3 N2 N3 N2 N3 N2 N3 N3 N3 N3 N3 N3 N3 N3 N3 N3 N3 N3 N3 N3 N3 N3 N3 N3 N3 N3 N3 N3 N3 N3 N3 N3 N3 N3 N3 N3 N3 N3 N3 N3 N3 N2 N2 N2 W W N1 N1 N1 N1 N2 N3 N3 N2 N2 N2 N2 N2 N2 N2 N2 N2 N2 N2 N1 N1 W N1 N1 N1 N2 N2 N2 N2 N2 N2 N2 N2 N3 N3 N2 N2 N2 N2 N2 N3 N3 N3 N3 N3 N3 N3 N3 N3 N3 N3 N3 N3 N3 N3 N3 N3 N3 N3 N3 N3 N3 N3 N3 N3 N3 N3 N3 N3 N3 N3 N3 N3 N3 N3 N3 N3 N2 N3 N2 N2 N1 N1 N2 N2 N2 N2 N2 N2 N2 N2 N2 N2 N2 N2 REM REM REM REM REM REM REM REM REM REM REM REM REM REM REM REM REM REM N1 N1 N1 N1 N2 N2 N2 N2 N2 N2 N2 N2 N2 N2 N2 N2 N2 N2 N3 N2 N2 N2 N2 N2 N3 N2 N2 N2 N2 N2 N2 N2 N2 N2 N3 N3 N3 N2 N3 N2 N2 N2 N3 N3 N3 N3 N3 N3 N2 N3 N3 N3 N3 N3 N3 N3 N3 N3 N3 N3 N3 N3 N3 N3 N3 N3 N2 N2 N3 N2 N2 N2 N2 N2 N2 N3 N2 N2 N2 N2 N3 N3 N3 N3 N3 N3 N3 N3 N3 N3 N3 N3 N3 N3 N3 N3 N3 N3 N3 N3 N3 N3 N3 N3 N3 N3 N3 N3 N3 N3 N2 N1 W W W W W W N1 N1 W N1 N1 N2 N2 N2 N2 N2 N2 N2 N2 N2 N2 N2 N2 N2 N3 N2 N2 N2 N2 N2 N3 N2 N2 N2 N2 N2 N2 REM REM REM REM REM REM REM REM REM REM REM REM REM REM REM REM REM REM REM REM REM REM REM REM REM REM REM REM REM REM REM REM REM REM REM REM REM REM N2 N2 REM REM REM REM REM REM REM REM N2 N2 N2 N1 N1 N1 N2 N1 N2 N1 N1 N2 N2 N2 N2 N2 N3 N3 N3 N3 N2 N3 N1 N2 N2 N2 N2 N1 N2 N2 N2 N2 N2 N2 N2 N2 N2 N2 N2 N2 N2 N3 N3 N3 N3 N2 N3 N3 N3 N2 N3 N2 N2 N3 N3 N3 N3 N2 N3 N2 N2 N2 N2 N2 N2 N3 N2 N3 N2 N3 N3 N3 N3 N2 N2 N2 N2 N2 N2 N2 N3 N3 N2 N2 N2 N2 N3 N2 N2 N2 N2 N2 N2 N2 N2 N2 N2 N2 N2 N1 N2 N2 N2 N2 N2 N2 N3 N3 N2 N2 N2 N2 N2 N3 N3 N3 N3 N3 N3 N3 N3 N3 N3 N3 N3 N3 N3 N3 N3 N3 N3 N3 N3 N3 N3 N3 N3 N3 N2 N2 N2 N2 N2 N3 N3 N2 N1 N2 N2 N2 N3 N2 N2 N2 N2 N2 N2 N2 N1 N2 N2 REM REM REM REM REM REM REM REM REM REM REM REM REM REM REM REM REM N1 REM REM REM REM REM REM REM REM REM REM REM N1 REM REM REM REM REM REM REM REM REM N2 N2 REM REM REM N2 N2 N2 N2 N2 N2 N2 N1 N2 N2 N2 N2 N2 N2 N2 N2 N2 N1 N1 N1 N2 N2 N2 N2 N2 N2 N2 N2 N2 N2 N2 N2 W W W W W W W W W W W W W W W W W W W W W W W W W W W W W W W W W W W W W W W W W W W W W W W W W W W W W W W W W W W W W W W W W W W W W W W W W W W W W W W W W W W W W W W W W W W W W W W W W W W W W W W W W W W W W W W W W W W N1 N1 N1 N1 N1 W N1 N1 W W N1 N1 N1 W W W W W N1 W N1 N2 N1 N2 N2 N1 N1 N2 N2 N1 N2 N2 N2 N2 N2 N1 N2 N1 N2 N2 N2 N2 N2 N2 N2 N2 N2 N2 N2 N2 N2 N1 N2 N2 N2 N2 N2 N2 W N1 N1 N2 N2 N2 N2 N2 N2 N2 N2 N2 N2 N2 N1 N2 N2 N1 N2 N2 N2 N3 N2 N2 N2 N2 N2 N1 N1 W W W W W W W W W W W N1 N2 N2 N2 N2 N1 N1 N2 N2 N2 W W W W W W W W W W W W W W W W W W W W W W W W W W W W W W W W W W W W W W W W W W W W W W W W W W W W W W W W W W W W,processed_sleepedf/spectral/SC4471F0-PSG_spectral.pt
processed_sleepedf/tensors/SC4472F0-PSG.pt,W W W W W W W W W W W W W W W W W W W W W W W W W W W W W W W W W W W W W W W W W W W W W W W W W W W W W W W W W W W W N1 N1 W W N1 N1 N1 N2 N2 N2 N2 N2 N2 N2 N2 N2 N2 N2 N2 N1 N1 W W W W W W W W W W W W W W W W W W W W W W W W W W W W W W W W W W W W W W W W W W W W W W W W W W W W W W W W W W W W W W W N1 W W W W N1 N1 N1 N1 N1 N1 N1 N2 N2 N2 W W W W W W W W W W W W W W W W W W W W W W W W W W W W W W N1 N1 N2 N2 W W W W W W W W W W W W W W W W W W W W W W W W W W W W W W W W W W W W W W W W W W W W W W W W W W W W W W W W W W W W W W W W W W W W W W W W W W W W W W W W W W W W W W W W W W W N1 N1 N1 N1 N1 N1 N1 N2 N2 N2 N2 N1 N1 N1 N1 N1 N2 N2 N2 N2 N1 N1 N2 W N1 N2 N2 N1 N1 N1 N2 N2 N2 N3 N3 N2 N2 N2 N2 N3 N3 N2 N2 N3 N2 N2 N3 N3 N3 N3 N3 N3 N3 N3 N3 N3 N3 N3 N3 N3 N3 N2 N2 N2 N2 W W W W W W W W W W W W W W N1 W W W W W W W N1 N2 N2 N2 N1 N2 N2 N2 N2 N2 N2 N2 N2 N2 N2 N2 N2 W N1 N2 N2 N3 N2 N2 N3 N3 N3 N3 N3 N3 REM REM REM N1 N1 REM REM REM REM REM REM REM REM REM REM REM N1 N1 N2 N2 N2 N2 REM REM REM N1 REM REM REM REM REM REM REM REM REM REM REM REM REM REM REM REM REM REM REM REM REM REM REM REM REM REM REM REM REM REM W N1 N2 N1 N1 N2 N1 N2 N1 N1 N1 N2 N2 N2 REM REM REM REM REM REM REM REM REM REM N1 N1 N1 N1 N1 N1 N1 N2 N2 N2 N2 N2 N2 N2 N2 N2 N2 N2 N2 N1 N2 N2 N2 N2 N3 N3 N3 N3 N3 N3 N3 N3 N3 N3 N3 N3 N3 N3 N3 N3 N3 N3 N3 N3 N3 N3 N3 N3 N3 N3 N1 N1 N1 N1 N2 N2 N2 N2 N2 N2 N2 N2 N2 N2 N2 N2 N3 N3 N3 N3 N3 N2 N3 N3 N3 N3 N3 N2 N2 N2 N2 N2 N2 N3 N2 N3 N3 N3 N3 N2 N3 N3 N2 N3 N3 N3 N3 N3 N3 N3 N3 N3 N3 N2 N2 N2 N3 N2 N2 N2 N2 N2 N2 N1 N2 N2 N2 N2 N2 N2 N2 N2 N3 N2 N3 N3 N3 N3 N3 N3 N3 N3 N3 N3 N2 N2 N2 N3 N2 N2 N2 N2 N2 N2 N2 N2 N3 N3 N2 N2 N2 N2 N3 N2 N2 N2 N2 N2 N2 N2 N2 N1 N2 N2 N2 N2 N2 N2 N2 N2 N2 N2 N2 N3 N2 N2 N2 N2 N2 N2 N2 N2 N2 N2 N2 N1 N1 N1 N1 N2 N2 N2 N2 W W W W W W W W W W W W W W W W W W W W W N1 N2 N2 N2 N2 N2 W W N1 W N1 N1 W W W W W W W W W N1 W W W W W W W W W W W W W W W W W W W W W W W W W W N1 W W W W W W W W W W W W W W W W W W W W W W W W W W W N1 W N1 W W W W N1 W W W W W W W W W W W W W W W W W W W W W W W W W W W W W W W W W W W W W W W W W W W W W W W W W W W W W W W W W W W W W W W W W W W W W W W W W W W W W W W W W W W W W W W W W W W W W W W N1 N1 W W W N1 W N1 N2 N2 N1 N1 N2 N2 N2 N2 N2 N2 N2 REM REM REM REM REM REM REM REM REM REM REM REM REM REM REM REM REM REM REM REM W N1 REM REM REM REM REM REM REM REM REM REM N1 N1 N1 N1 N1 N2 N2 N2 REM REM REM N2 N2 N2 N2 N2 N3 N2 N2 N2 N3 N2 N2 N1 N1 N2 N2 N2 N2 N2 N2 N2 N2 N3 N3 N2 N3 N3 N3 N3 N2 N2 N2 N3 N3 N1 N2 N3 N3 N3 N3 N3 N3 N3 N3 N3 N3 N3 N3 N3 N3 N3 N3 N3 N3 N3 N3 N3 N3 N3 N3 N3 N3 N3 N3 N3 N3 N3 N3 N3 N3 N3 N3 N2 N2 N2 N2 N2 N2 N2 N2 N2 N2 N3 N2 N2 N2 N2 N2 N1 N2 N2 REM REM REM REM REM REM REM REM REM REM REM REM REM REM REM REM REM REM REM REM REM REM REM REM REM REM REM REM REM REM W N1 W W N1 N1 W W W W W W W W W W W W W W W W N1 N1 N1 N1 N1 W W N1 N1 N1 N1 W W N1 N1 N1 N1 N1 W N1 N1 N1 N1 N1 N1 N1 N1 N1 W W W W W W W W W W W W W W N1 N1 N1 N1 N1 N1 N1 W N1 N1 W N1 W W N1 N1 N1 N1 W W W N1 W N1 N1 W W W W W W W W W W W W W W W W W W W W W N1 N1 N1 N1 N1 N1 N1 W W W W W W W W W W W W W W W N1 N1 W W W W W W W W W W W W W W W W W W W W W W W W W W W W W W W W W W W W W W W W W W W W W W W W W W W W W W W W W W W W W W W W W W W W W W W W W W W W W W W W W W W W W W W W W W W W W W W W W W W W W W W W W W W W W W W W W W W W W W W W W W W W W W W W W W W W W W W W W W W W W W W W W W W W W W W W W W W W W W W W W W W W W W W W W W W W W W W W W W W W W W W W W W W W W W W W W W W W W W W W W W W W W W W W W W W W W W W W W W W W W W W W W W W W W W W W W W W W W W W W W W W W W W W W W W W W W W W W W W W W W W W W W W W W W W W W W W W W W W W W W W W W W W W W W W W W W W W W W W W W W W W W W W W W W W W W W W W W W W W W W W W W W W W W W W W W W W W W W W W W W W W W W W W W W W W W W W W W W W W W W W W W W W W W W W W W W W W W W W W W W W W W W W W W W W W W W W W W W W W W W W W W W W W W W W W W W W W W W W W W W W W W W W W W W W W W W W W W W W W W W W W W W W W W W W W W W W W W W W W W W W W W W W W W W W W W W W W W W W W W W W W W W W W W W W W W W W W W W W W W W W W W W W W W W W W W W W W W W W W W W W W W W W W W W W W W W W W W W W W W W W W W W W W W W W W W W W W W W W W W W W W W W W W W W W W W W W W W W W W W W W W W W W W W W W W W W W W W W W W W W W W W W W W W W W W W W W W W W W W W W W W W W W W W W W W W W W W W W W W W W W W W W W W W W W W W W W W W W W W W W W W W W W W W W W W W W W W W W W W W W W W W W W W W W W W W W W W W W W W W W W W W W W W W W W W W W W W W W W W W W W W W W W W W W W W W W W W W W W W W W W W W W W W W W W W W W W W W W W W W W W W W W W W W W W W W W W W W W W W W W W W W W W W W W W W W W W W W W W W W W W W W W W W W W W W W W W W W W W W W W W W W W W W W W W W W W W W W W N1 W W N1 N1 N1 N1 N1 W W W N1 N2 N2 N2 N2 N2 N2 N2 N1 N1 N1 N2 N2 N2 N2 N2 N2 N2 N1 N2 N2 N2 N2 N1 W W N1 N2 N1 N2 N1 N2 N2 N2 N2 N2 N2 N2 N2 N2 N2 N2 N2 N2 N2 N2 N2 N2 N2 N2 N2 N2 N2 N2 N2 N2 N2 N2 N2 N2 N2 N2 N2 N2 N2 N2 N2 N2 N2 N2 N2 N2 N2 N2 N2 N2 W W W W W W W W W W W W W W W W W W W W W W W W W W W W W W W W W W W W W W W W W W W W W W,processed_sleepedf/spectral/SC4472F0-PSG_spectral.pt
processed_sleepedf/tensors/SC4481F0-PSG.pt,W W W W W W W W W W W W W W W W W W W W W W W W W W W W W W W W W W W W W W W W W W W W W W W W W W W W W W W W W W W W N1 N1 N1 W W W N1 W W W W W W W N1 N1 N1 N1 N1 N1 N1 N1 W W N1 N1 N1 N1 W W N1 W W N1 N1 N1 N1 N1 W N1 W W N1 N1 N1 W W N1 N1 W W N1 N1 N1 N1 N1 N1 N1 N1 N1 N1 N1 N1 N1 N1 N1 N1 N1 N1 N1 N1 N1 N1 N1 N2 N1 N1 W W N1 N1 N1 N1 N1 W W W N1 N1 N1 N1 N1 N1 N2 N1 N1 N1 N1 N1 N2 N2 N2 N1 W N1 N1 N1 N2 N2 N2 N2 N2 N2 N2 N2 N2 N2 N2 N2 N2 N2 N2 N2 N2 N2 N2 N2 N3 N2 N2 N2 N2 N2 N2 N2 N2 N2 N2 N2 N2 N2 N3 N3 N3 N3 N3 N3 N3 N3 N3 N3 N3 N3 N2 N2 N3 N3 N2 N3 N2 N2 N2 N2 N3 N2 N3 N2 N3 N2 N2 N2 N2 N2 N2 N1 N1 N1 N1 N1 N1 N1 N1 N1 N1 N1 N2 N2 N2 N2 N2 N2 N2 N2 N2 N2 N2 N2 N2 N2 N2 N2 N2 N2 N2 N2 N2 W N1 N1 N1 W W W N1 N1 N1 N1 N1 N1 W N1 N1 N1 N1 N1 N1 N1 N1 N1 N1 N1 N1 N1 N1 N1 N1 N1 N1 N1 N2 N2 N2 N1 N1 N1 N2 N2 N2 N2 N2 N1 N2 N2 N2 N2 REM REM REM REM REM REM REM REM REM REM REM W N1 N1 REM REM REM REM REM REM REM REM REM REM REM N2 N2 N2 N2 N2 N2 N2 N2 N2 N2 N2 N2 N2 N2 N2 N2 N2 N2 N2 N2 N2 N2 N2 N2 N2 N1 N1 N1 N2 N2 N2 W N1 N1 N1 N2 N2 N2 N2 N2 N2 N2 N2 N2 N2 N2 N2 N2 N2 N2 N2 N2 N3 N3 N2 N3 N2 N2 N3 N3 N3 N3 N3 N3 N3 N3 N3 N3 N3 N3 N3 N3 N3 N3 N3 N3 N3 N3 N3 N3 N3 N3 N3 N2 N3 N2 N2 N2 N3 N3 N3 N3 N2 N3 N3 N3 N3 N3 N3 N3 N3 N3 N3 N2 N3 N3 N3 N3 N3 N3 N3 N2 N2 N2 N2 N2 N2 N2 N2 N2 N2 N2 N2 N2 N2 N2 N2 N2 N2 N2 N2 N2 N2 N2 N2 N2 N2 N2 N3 N3 N2 N2 N2 N2 N2 N3 N3 N3 N2 N2 N2 W REM REM REM REM REM REM REM REM REM REM REM REM REM REM REM REM REM REM REM REM REM REM REM REM REM REM REM REM REM REM REM REM REM REM REM REM REM REM REM REM REM REM REM REM REM REM REM REM REM REM REM REM REM N2 REM REM REM REM REM REM REM W N1 N1 N2 N2 N2 N2 N2 N2 N2 N2 N2 N2 N2 N2 N2 N2 N2 N2 N2 N2 N2 N2 N2 N2 N2 N2 N2 N2 N2 N2 N2 N2 N2 N2 N2 N2 N2 N2 N2 N2 N2 W N1 N1 N2 N2 N2 N2 N2 N2 N2 N2 N2 N2 N2 N2 N2 N2 N2 N2 N2 N2 N2 N2 N2 N2 N2 N2 N2 N2 N2 N2 N2 N2 N2 N2 N2 N2 N2 N2 N2 N2 N2 N2 N2 N2 N2 N2 N2 N2 N2 N2 N2 N2 N2 N3 N2 N2 N2 N2 N3 N3 N2 N2 N2 N3 N3 N2 N3 N2 N3 N3 N2 N2 N2 N2 N2 N2 N2 N2 N2 N2 N2 N2 N2 N2 N2 N2 N2 N2 N2 N2 N2 N2 N2 N2 N2 N2 N2 N2 N2 N2 N2 N2 N2 N2 N2 N2 N2 N2 N2 N2 N2 N2 N2 N2 N2 N2 N2 N2 N2 N2 W W W N1 N1 W W N1 N1 N1 N1 N1 W N1 W N1 N1 N1 N1 W N1 N1 N1 W W W W W W W W W N1 N1 N1 N1 N1 N1 N1 N1 N1 W N1 W N1 N1 N1 W N1 N1 N1 N1 N1 N1 W N1 N1 N1 N1 N1 W W N1 W W W N1 N1 N1 W W W N1 W W N1 N1 N1 N1 N1 N1 N1 N1 N1 N1 W N1 W N1 N1 N1 N1 N1 N1 N1 N1 W W N1 N1 N1 N1 N1 N1 N1 W W W W N1 N1 N1 N1 N1 N1 N1 N1 N1 N1 N1 W W N1 N1 N1 W N1 N1 N1 N1 N1 N1 N1 N1 N1 N1 N1 N1 N1 N1 W N1 N1 N1 N1 N1 N1 N2 N2 N2 N2 N2 N2 N2 N2 N2 N2 N2 REM REM REM REM REM REM REM REM REM REM REM REM REM REM REM REM REM REM REM REM REM REM REM REM REM REM REM REM REM REM REM REM REM REM REM REM REM REM REM REM REM REM REM REM REM REM REM REM REM REM REM REM REM REM REM REM REM REM REM REM REM REM REM REM REM REM REM REM REM REM REM REM REM REM REM REM REM REM REM REM REM N1 N1 N1 N1 N1 N2 N2 N2 N2 N2 N2 N2 N2 N2 N2 N2 N2 N2 N2 N2 N2 N2 N2 N2 N2 N2 N2 N2 N2 N2 N2 N2 N2 N2 N2 N2 N2 N2 N2 N2 N2 N2 N2 N2 N2 N2 N2 N2 N2 N2 N2 N3 N2 N2 N2 N2 N2 N2 N2 N2 N3 N2 N2 N2 N3 N2 N2 N3 N3 N2 N3 N2 N2 N2 N2 N2 N3 N3 N3 N3 N3 N3 N3 N2 N2 N1 N1 N1 N1 N1 N1 N1 N1 N1 N1 N1 N1 N1 N2 N2 N2 N2 N2 N2 N2 N2 N2 REM W REM REM REM W N1 N1 N1 N1 N1 N1 N1 N2 N2 N2 N2 N2 N2 N2 N2 N2 N2 N2 N2 N2 N2 N1 REM REM REM REM REM REM REM W N1 REM REM REM REM REM REM REM REM REM REM REM REM REM REM REM REM REM REM REM REM REM REM REM W N1 N1 N1 N1 N1 N1 N1 N1 N1 REM REM REM REM REM REM REM REM REM REM REM N1 N1 REM REM REM REM REM REM REM REM REM REM REM REM REM REM REM REM REM REM REM REM REM REM REM REM REM REM REM REM N1 N1 N1 N1 N1 W W W W W W W W W W W W W W W W W W W W W W W W W W W W W W W W W W W W W W W W W W W W W W W W W W W W W W W W W W W W W W W W W W W W W W W W W W W W W W W W W W W W W W W W W W W W W W W W W W W W W W W W W W W W W W W W W W W W W W W W W W W W W W W W W W W W W W W W W W W W W W W W W W W W W W W W W W W W W W W W W W W W W W W W W W W W W W W W W W W W W W W W W W W W W W W W W W W W W W W W W W W W W W W W W W W W W W W W W W W W W W W W W W W W W W W W W W W W W W W W W W W W W W W W W W W W W W W W W W W W W W W W W W W W W W W W W W W W W W W W W W W W W W W W W W W W W W W W W W W W W W W W W W W W W W W W W W W W W W W W W W W W W W W W W W W W W W W W W W W W W W W W W W W W W W W W W W W W W W W W W W W W W W W W W W W W W W W W W W W W W W W W W W W W W W W W W W W W W W W W W W W W W W W W W W W W W W W W W W W W W W W W W W W W W W W W W W W W W W W W W W W W W W W W W W W W W W W W W W W W W W W W W W W W W W W W W W W W W W W W W W W W W W W W W W W W W W W W W W W W W W W W W W W W W W W W W W W W W W W W W W W W W W W W W W W W W W W W W W W W W W W W W W W W W W W W W W W W W W W W W W W W W W W W W W W W W W W W W W W W W W W W W W W W W W W W W W W W W W W W W W W W W W W W W W W W W W W W W W W W W W W W W W W W W W W W W W W W W W W W W W W N1 W N1 W W W W W W W W W W W W W W W W W W W W W W W W W W W W W W W W W W W W W W W W W W W W W W W W W W W W W W W W W W W W W W W W W W W W W W W W W W W W W W W W W W W W W W W W W W W W W W W W W W W W W W W W W W W W W W W W W W W W N1 N1 N1 N1 N2 N2 N2 N2 N2 N2 N2 N2 N2 N2 N2 N2 N1 N2 N2 N1 N2 N2 N2 N2 N1 N2 N2 N2 N2 N2 N2 N2 N2 N2 N2 N2 N2 W W N1 N1 W W W N1 N1 N1 N1 N1 N1 N1 N1 W N1 N1 N1 N1 N1 N2 N2 N2 N2 N2 N2 N2 N2 N2 N2 N2 N2 N2 N2 N2 W W W W W W W W W W W W W W,processed_sleepedf/spectral/SC4481F0-PSG_spectral.pt
processed_sleepedf/tensors/SC4482F0-PSG.pt,W W W W W W W W W W W W W W W W W W W W W W W W W W W W W W W W W W W W W W W W W W W W W W W W W W W W W W W W W W W W N1 N1 N1 N1 N1 N1 N1 N1 N1 N1 N1 W N1 N1 N1 N1 W W W N1 W W W N1 N1 N1 N1 N2 N2 N2 N2 N1 N2 N2 N2 N2 N2 N2 N2 N2 N2 N2 N2 N2 N2 N2 N2 N2 N2 N2 N2 N2 N2 N2 N2 N3 N2 N2 N2 N2 N3 N2 N2 N2 N2 N3 N3 N2 N3 N3 N3 N3 N3 N3 N3 N2 N2 N2 N3 N3 N3 N3 N3 N3 N3 N3 N2 N3 N2 N3 N3 N2 N2 N1 N2 N2 N2 N2 N2 N2 N2 N2 N2 N2 N3 N2 N3 N2 N2 N2 N3 N2 N2 N2 N2 N1 N1 N2 N2 N2 N2 N2 N1 N1 N2 N2 N2 N2 N2 N2 N2 N2 N2 N2 N2 N2 N2 N2 N2 REM REM REM REM REM REM REM REM REM N1 N1 N1 N1 REM REM N1 N1 N1 N1 N1 N2 N2 N2 N2 N2 N2 N2 N2 N2 N2 N2 N2 N2 N2 N2 N2 N2 N2 N2 N2 N2 N2 N1 N2 N2 N2 N2 N2 N2 N2 N2 N2 N2 N2 N2 N2 N2 N2 N2 N2 N2 N2 N2 N2 N2 N2 N2 N2 N2 N2 N2 N2 N3 N2 N3 N3 N2 N3 N2 N2 N2 N3 N3 N3 N3 N2 N3 N3 N2 N2 N3 N3 N3 N3 N3 N2 N3 N3 N3 N3 N3 N3 N3 N3 N3 N3 N3 N3 N3 N3 N3 N3 N3 N3 N3 N3 N3 N3 N3 N3 N3 N3 N3 N3 N3 N3 N3 N3 N3 N3 N2 W N1 N1 W W W W W W W W W W W W W W W N1 N1 N1 N1 N1 N2 N2 N2 N2 W N1 N2 N1 W W N1 N1 N2 N2 N2 N2 N2 N2 N2 N2 N2 N2 N2 N2 N2 N2 N2 N2 N2 N2 N2 N2 N2 N2 N2 N2 N2 N1 N2 N2 N2 N2 N2 N2 N2 N2 N2 N2 N2 N2 N2 N2 N2 N2 N2 N2 N2 N2 N1 N2 N2 N2 N2 N2 N2 N2 N2 N2 N2 N2 N1 N2 N2 N2 N2 N2 N2 N2 N2 REM REM REM REM REM REM REM REM REM REM REM REM REM REM REM REM W N1 N1 N1 REM REM REM REM REM N1 N1 REM REM N1 REM REM REM REM REM REM N1 REM REM REM REM REM REM REM N1 REM REM REM REM REM REM REM REM REM REM REM N1 N2 N2 N2 N2 N2 N2 N2 N2 N2 N2 N2 N2 N2 N2 N2 N2 N2 N2 N2 N2 N2 N2 N2 N2 N2 N2 N2 N2 N2 N1 N1 N2 N2 N2 N1 N1 N2 N2 N2 N2 N2 N2 N2 N1 N2 N2 N2 N2 N2 N2 N2 N2 N2 N2 N2 N2 N1 N2 N2 N2 N2 N2 N2 N2 N2 N2 N2 N2 N2 N2 N2 N2 N2 N2 N2 N2 N2 N2 N3 N2 N2 N3 N3 N2 N3 N2 N3 N2 N3 N3 N3 N3 N3 N3 N3 N2 N3 N3 N3 N3 N2 N2 N1 N1 N2 N2 N2 N1 N2 N2 N2 N2 N2 N2 N2 N2 N2 N2 N2 N2 N2 N2 N2 N2 N2 N2 N2 N2 N2 N1 N1 N1 N1 N1 N1 N1 REM REM N1 N1 N1 REM REM REM REM REM REM REM REM REM REM REM REM REM REM REM REM REM REM REM REM W N1 N1 REM REM REM REM N1 N1 N1 N1 N1 REM REM REM REM N1 REM REM REM REM REM REM REM REM REM REM REM REM REM W N1 N1 N1 N1 N1 N1 N1 N1 N1 N2 N2 N2 N2 N2 N2 N2 N2 N2 N2 N2 N2 N2 N2 N2 N2 N2 N2 N2 N2 N2 N2 N2 N2 N2 N2 N2 N2 N2 N2 N1 N1 N2 N2 N2 N2 N2 N2 N2 N2 N2 N2 W N1 N1 N1 N2 N2 N1 N1 N2 N2 N2 N2 N2 N2 N2 N2 N2 N2 N2 N2 N2 N2 N2 N2 N2 N2 N2 N1 N2 N2 N2 N2 N2 N2 N2 N2 N2 N2 N2 N2 N2 N2 N2 N2 N3 N2 N2 N2 N2 N2 N2 N3 N3 N3 N3 N3 N3 N3 N3 N3 N3 N3 N3 N3 N2 N2 N3 N3 N3 N3 N3 N3 N3 N3 N3 N3 N3 N2 N2 N3 N2 N2 N2 N2 N1 N1 W N1 N1 N2 N2 N2 N2 REM REM REM REM REM REM N1 REM REM REM N1 REM REM REM REM REM REM REM REM REM REM REM REM REM REM REM REM REM REM N1 N1 N1 REM REM REM REM REM REM REM REM REM REM REM N1 N1 N1 REM REM REM REM REM REM REM REM REM REM REM REM REM REM N1 N1 N1 N1 N1 N1 N2 N2 N2 N2 N2 N2 N2 N1 N2 N2 N2 N2 N2 N2 N2 N2 N2 N2 N2 N2 N2 W N1 N2 N2 N2 N2 N2 N1 N2 N2 N1 N1 N2 N2 N2 N2 N2 N1 N2 N2 N1 N2 N2 N2 N2 N2 W N1 N1 N2 N2 N2 N2 N2 N2 N2 N2 N2 N2 N2 N2 N2 N2 N2 N2 N2 N2 N2 N2 N2 N2 N2 N2 N2 N2 N2 N2 N2 N2 N2 N2 N2 N2 N2 N2 N2 N2 N2 N2 N2 N2 N2 N2 N2 N2 N2 N2 N2 N2 N2 N2 N2 N2 N2 N2 N2 N2 N2 N2 N2 N2 N2 N2 N2 N2 W N1 N1 N1 N1 N2 N2 N2 N2 N2 REM REM REM REM REM REM REM N1 N1 W W W W W W W W W W W W W W W W W W W W W W W W W W W W W W W W W W W W W W W W W W W W W W W W W W W W W W W W W W W W W W W W W W W W W W W W W W W W W W W W W W W W W W W W W W W W W W W W W W W W W W W W W W W W W W W W W W W W W W W W W W W W W W W W W W W W W W W W W W W W W W W W W W W W W W W W W W W W W W W W W W W W W W W W W W W W W W W W W W W W W W W W W W W W W W W W W W W W W W W W W W W W W W W W W W W W W W W W W W W W W W W W W W W W W W W W W W W W W W W W W W W W W W W W W W W W W W W W W W W W W W W W W W W W W W W W W W W W W W W W W W W W W W W W W W W W W W W W W W W W W W W W W W W W W W W W W W W W W W W W W W W W W W W W W W W W W W W W W W W W W W W W W W W W W W W W W W W W W W W W W W W W W W W W W W W W W W W W W W W W W W W W W W W W W W W W W W W W W W W W W W W W W W W W W W W W W W W W W W W W W W W W W W W W W W W W W W W W W W W W W W W W W W W W W W W W W W W W W W W W W W W W W W W W W W W W W W W W W W W W W W W W W W W W W W W W W W W W W W W W W W W W W W W W W W W W W W W W W W W W W W W W W W W W W W W W W W W W W W W W W W W W W W W W W W W W W W W W W W W W W W W W W W W W W W W W W W W W W W W W W W W W W W W W W W W W W W W W W W W W W W W W W W W W W W W W W W W W W W W W W W W W W W W W W W W W W W W W W W W W W W W W W W W W W W W W W W W W W W W W W W W W W W W W W W W W W W W W W W W W W W W W W W W W W W W W W W W W W W W W W W W W W W W W W W W W W W W W W W W W W W W W W W W W W W W W W W W W W W W W W W W W W W W W W W W W W W W W W W W W W W W W W W W W W W W W W W W W W W W W W W W W W W W W W W W W W W W W W W W W W W W W W W W W W N1 W W W W N1 N1 N1 N1 N1 N1 W N1 N1 N1 W W W W W W W W W W W W W W W W W W W W W W W W W W W W W W W W W W W W W W W W W W W W W W W W W W W W W W W W W W W W,processed_sleepedf/spectral/SC4482F0-PSG_spectral.pt
processed_sleepedf/tensors/SC4491G0-PSG.pt,W W W W W W W W W W W W W W W W W W W W W W W W W W W W W W W W W W W W W W W W W W W W W W W W W W W W W W W W W W W W N1 N1 N1 N1 N2 N2 N2 N2 N2 N2 N1 N2 N2 N2 N2 N2 N2 N2 N2 N2 N2 N2 N2 N2 N2 N2 N2 N2 N2 N2 N2 N2 N2 N2 N2 N2 N2 N2 N2 N2 N2 N2 N2 N2 N2 N2 N2 N2 N2 N2 N2 N2 N2 N2 N2 N2 N2 N2 W W N1 N1 N1 N2 N2 N2 N2 N2 N2 N2 N2 N1 N2 N2 N2 N2 N2 N2 N2 N2 N2 N2 N2 N2 N2 N2 N2 N2 N2 N2 N2 N2 N2 N2 N3 N2 N2 N2 N3 N3 N2 N3 N2 REM REM REM REM REM N1 REM REM REM REM REM REM REM REM REM REM REM REM N1 REM N1 N1 N2 REM REM N1 N1 N2 REM REM N1 N1 REM N1 REM REM REM REM N1 N1 N1 N1 N2 N2 N1 N1 N1 N2 N2 N2 N2 N2 N2 W N1 N2 N2 N1 N2 N2 N2 N2 N2 N2 N2 N2 N2 N2 N2 N2 N2 N2 N2 N2 N2 N2 N2 N2 N2 N2 N2 N2 N2 N2 N2 N2 N2 N2 N2 N2 N2 N2 N2 N2 N2 N2 N2 N2 N2 N2 N3 N2 N2 N2 N2 N2 N2 N3 N2 N3 N2 N2 N2 N3 N2 N2 N2 N3 N2 N2 N2 N2 N2 N1 N2 N2 W W W W W W W W W W W N1 N1 N1 N1 N2 N2 N2 N2 N2 N2 N2 N2 N2 N2 N2 N2 N2 N2 N2 N2 N2 N2 N2 N2 N2 N2 N2 N2 N2 N2 N2 N2 N2 N2 N2 N2 N2 N2 N2 N2 N2 N2 N2 N2 N2 N2 N2 N2 N2 N2 N2 N2 N2 N2 N2 N2 N2 N2 N2 N2 N2 N2 N2 N2 N2 N2 N2 N2 N2 N2 N2 N2 N2 N2 N2 N2 N2 N2 N2 N2 N3 N2 N2 N2 N1 N2 REM REM REM REM REM REM REM REM REM REM REM REM REM REM REM REM REM REM REM REM REM REM REM REM REM REM REM REM REM REM REM REM REM REM REM REM REM REM REM REM REM REM REM REM REM REM REM REM REM REM REM REM REM REM W N1 N1 N1 N1 N1 N1 N2 N2 N2 N2 N2 N2 N2 N2 N1 N1 N2 N2 N2 N2 N2 N2 N2 N2 N2 N2 N2 N2 N2 N2 N2 N2 N2 N2 N2 N2 N2 N2 N2 N2 N2 N2 N2 N2 N2 N2 N2 N2 N2 N2 N2 N2 N2 N2 N2 N2 N2 N2 N2 N2 W N1 N2 N2 N2 N2 N2 N2 N2 W W W N1 N1 N2 N2 W N1 N2 N2 N2 N2 N2 N2 N2 N2 N2 N2 N2 N2 N2 N2 N2 N2 N2 N2 N2 N2 N2 N2 N2 N2 N2 N2 N2 N1 N2 N2 N2 N2 N2 N2 N2 N2 N2 N2 N2 N2 N2 N1 N2 N2 N2 N2 N2 N2 N2 N2 N2 N2 N2 N2 N2 N2 N2 N2 N2 N2 N2 N2 N2 N2 N2 N2 N2 N2 N2 N3 N3 N1 N1 N2 N2 N2 N2 N2 N2 N2 N2 N2 N2 N2 N2 N2 N2 N2 N2 N2 N2 N2 N2 N2 N2 N2 N2 N2 N2 N2 N2 REM REM REM REM REM REM N1 N1 REM REM REM REM REM REM REM REM REM REM W N1 REM REM REM REM REM REM REM REM REM REM REM REM REM REM REM REM REM REM REM REM REM REM REM REM REM REM REM REM REM REM REM REM REM REM REM REM REM REM REM REM REM REM REM REM REM REM REM REM REM REM REM REM REM REM REM REM REM REM REM REM REM REM REM REM REM W N1 N1 N2 N2 N2 W N1 N1 N2 N2 N1 N2 N1 N1 N2 N2 N2 N2 N2 N2 N2 N2 N2 N2 N2 N2 N2 N2 N2 N2 N2 N2 N2 N2 N2 N2 N2 N2 N2 N2 N2 N2 N2 N2 N2 N2 N2 N2 N2 N2 N2 N2 N2 N2 N2 N2 N2 N2 N2 N2 N2 N2 N2 N2 N2 N2 N3 N2 N2 N3 N2 N2 W W W W W W W W W W W W W W W W W W N1 N1 N1 N1 N1 W N1 N1 N1 N1 N1 N1 N1 N1 N1 N1 N1 N1 N1 N1 W W N1 N1 N1 W W N1 W W W W W W W W W N1 N1 N1 N1 N1 N1 N1 W W W W N1 N1 N1 N1 N1 N1 N1 N1 N1 N1 N1 N1 N1 N1 N1 N2 N2 N2 N2 N2 N2 N2 N2 N2 N2 N2 N2 N2 N2 N2 N1 N2 N2 N2 N2 N2 N2 N2 N2 N2 N1 N1 N2 N2 N2 N2 N2 N2 N2 N2 REM REM REM REM REM REM REM REM REM REM REM REM REM REM REM REM REM REM REM REM REM REM REM REM REM REM REM REM REM REM REM N1 N1 N1 N1 N1 N1 REM REM REM REM REM REM REM REM REM REM REM REM REM REM REM REM REM REM REM REM REM REM REM N2 W W W W W W W N1 W N1 W N1 N1 W N1 N1 N1 W W W W W W W W W N1 W W W W N1 W N1 N1 N1 W N1 N1 N1 N1 N1 N1 N1 N1 N1 N1 N1 N1 N1 W N1 N1 W N1 N1 N1 W N1 N1 N1 N1 N2 N2 N2 N2 N2 N2 N2 N2 N2 N2 N2 N2 N2 N2 N2 N2 N2 N2 N2 W W W N1 N1 W W W W W W W W W W W W W W W W W W W W W W W W W W W W W W W W W W W W W W W W W W W W W W W W W W W W W W W W W W W W,processed_sleepedf/spectral/SC4491G0-PSG_spectral.pt
processed_sleepedf/tensors/SC4492G0-PSG.pt,W W W W W W W W W W W W W W W W W W W W W W W W W W W W W W W W W W W W W W W W W W W W W W W W W W W W W W W W W W W W N1 N1 N1 N1 N1 N1 N1 N1 N1 N1 N1 N1 W N1 N1 N1 N1 N1 N1 N1 N2 N2 N2 N2 N2 N2 N2 N2 N2 N2 N2 N2 N2 N2 N2 N1 N2 N2 N2 N2 N2 N2 N2 N2 N2 N2 N2 N2 N2 N2 N2 N2 N2 N2 N2 N2 N2 N2 N3 N2 N3 N2 N2 N2 N3 N2 N2 N2 N2 N2 N2 N2 N2 N2 N2 N2 N2 N2 N2 N2 N2 N2 N2 N2 N2 W N1 N1 N2 N2 N2 W W W W W N1 N1 N1 N1 N1 N2 N2 N1 N2 N2 N1 W W W W W W W W W W W N1 W W N1 N1 N1 N2 N1 N1 N1 N1 N1 N1 N1 W W W W W W W W W W W W W W W W W N1 N1 N1 N1 W W W W W W W W W W W W W W W W W W W W W W W W W W W W W W W W W W N1 N1 N1 N1 N1 N1 W W N1 N1 N1 N1 N1 N1 N2 N2 N2 N2 N2 N2 N2 N2 N2 N2 N2 N1 N2 N2 N2 N2 N2 N2 N2 N2 N2 N2 N2 N2 N2 N2 N2 N2 N2 N2 N2 N2 N2 N2 N2 N2 N2 N2 N2 N2 N2 N2 N2 N2 N2 N2 N2 N2 N2 N2 N3 N2 N2 N3 N2 N2 N2 N2 N2 N3 N3 N2 N3 N3 N2 REM REM REM REM REM REM REM REM REM REM REM REM REM REM REM REM REM REM REM REM REM REM REM REM REM REM REM REM REM REM REM N1 N1 N1 N1 N1 N2 N2 N2 N2 N2 N1 W N1 W N1 N2 N1 N1 N2 N1 N2 N2 N2 N2 N2 N2 N2 N2 N2 N2 N2 N2 N2 N2 N2 N1 N2 N2 N2 N2 N2 N2 N2 N2 N2 N2 N2 N2 N2 N2 N2 N2 N2 N2 N2 N2 N2 N2 N2 N2 N2 N2 N2 N2 N1 N2 N2 N2 N2 N2 N2 N2 N2 N2 N3 N2 N2 N2 N2 N2 N2 N2 N2 N3 N2 N3 N3 N2 N2 N2 N2 N3 N3 N2 N3 N3 W N1 N2 N2 N2 N2 N2 N2 N2 N2 N2 N2 N2 N2 N2 N2 N2 N2 N2 N2 N2 N2 N3 N2 N2 N1 N1 N1 N1 N2 N2 N2 N2 N2 N2 W N1 N2 N2 N2 N2 N2 N2 N2 N2 N2 N2 N2 N2 N2 N2 N2 N2 N2 N2 N2 N2 N2 N2 N2 N2 N2 N2 N2 N2 N2 N2 N2 N2 N2 N2 N2 N2 N3 N2 N3 N2 N2 N3 N3 N3 N3 N2 N2 N3 N3 N3 N2 N2 N1 N1 N1 N2 REM REM REM REM REM N1 REM REM REM REM REM REM REM REM REM REM REM REM REM REM REM N1 REM REM REM REM REM REM REM REM REM REM REM REM REM REM REM REM REM REM REM N1 N1 N1 N2 N2 REM N1 N1 N1 N1 N1 N1 N1 N1 N1 N2 N2 N2 N2 N2 N2 N2 N2 N2 W N1 N1 N2 N2 N2 N2 N2 N2 N2 N2 N1 N1 N2 N2 N2 N2 N2 N2 N2 N2 N2 N2 N1 N1 N1 N1 N1 N2 N2 N2 N2 N1 N1 N1 N2 N2 N2 N2 N2 N2 N2 N2 N2 N2 N2 N1 N2 N2 N2 N2 N2 N2 N2 N2 N2 N2 N2 N1 N1 N1 N2 N2 N2 W W W W W W W W W W W W W W W W W W W W W W W W W W W W W N1 N1 W N1 W N1 N1 N1 N1 N1 N2 N2 N2 N2 N2 N2 N2 N2 N2 N2 N2 N2 N2 N2 N2 N2 N2 N2 N2 N2 N2 N2 N2 N2 N2 N2 N2 N2 N2 N2 N2 N2 N2 N2 N2 N2 N2 N2 N2 N2 N2 N2 N2 N2 N2 N2 N2 N2 N2 N2 N2 N2 N2 N2 N2 N2 N2 N2 N2 N2 N2 N2 N2 N2 N2 N2 W W W W W N1 W W W N1 W N1 W W W W W W W W W W W W N1 W W N1 W W W W N1 W N1 N1 N1 N1 N1 N1 N1 N1 N1 N2 N2 N2 N2 N2 N2 N2 N2 N2 N2 N2 N2 N2 N2 N2 REM REM REM REM REM REM REM REM REM REM REM REM REM REM REM REM REM REM REM REM REM REM REM REM REM REM REM REM W N1 N1 REM REM REM REM REM REM REM REM REM REM REM REM REM REM REM REM REM REM REM REM REM REM REM REM REM REM REM REM REM REM REM REM REM REM N1 N1 N1 N1 N2 W N1 N1 N1 N2 N2 N2 N1 W N1 N1 N2 N1 N1 W W W W W N1 W W W W W W W W W W W W W W W W W W W W W W W W W W W W W W N1 W W W N1 W N1 W W N1 N1 W W W W N1 N1 W W N1 N1 N1 W W W W W W W W W W W W W W W W W W W W W W W W W W W W W W W W W W W W W W W W W W W W W W W W W W W W W W W W W W W W,processed_sleepedf/spectral/SC4492G0-PSG_spectral.pt
processed_sleepedf/tensors/SC4501E0-PSG.pt,W W W W W W W W W W W W W W W W W W W W W W W W W W W W W W W W W W W W W W W W W W W W W W W W W W W W W W W W W W W W N1 N1 N1 N1 N1 N1 N1 N1 N1 N1 N1 N1 N1 N1 N1 N1 N1 N1 N1 N1 N1 N1 N2 W W N1 N1 N1 N1 N1 N1 N1 N1 N1 N1 N1 N1 N1 N1 N1 N1 N1 N1 N1 N2 N2 N2 N2 N2 N2 N2 N2 N2 N2 N2 N2 N2 N3 N2 N2 N2 N2 N2 N2 N2 N2 N2 N2 N2 N2 N2 N2 N2 N2 N2 N2 N2 N2 N2 N2 N2 N2 N2 N2 N2 N2 N2 N2 N2 N2 N2 N2 N1 N2 N2 N2 N2 N2 N2 N2 N2 N2 N2 N2 W N1 N1 W W N1 W W W W N1 W W W W N1 N1 N1 N1 N1 N1 N2 N2 N2 N2 N2 N2 N2 N2 N2 N2 N2 N2 N2 N2 N2 N2 W W W W W W W W W N1 N2 N2 N2 N2 N2 N2 N2 N2 N2 N2 N2 N2 N2 W N1 N1 N1 N1 N2 N2 N2 N2 N2 N2 N2 N2 N2 W W W W W W W W W W W W W W W W W W W W W W W W W W W W W W W W W W W W W W W W W W W W W W W W W W W W W W W W W W W W W W W W W N1 N1 N1 N1 N1 N1 N1 N1 N1 N1 N1 N2 N2 N2 N2 N2 N2 N2 N2 N2 N2 N2 N2 N2 N2 N2 N2 N2 N2 N2 N2 N2 N2 N2 N2 N2 N2 N2 N2 N2 N2 N2 N1 N1 N1 N1 N2 N1 N1 N1 N1 N1 N1 N1 N1 N1 N1 N1 N1 N1 N1 N1 N1 N1 N1 N1 N1 N1 N1 N1 N1 N1 N1 N1 N1 N1 N1 N1 N1 N1 N2 N2 N2 N2 N2 N2 N2 N2 N2 N2 N2 N2 N2 N2 N2 N2 N2 N2 N2 N2 N2 N2 N2 N2 N2 N2 N2 N1 N1 N2 N2 N2 N2 N2 N2 N2 N2 N2 N2 N2 N2 N2 N2 W W W W N1 N1 N1 N1 N1 N1 N1 N2 W W W W W W W W W W N1 N1 N1 N1 N1 N1 N1 N1 N1 N2 N2 N2 N2 N2 N2 N2 N2 N2 N2 N2 N2 N2 W W N1 N1 N1 N2 N2 N2 N2 N2 N2 N2 N2 N2 N1 N1 N1 N1 N2 N2 N2 N2 N2 N2 N2 N2 N2 N2 N2 N2 N2 N2 N2 N2 N2 N2 N1 N1 N1 N1 N2 N2 N2 N2 N2 N2 N2 N2 N2 N2 N2 W W W W W W W W W W W W W W W W W W W W W W W W W W W W W W W W W W W W W W W W W W W W W W W W W W W W W W W W W W W W W W W W W W W W W W W W W W W W W W W W W W W W W W W W W W W W W W W W W W W W W W W W W W W W W W W W W W W W W W W W W W W W W W W W W W W W W W W W W W W W W W W W W W W W W W W W W W W W W W W W W W W W W W W W W W W W W W W W W W W W W W N1 N1 N1 N1 N1 N2 N2 N2 N2 N2 N2 N1 N1 N1 N1 N2 N2 N1 N1 N1 N2 N2 N2 N2 N2 N2 N2 N2 N2 N2 N2 N2 N2 N2 N2 N2 N2 N2 N2 N2 N2 N2 N2 N2 N2 N2 N2 N2 N2 N2 N2 N2 N2 N2 REM REM REM REM REM REM REM REM REM REM REM REM REM REM REM REM REM REM REM REM REM REM REM REM REM REM REM REM REM REM REM REM REM REM REM REM REM REM REM REM REM REM REM REM REM REM REM REM W REM REM REM REM REM REM REM REM REM REM REM REM REM REM REM REM REM REM REM REM REM REM REM REM REM REM REM REM REM REM REM REM REM REM REM REM REM REM REM REM REM W W W W W W W W W W W N1 N1 N1 N1 N1 N1 N1 N1 N1 N1 N1 N1 N1 N1 N1 N1 N1 N1 N2 N2 N2 N2 N2 N2 N2 N2 N2 N2 N2 N2 N2 N2 N2 N2 N2 N2 N2 N2 N2 N2 N2 N2 N2 N2 N2 N2 N2 N2 N2 N2 N2 N3 N2 N2 N2 N2 N2 N2 N2 N2 N2 N2 N2 N2 N2 N2 N2 N2 N2 N2 N2 N2 N2 N2 N2 N2 N2 N2 N2 N2 N2 N2 N2 N2 N2 N2 N2 N2 N2 N2 REM REM REM REM REM REM REM REM REM REM REM REM REM N1 N1 REM REM REM REM REM REM REM REM REM REM REM REM REM REM REM REM REM N1 N1 N1 REM REM REM REM REM REM REM REM REM REM REM W N1 N1 N1 N1 REM REM REM REM REM REM REM REM REM REM REM REM REM REM REM REM W W W W W W W W W W W W W W W W W W W W W W W W W W W W W W W W W W W W W W W W W W W W W W W W W W W W W W W W W W W W W W W W W W W W W W W W W W W W W W W W W W W W W W W W W W W W W W W W W W W W W W W W W W W W W W W W W W W W W W W W N1 N1 N1 N1 N1 N1 N2 N2 N2 N2 N2 N1 N1 N1 N1 N1 N2 N2 N2 N2 N2 N2 N2 N2 N2 N2 N2 N2 N2 N2 N2 N2 N2 N2 N2 N2 N2 N2 N2 N2 N2 N2 N2 N2 N2 N2 N2 N2 N2 N2 N2 N2 N2 N2 N2 N2 N2 N2 N2 N1 N1 N1 N1 N2 N2 N2 N2 N2 N2 N2 N2 N2 N2 N2 N2 N2 N2 N2 N2 N2 N2 N2 REM REM REM REM REM REM REM N1 REM REM REM REM REM REM REM REM REM N1 REM REM REM REM REM REM REM REM REM REM REM REM REM REM REM REM REM REM REM REM REM REM REM REM REM REM REM REM REM REM REM W W W W W W W W W W W W W W W W W W W W W W W W W W W W W W W W W W W W W W W W W W W W W W W W W W W W W W W W W W W W,processed_sleepedf/spectral/SC4501E0-PSG_spectral.pt
processed_sleepedf/tensors/SC4502E0-PSG.pt,W W W W W W W W W W W W W W W W W W W W W W W W W W W W W W W W W W W W W W W W W W W W W W W W W W W W W W W W W W W W N1 W W W N1 N1 N1 N1 N1 N1 N1 N1 N1 N1 N1 N2 N2 N2 N2 N2 N2 N2 N2 N2 N2 N2 N2 N2 N2 N2 N2 N2 N3 N2 N2 N2 N2 N2 N2 N2 N3 N2 N2 N2 N2 N2 N2 N2 N2 N2 N2 N2 N2 N3 N2 N2 N2 N2 N2 N3 N2 N3 N3 N2 N2 N2 N2 N3 N2 N1 N1 N2 N2 N2 N2 N2 N2 N2 N2 N2 N2 N2 N3 N3 N2 N2 N2 N2 N2 N2 N2 N2 N2 N2 N2 N2 N2 N3 N3 N3 N2 N2 N2 N3 N2 N2 N3 N3 N2 N2 N2 N2 N2 N2 N2 N2 N2 N2 N2 N2 N2 N3 N2 N2 N2 N2 N2 N3 N2 N2 N2 N2 N2 REM REM REM REM REM REM REM REM REM REM REM REM REM REM REM REM REM REM REM REM REM REM REM REM REM REM REM REM REM REM REM REM REM REM REM REM N1 N1 N1 N2 N2 N2 N2 N2 N2 N2 N2 N2 N2 N2 N2 N2 N2 N2 N2 N2 N2 N2 N2 N2 N2 N2 N2 N2 W W N1 W N1 N1 N1 N1 N1 N2 N2 N2 N2 N2 N2 N2 N2 N2 N2 N2 N2 N2 N2 N2 N2 N3 N2 N3 N2 N3 N2 N2 N2 N3 N2 N2 N1 N1 N1 N1 N1 N2 N2 N2 N2 N2 N2 N2 N2 N2 N2 N2 N2 N2 N2 N3 N2 N3 N3 N2 N3 N2 N2 N3 N3 N3 N2 N3 N2 N2 N2 N2 N3 N3 N3 N3 N2 N2 N2 N2 N2 N2 N3 N3 N3 N2 N3 N1 N2 N2 N2 N2 N2 N2 N2 N2 N2 N2 N2 N2 N2 N2 N2 N2 N2 N2 N2 W N1 N2 N1 W W N2 N2 N2 N2 N2 N2 N2 N2 N2 N2 N2 N2 N2 N2 N2 N2 N2 N2 N2 N2 N2 N2 N2 N2 N2 N2 N1 N2 N1 N1 N1 N2 N2 N2 N2 N2 N1 N2 N2 N2 N2 N2 N2 N2 N2 N2 N1 N2 N2 N2 W W W W W W W W W W W W W W W W W W W W W W W W W W W W W W W W W W W W W W W W W W W W W N1 N1 N2 N2 N2 N2 N2 N2 N2 N2 N2 N2 N2 N2 N2 N2 N2 N2 N2 N2 N2 N2 N2 N2 N2 N2 N2 N2 N2 N2 N2 N2 N2 N2 N2 N2 N2 N2 N2 N2 N2 N2 N2 N2 N2 N2 N2 N2 N2 N2 N2 N2 N2 N2 N2 N2 N2 N2 N2 N2 N2 N2 N2 N2 N2 N2 N2 N2 N2 N2 N2 N2 N2 N2 N2 REM REM REM REM REM REM REM REM REM REM REM REM REM REM REM REM REM REM N1 N1 N2 N2 REM REM REM REM REM REM REM REM REM REM REM REM REM REM REM REM REM REM REM REM REM REM REM REM REM REM REM REM REM REM REM REM REM REM REM REM REM REM REM N1 REM REM REM REM REM REM REM REM W W W W W W W W W W W W W W W W W W W W W W W W W W W W W W W W W W W W W W W W W W W W W W W W W W W W W W W W W W W W W W W W W W W W W W W W W W W W W W W W W W W W W W W W W W N1 N1 N1 N1 N1 N1 N1 N1 N1 N1 N2 N2 N1 N1 N2 N2 N2 N2 N2 N2 N2 N2 N2 N2 N2 N2 N2 N2 N2 N2 N2 N2 N2 N2 N2 N2 N2 N2 N1 N2 N2 N2 N2 N2 N2 N2 N2 N2 N2 N2 N2 N2 N2 N2 N2 N2 N2 N2 N2 N2 W N1 N1 N2 N2 N2 N2 N2 N2 N2 N1 N2 N2 N2 N2 N2 N2 N2 N2 N2 N2 N2 N2 N2 N2 N2 N2 REM REM REM REM REM REM REM REM REM REM REM REM REM REM REM REM N1 N1 N2 W W W W W W W W W W W W W W W W W W W W W W W W W W W W W W N1 N1 N1 N1 N1 N2 N2 N2 N2 N2 N2 N2 N2 N2 N2 N2 N2 N2 N2 N2 N2 N2 N2 N2 N2 REM REM N1 REM REM REM REM REM REM N1 REM REM REM REM REM REM REM REM REM REM REM REM REM REM REM REM REM REM REM REM REM REM REM REM REM REM REM REM REM N1 REM REM REM REM N1 REM REM REM N1 N1 N2 N2 N2 N2 N2 N2 N2 N2 N2 REM REM REM REM REM REM REM REM REM REM REM REM REM N1 REM REM REM REM REM REM REM REM W N1 W W W N1 N1 N1 N1 N1 N2 N2 N2 N2 N2 N2 N2 N2 N2 N2 REM REM REM REM REM REM REM REM REM N2 N2 N2 N2 N2 N2 N2 N2 N2 N2 N2 N2 N2 N2 N2 N2 N2 N2 N2 N2 N2 N2 N2 N2 N2 N2 N2 N2 N2 N2 N2 N2 N2 N2 N2 N2 N2 N2 N2 N2 N2 N2 N2 N2 N2 N2 N2 N2 N2 N2 N2 N2 N2 N2 N3 N2 N3 N3 N2 N2 N2 N2 N2 N2 N2 N2 N3 N2 N3 N2 N2 N2 W W W W W W W W W W W W W W W W W W W W W W W W W W W W W W W W W W W W W W W W W W W W W W W W W W W W W W W W W W W W,processed_sleepedf/spectral/SC4502E0-PSG_spectral.pt
processed_sleepedf/tensors/SC4511E0-PSG.pt,W W W W W W W W W W W W W W W W W W W W W W W W W W W W W W W W W W W W W W W W W W W W W W W W W W W W W W W W W W W W N1 N1 N1 N1 N1 N1 N1 N1 N1 N1 N1 N1 N1 N1 N1 N1 N1 N1 W N1 N1 N1 N1 N1 N1 W W W N1 N1 N1 N1 N1 N1 N1 N1 N1 N1 N1 N1 N1 N1 N1 N1 N1 N1 N1 N2 N2 N2 N2 N2 N2 N2 N2 N2 N2 N2 N2 N2 N2 N2 N2 N2 N2 N2 N2 N2 N2 N2 N2 N2 N2 N2 N2 N1 N1 N1 N2 N2 N2 N2 N2 N2 N2 N2 N2 N2 N2 N2 N2 N2 N2 N3 N2 N2 N2 N2 N2 N2 N2 N2 N2 N2 N2 N2 N2 N2 N2 N2 N2 N2 N2 N2 N2 N2 N2 N2 N2 N2 N2 N2 N2 N2 N2 N2 N2 N2 N2 N2 N2 N2 N2 N2 N2 N2 N1 N1 N1 N1 N1 N1 N1 N1 N1 N1 N1 N1 N2 N2 N2 N2 N2 N2 N2 N2 N2 N2 N2 N2 N2 N2 REM REM REM REM REM REM REM REM REM REM REM N1 W W N1 N1 N1 N1 N1 W N1 N1 N1 N1 N1 N1 N1 N1 N1 N1 N1 N2 N2 N2 N2 N2 N1 N1 N1 N2 N2 N2 N2 N2 N2 N2 N2 N2 N2 N2 N2 N2 N2 N2 N2 N2 N1 N1 N1 N1 N1 N1 N2 N2 N2 N2 N2 N2 N2 N2 N2 N2 N2 N2 N2 N2 N2 N2 N2 N2 N2 N2 N2 N2 N2 N2 N2 N2 N2 N2 N2 N2 N2 N2 N2 N2 N2 N2 N2 N2 N2 N2 N2 N2 N1 N1 N1 N1 N1 N1 N1 N1 N1 N1 N1 N1 N1 N1 N1 N1 N1 N1 N1 N1 N1 N1 N1 N1 N1 N1 N1 N1 N1 N1 N1 N1 N1 N1 N2 N2 N2 N2 N2 N2 N2 N2 N2 N2 N2 N2 N2 N2 N2 REM REM REM REM REM REM REM REM REM REM REM REM REM REM REM REM REM REM REM REM REM REM REM REM REM REM REM REM REM REM REM REM REM REM REM REM REM REM REM REM REM REM REM REM REM REM REM REM REM REM REM REM REM N1 W W N1 N1 N1 N1 N1 N1 N1 N1 N1 N1 N1 N1 N1 N1 N1 N1 N1 N1 N1 N1 N1 N1 N1 N1 N1 N1 N1 N1 N1 N1 N1 N1 N1 N1 N1 N1 N1 N1 N1 N1 N1 N1 N1 N1 N1 N1 N1 N1 N1 N1 N2 N2 N2 N2 N2 N2 N2 N2 N2 N2 N2 N2 N2 N2 N2 N2 N2 N2 N2 N2 N2 N2 N2 N2 N2 N2 N2 N2 N2 N2 N2 N2 N2 N2 N2 N2 N2 N2 N2 N2 N2 N2 N2 N2 N2 N2 N2 N2 N2 N2 N3 N2 N2 N2 N2 N2 N1 N1 N1 N1 N1 N1 N1 N1 N1 N1 N1 N1 N1 N1 N1 N2 N2 N2 N2 N2 N2 N3 N2 N2 N2 N2 N2 N2 N2 N1 N1 N1 N1 N1 N1 N1 N1 N1 N1 N2 N1 N1 N1 N1 N1 N1 N1 N1 N1 N1 N1 N2 N2 N2 N2 N2 N2 N2 N2 N2 N2 N2 N2 N2 N2 N2 N2 N2 N2 N2 N2 N2 N2 REM REM REM REM REM REM REM REM REM REM REM REM REM REM REM REM REM REM REM REM REM REM REM REM REM REM REM N1 N1 N1 W N1 N1 N1 N1 N1 N1 N1 N1 N1 N1 N1 N1 N1 N1 N2 N2 N2 N2 N2 N2 N2 N2 N2 N2 N2 N2 N2 N2 N2 N2 N2 N2 N2 N2 N2 N1 N1 N1 N1 N1 N1 N1 N2 N2 N2 N2 N2 N2 N2 N2 N2 N2 N2 N2 N2 N2 N2 N2 N2 N2 N2 N2 N2 N2 N2 W N1 N1 N1 N1 N1 N1 N1 N1 N1 N1 N1 N1 N1 N1 N1 N1 N1 N1 N1 N1 N1 N1 N1 N1 N1 N2 N2 N2 N2 N2 N2 N2 N2 N2 N2 N2 N2 N2 N1 N1 N1 N1 N1 N1 N1 N1 N1 N2 N2 N2 N2 N2 N2 N2 N2 N2 N2 N2 N2 W N1 N1 N1 N1 N1 N1 N1 N2 N2 N2 N2 N2 N2 N2 N2 N2 N2 N2 N2 N2 N2 N2 N2 N1 N1 N1 N1 N1 N1 N1 N1 N1 REM REM N1 REM REM REM REM REM REM REM REM REM REM REM REM REM REM REM REM REM REM REM REM N1 N1 N1 N1 N1 N1 W N1 N1 N1 N1 W N1 N1 N1 N1 N1 N1 N1 N1 N1 N1 N1 N1 N1 N1 N1 N1 N1 N1 N1 N1 N1 N1 N1 N1 N1 N1 N1 N2 N2 N2 N2 N2 N2 N2 N2 N2 N2 N2 N2 N2 N2 N2 N2 N2 N2 N2 N2 N1 N1 N1 N1 N1 N1 N1 N1 N1 N1 N1 N1 N1 N1 N1 N1 N1 N1 N1 N1 N1 N1 N1 N1 N1 N1 N1 N1 N2 N2 N2 N2 N2 N2 N2 N2 N2 N2 N2 N2 N2 N2 N2 N2 N2 W N1 N1 N1 N1 N1 N1 N1 N1 N1 N1 N2 N2 N2 N2 N2 N2 N2 REM REM REM REM REM REM REM REM REM REM REM REM REM N1 N1 N1 N1 N1 N1 W N1 N1 N1 N1 N1 N1 N1 N1 N1 N1 N1 N1 W N1 N1 N1 N1 N1 N1 N1 N1 N1 W W N1 N1 W W W N1 W N1 N1 N1 N1 N1 N1 N1 W W N1 W W N1 N1 N1 N1 N1 W N1 N1 W N1 W W N1 N1 N1 N1 N1 N1 N1 N1 W W W W W W W W W W W W W W W W W W W W W W W W W W W W W W W W W W W W W W W W W W W W W W W W W W W W W W W W W W W W,processed_sleepedf/spectral/SC4511E0-PSG_spectral.pt
processed_sleepedf/tensors/SC4512E0-PSG.pt,W W W W W W W W W W W W W W W W W W W W W W W W W W W W W W W W W W W W W W W W W W W W W W W W W W W W W W W W W W W W N1 N1 N1 N1 N1 N1 N1 N1 N2 N2 N2 N2 N2 N2 N2 N2 N2 N2 N2 N2 N2 N2 N1 N1 N2 N2 N2 N2 N2 N2 N2 N2 N2 N2 N2 N2 N2 N2 N2 N2 N2 N2 N2 N2 N2 N2 N2 N2 N2 N2 N2 N2 N2 N2 N2 N2 N2 N2 N2 N2 N2 N2 N2 N2 N2 N2 N2 N2 N2 N2 N2 N2 N2 N2 N2 N2 N2 N2 N2 N2 N2 N2 N2 N2 N2 N2 N2 N2 N2 N2 N2 N2 N2 N2 N2 N2 N2 N2 N2 N2 N2 N2 N2 N2 N2 N2 N2 N2 N2 N2 N2 N2 N2 N2 N2 N2 N2 N2 N2 N2 N2 W W W W W W W N1 N1 N1 N1 N1 N1 N1 N1 N1 N1 N1 N1 N1 N1 N2 N2 N2 N2 N2 N2 N2 N2 N2 N2 N2 N2 N2 N2 N2 N2 N2 N2 N2 REM REM REM REM REM REM REM REM REM REM REM REM REM REM REM REM REM W N1 N1 REM REM REM REM REM REM REM REM REM REM REM REM W W W W W W W W N1 N1 N1 N1 N1 N1 N1 N1 N1 N1 N1 N1 N1 N1 N1 N1 N1 N1 N1 N1 N1 N1 N1 N1 W N1 N1 N1 N1 N2 N2 N2 N2 N2 N2 W N1 N1 N1 N1 N2 N2 N2 N2 N2 N2 N2 N2 N2 N2 N2 N2 N2 N2 N2 N2 N2 N3 N1 N1 N1 N1 N1 N1 N1 N1 N1 N1 N1 N1 N1 N1 N1 N1 N1 N1 N1 N1 N1 N1 N1 N1 N1 N1 N1 N1 N1 N1 W W N1 N1 N1 N1 N1 N1 N1 N1 N1 N1 N1 N1 N1 N2 N2 N2 W N1 N1 N2 N2 N2 N2 N2 N2 N2 N2 N2 N2 N2 N2 N2 N2 N2 N2 N2 N2 W N1 N2 N2 N2 N2 N2 N2 N2 N2 N2 N2 N2 N2 N2 N2 N2 N2 N2 N2 N2 N2 N2 N2 N2 N2 N2 N2 N2 N2 N2 N2 N2 N2 N2 N2 N2 REM REM REM REM REM REM REM REM REM REM REM REM REM N1 N1 N1 REM REM REM REM REM REM REM REM REM REM REM REM REM REM REM REM REM REM REM REM REM W W W W N1 N1 N1 N1 N1 W W N1 N1 N1 N1 N1 N1 N1 N1 W N1 N2 N2 N2 N2 N2 N2 N2 N2 N2 N2 N2 N2 N2 N2 N2 N2 N2 N2 N2 N2 N2 N2 N2 N2 N2 N2 N2 N2 N2 N2 N2 N2 N2 N2 N2 N2 N2 N2 N2 N2 N2 N2 W N2 N2 N2 N2 N2 N2 N2 N2 N2 N2 N2 N2 N2 N2 N2 N2 N2 N2 N2 N2 N2 N2 N2 N3 N2 N2 N2 N2 N2 N2 N2 N2 N2 N2 N2 N2 N2 N1 N2 N2 N2 N2 N2 N2 N2 N2 N2 N2 N2 N2 W W N1 N1 N2 N2 N2 REM REM REM N2 N2 N2 N2 N2 N2 N2 W N1 N1 N2 N2 N2 N2 N2 N2 N2 N2 N2 N2 N2 N2 N2 N2 N2 N2 N2 N2 N2 N2 N2 REM REM REM W W W W W W W W W W W W W W W N1 N1 N1 N2 N2 N2 N2 N2 N2 N2 N2 N2 W W N1 N2 N2 N2 REM REM REM REM REM REM REM REM REM REM REM REM REM REM REM REM REM REM REM REM REM REM REM REM REM REM W W W W W REM W W W W W W W W W W W W W N1 N1 N1 N1 N2 N2 N2 N2 N2 N2 N2 N2 N2 N2 N2 N2 N2 N2 N2 N2 N2 N2 N2 N2 N2 N2 N2 N2 N2 N2 N2 N2 N2 N2 N2 N2 N2 N2 N2 N2 N2 N2 W W W W W N1 N2 N2 N2 N2 N2 N2 N2 N2 N2 N2 N2 N2 N2 N2 N2 N2 N2 N2 N2 N2 N2 N2 N2 N2 N2 N2 W N1 N1 N1 N2 N2 N2 N2 N2 N2 N2 N2 N2 N2 N2 N2 N2 N2 N2 N2 N2 N2 N2 N2 N2 REM REM REM REM REM REM REM REM REM REM W W N1 W W W W W W N1 N1 N1 N1 W W N1 N1 N1 N1 N1 N1 N1 N1 REM N1 N1 N1 N1 N1 REM REM REM REM REM N1 W W W W W W W W W W N1 N1 N1 W W N1 N1 N1 N1 N1 N1 N1 N1 W W N1 W W N1 N1 W N1 W W N1 N1 N2 N2 N2 N2 N2 N2 N2 N2 W W W N1 N1 N1 N1 N1 W W W W W W W W W W W W W W W W W W W W W W W W W W W W W W W W W W W W W W W W W W W W W W W W W W W W W W W W W W W W,processed_sleepedf/spectral/SC4512E0-PSG_spectral.pt
processed_sleepedf/tensors/SC4522E0-PSG.pt,W W W W W W W W W W W W W W W W W W W W W W W W W W W W W W W W W W W W W W W W W W W W W W W W W W W W W W W W W W W W N1 N1 N1 N1 N1 N1 N1 N1 N1 N1 N2 N2 N2 N2 N2 N2 N2 N2 N1 N1 N2 N2 N2 N2 N2 N2 N2 N2 N2 N2 N2 N2 N2 N2 N2 N2 REM REM REM REM REM REM REM N1 N2 N2 N2 N2 N2 N2 N2 N2 N2 N2 N1 N2 N2 N2 N2 N2 N2 N2 N2 N2 N2 N2 N2 N2 N2 N2 N2 N2 N2 N2 N2 N2 N2 N2 N2 N2 N2 N2 N2 N2 N2 N2 N2 N2 N2 N2 N2 N2 N2 N2 N2 N2 N2 N2 N2 N2 N2 N2 N2 N2 N2 N2 N2 N2 N2 N2 N2 N2 N2 N3 N2 N2 N2 N2 N2 N2 N2 N3 N2 N2 N2 N3 N2 N3 N2 N2 N2 N2 N2 N3 N2 N3 N3 N2 N3 N3 N3 N3 N2 N2 N2 N2 N2 N2 N2 N2 REM REM REM REM REM REM REM REM REM W W W W W W W W W W W W W W W N1 N1 W W N1 N1 W N1 N1 W N1 N1 N1 N1 N2 N2 N2 N2 N2 N2 N2 N2 N2 N2 N2 N2 N2 N2 N2 N2 N2 N2 N2 N2 N2 N2 N2 N2 N2 N2 N2 N2 N2 N2 N2 N2 N2 W W W W W W N2 N2 N2 N2 N2 N2 N2 N2 N2 N2 N2 N2 N2 N2 N2 N2 N2 N2 N2 N2 N2 N2 N2 N2 N2 N2 N2 N2 N2 N2 N2 N2 N2 N2 N2 N2 N2 N2 N2 N2 N2 N2 N2 N2 N2 N2 N2 N2 N2 N2 N2 N2 N2 N2 N2 N2 N2 N2 N2 N2 N2 N2 N2 REM REM REM REM REM REM REM REM REM REM REM REM REM REM REM REM REM REM REM REM REM REM REM REM REM REM REM REM REM REM REM REM REM REM REM REM REM REM REM REM REM REM REM N1 W W W W W W W W W W W W W W W W W W W W W W W W N1 N1 N1 N1 N1 N2 N2 N2 N2 N2 N2 N2 N2 N2 N2 N2 N2 N2 N2 N2 N2 N2 N2 N2 N2 N2 N2 N2 N2 N2 N2 N2 N2 N2 N2 N2 N2 N2 N2 N2 N2 N2 N2 N2 N2 N2 N2 N2 N2 N2 N2 N2 N2 N2 N2 N2 N2 N2 N2 N2 N2 N2 N2 N2 N2 N2 N2 N2 N2 N2 N2 N2 N2 N2 N2 N2 N2 N2 N2 N2 N2 N2 N2 N2 N2 N2 N2 N2 N2 N2 N2 N2 N2 N2 N2 N2 N2 N2 N2 N2 N2 N2 N2 N2 N2 N2 N2 N2 N2 N2 N2 N2 N2 N2 N2 N2 N2 N2 N2 W W W W W W W W N1 N1 N1 N1 N1 N1 N1 N1 N1 N1 N1 N1 N1 N1 N1 N1 N2 N2 N2 N2 W W N1 N1 N2 N2 N2 N2 N2 N2 N2 N2 N2 N2 N2 N2 N2 N2 N2 N2 N2 N2 N2 N2 N2 N2 N2 N2 N2 N2 N2 N2 N2 N2 N2 N2 N2 N2 N2 N2 N2 N2 N2 N2 N2 N2 N2 N2 N2 N2 N2 N2 N2 N2 N2 N2 N2 N2 N2 N2 N2 N2 N2 N2 N2 N2 N2 N2 N2 N2 N2 N2 N2 N2 N2 W W W W W W W W W W W W W W W W W W W W W W W W W W W W W W W W W N1 N1 N1 N1 N1 N1 N1 N1 N1 N1 N1 N2 N2 N2 N2 N2 N2 N2 N2 N2 N2 N2 N2 N2 N2 N2 N2 W W N1 N1 W W W N1 N1 N1 W W W W W W W W W W W W W W W W W W W W W N1 N1 N1 N1 N1 N1 N1 N1 N1 N1 N1 N2 N2 N2 N2 N2 N2 N2 N2 N2 N2 N2 N2 N2 N2 N2 N2 N2 N2 N2 N2 N2 N2 N2 N2 N2 N2 N2 N2 N2 N2 N2 N2 N2 N2 N2 N2 N2 N2 N2 N2 N2 N2 N2 N2 N2 N2 N2 N2 N2 N2 N2 REM REM REM REM REM REM REM REM REM W N1 N1 N1 N1 W W W W W W W W W W W W W W W W W W W W W W W W N1 N1 N1 N1 N1 N1 N1 N2 N2 N2 N2 N2 N2 N2 N2 N2 N2 N2 N2 N2 N2 N2 N2 N2 N2 N2 N2 N2 N2 N2 N2 N2 N2 N2 N2 N2 N2 N2 N2 N2 N2 N2 N2 N2 N2 N2 N2 N2 N2 N2 N2 N2 N2 N2 N2 N2 N2 N2 N2 N2 N2 N2 N2 N2 N2 N2 N2 REM REM REM REM REM REM REM REM REM REM REM REM REM REM REM REM W W W W W W W W W W W W W W W W W W W W N1 N1 N1 W W W W W W W W W W W W W W W W W W W W W W W W W W W W W W W W W W W W W W W W W W W W W W W W W W W W W W W W W W W W,processed_sleepedf/spectral/SC4522E0-PSG_spectral.pt
processed_sleepedf/tensors/SC4531E0-PSG.pt,W W W W W W W W W W W W W W W W W W W W W W W W W W W W W W W W W W W W W W W W W W W W W W W W W W W W W W W W W W W W N1 N1 W W W W W W W N1 N1 W W N1 N1 W N1 N1 N1 N1 N1 N1 N1 N2 N2 N1 N2 N2 N2 N2 N2 N2 N2 N2 N2 N2 N2 N2 N2 N2 N2 N1 N2 N2 N2 N2 N2 N2 N2 N2 N2 N2 N2 N2 N2 N2 N2 N2 N2 N2 N2 N2 N2 N2 N2 N2 N2 N2 N3 N2 N2 N2 N2 N2 N3 N3 N2 N3 N2 N2 N2 N2 N2 N2 N2 N2 N2 N2 N2 N2 N2 N2 N2 N2 N2 N2 N2 N2 N2 N2 REM REM REM REM REM REM REM REM N1 N1 N1 N1 N1 N1 N2 N2 N2 N2 N2 N2 N2 N2 N2 N2 N2 N2 N2 N2 N2 W W W W W N1 N1 N1 N2 N2 N2 N2 N2 N2 N2 N2 N2 N2 N2 N2 N2 N2 N2 N3 N2 N2 N2 N2 N2 N2 N2 N2 N2 N2 N2 N2 N2 N2 N3 N3 N2 N2 N2 N2 N2 N2 N2 N2 N2 N3 N2 N3 N3 N3 N3 N3 N2 N3 N2 N2 N3 N3 N2 N3 W W N1 N2 N2 N2 N2 N2 N2 N2 N2 N2 N1 N1 N1 N1 N1 N1 N2 N2 N2 N2 N2 N2 N2 N2 N2 N2 N2 N2 W W W W W W W W W W W W W W W W W W W W W W W W W W W W W W W N1 N1 N1 N1 N1 N1 N1 N2 N1 N2 N2 N2 N2 N2 N2 N2 N1 N1 N2 N2 N2 N2 N2 N2 N2 N2 N2 N2 N2 N2 N2 N2 N2 N2 N2 N2 N2 N2 W W W W W W W W N1 N1 N1 N2 N2 N2 N2 N2 N2 N2 N2 N2 N1 N2 N2 W W W W W W W W N1 N1 N1 N1 N1 N2 N2 N2 N2 N2 N2 N2 W W N1 N2 N2 N2 N2 N2 N2 N2 N2 N2 N2 N2 N2 N2 N2 N2 N2 N2 N2 N2 N2 N2 N2 N3 N3 N2 N2 REM REM REM REM REM REM REM REM REM REM REM REM REM REM REM REM REM REM REM REM REM REM REM REM REM REM REM REM REM REM REM REM REM REM REM REM REM REM REM REM REM REM REM REM REM REM REM REM REM REM REM REM REM REM REM REM REM REM REM N1 N1 N1 N1 N2 N2 N2 N2 N2 W N1 N1 N2 N2 N2 N2 N2 N2 N2 N2 N2 N2 N2 N2 N2 N2 N2 N2 N2 N2 N2 N2 N2 N2 N2 N2 N2 N2 N2 N2 N2 N2 N2 N2 N2 N2 N2 N2 N3 N2 N3 N2 N2 N3 N3 N2 N3 N3 N2 N3 N3 N3 N3 N2 N1 N2 N2 N1 N2 N2 N2 N2 N3 N2 N3 N3 N2 N2 N3 N3 N2 N2 N3 N1 N2 N2 N2 N2 N2 N2 N1 N2 N3 N3 N3 N2 N2 N3 N3 N2 N3 N3 N2 N2 N2 N2 N2 N1 N1 N2 N2 N1 N2 N2 N2 N2 N2 N2 N2 N2 N2 N2 N2 N2 N2 N2 N2 N2 N2 N2 N2 N2 N2 N2 N2 N2 N2 N1 N2 W W W W W W W W W W W W W W W W W W W W W W W W W W W W W W W W W W N1 N1 N1 N2 N2 W W W W N1 N1 N2 N2 N2 N2 N2 N2 N2 N2 N2 N2 N2 N2 REM REM REM REM REM REM REM REM REM REM REM REM REM REM REM REM REM REM REM REM REM N1 N1 N2 N2 N2 REM REM REM REM N1 N1 REM REM REM REM REM N1 N1 REM REM REM REM REM REM REM REM REM REM REM REM REM REM REM REM REM REM REM REM W N1 N1 W W W N1 W N1 N1 N1 N2 N2 N2 N2 N2 N2 N2 N2 N2 N2 N1 N2 N2 N2 N2 N1 N1 N2 N2 N2 N2 W N1 N1 N2 N2 N2 N2 N2 N2 N2 N2 N2 N2 N2 N2 W W N2 N2 N2 N2 N2 N2 N2 N2 N2 N2 N2 N2 N2 N2 N2 N2 N2 N2 N2 N3 N3 N2 N2 N3 N3 N2 N3 N2 N2 N2 N2 N2 N3 N3 N2 N2 N3 N3 N2 N3 N2 N2 N2 N3 N3 N3 N3 N2 N2 N2 N3 N2 N2 N3 N2 N3 N3 N3 N3 N3 N3 N3 N3 N3 N2 N3 N3 N3 N3 N3 N2 N3 N3 N3 N2 N3 N2 N3 N3 N2 N3 N3 N3 N3 N2 N3 W N2 N2 N2 N2 N2 N3 N2 N2 N2 N3 N2 N2 N2 N2 N2 N2 N2 N2 N2 N2 N2 N1 N2 N2 N2 REM N1 N1 N1 W N1 N2 N2 N1 N2 N2 N2 N2 N1 N2 N2 N2 W N1 N1 N2 N2 N2 REM REM REM REM REM REM REM REM REM REM REM REM REM REM REM REM REM REM REM REM REM REM REM REM REM REM REM REM REM REM REM REM REM REM REM REM REM REM REM REM REM REM N2 N2 N2 N2 N1 N1 N2 N2 N2 N2 N1 N2 N2 N1 N1 W W W W W W N1 N1 N1 N1 N1 N1 N1 N1 N2 N2 N2 N2 N2 REM REM REM REM REM REM REM REM REM REM REM N1 N1 N1 N1 N1 N2 N2 N2 REM REM REM REM REM REM REM REM REM N1 N1 N1 N1 N1 N1 N1 N1 N1 N1 W W W W W W W W W W W W W W W W W W W W W W W W W W W W W W W W W W W W W W W W W W W W W W W W W W W W W W W W W W W W,processed_sleepedf/spectral/SC4531E0-PSG_spectral.pt
processed_sleepedf/tensors/SC4532E0-PSG.pt,W W W W W W W W W W W W W W W W W W W W W W W W W W W W W W W W W W W W W W W W W W W W W W W W W W W W W W W W W W W W N1 N1 W N1 N1 N1 N1 N1 N1 N1 N1 N1 N1 N1 N2 N2 N2 N2 N2 N2 N2 N2 N2 N2 N2 N2 N2 N2 N2 N2 N2 N2 N2 N2 N2 N2 N2 N2 N2 N2 N2 N2 N2 N2 N2 N2 N2 N3 N3 N2 N2 N2 N2 N2 N2 N2 N2 N2 N2 N2 N3 N2 N2 N2 N3 N3 N3 N2 N1 N1 N1 N1 N1 N1 N1 N1 N2 N2 N1 N1 N2 N2 N2 N2 N2 N2 N2 N2 N2 N2 N2 N1 N2 N2 N2 N2 N2 N2 N2 N2 N2 N2 N1 N2 N2 N2 N2 N2 N2 N2 N2 N2 N2 N2 N2 N2 N2 N1 N2 N2 N1 N2 N2 N2 N2 N2 N2 N2 N2 N2 N2 W N1 W N1 N1 N1 N2 N2 N2 N2 N2 N2 N2 N2 N2 N2 N2 N2 N2 N2 N2 N2 N2 N2 N2 N2 N2 N1 N2 N2 N2 N2 N2 N2 N2 N2 N2 N2 N2 N2 N2 N2 N2 N2 N2 N2 N2 N2 N2 N2 N2 N2 N2 N2 N2 N2 N2 N2 N2 N3 N2 N2 N2 N2 REM REM REM REM REM REM REM REM REM REM REM REM REM REM REM REM REM REM REM REM REM REM REM REM REM REM REM REM REM REM REM REM REM REM REM REM REM REM REM N1 REM REM REM N1 N1 N1 N2 N2 N2 N2 N1 N2 N2 N2 N2 N2 N2 N2 N2 N2 N2 N2 N1 N2 N2 N2 N2 N2 N2 N2 N2 N2 N2 N2 N1 N2 N2 N2 N2 N2 N2 N2 N2 N2 N2 N2 N2 N2 N2 N2 N2 N2 N2 N2 N2 N2 N3 N3 N2 N3 N2 N2 N2 N2 N2 N2 N3 N3 N3 N2 N2 N2 N3 N3 N3 N2 N2 N2 N2 N2 N2 N2 N2 N2 N1 N1 N1 N1 N1 N1 N2 N2 N2 N2 N2 N2 N2 N2 N1 N1 N1 N1 N2 N2 N2 N2 N1 N2 N1 N2 N2 N2 N2 N2 N2 N2 N2 N2 N2 N2 N2 N2 N2 N2 N2 N2 W W W W W W W W W W W W W W W W W W W W W W W W W W N1 N1 N1 N1 N1 W W W N1 N1 N1 N1 N1 N1 N1 N1 N1 N1 N1 N1 N2 N2 N2 N2 N2 N2 N2 N2 N2 N2 N2 N2 N2 N2 N2 N2 N2 N2 N2 N2 N2 N2 N2 N2 N2 N2 N2 N2 N2 N2 N2 N2 N2 N2 N2 N2 N2 N2 N2 N2 N2 N2 N2 N2 N2 N2 N2 N2 N2 N2 N2 N2 REM N1 REM REM REM REM REM REM REM REM REM REM REM REM REM REM REM N1 N1 N1 N1 REM N1 N1 N1 N1 N1 REM N1 REM REM REM REM N1 N1 N2 N2 N2 N2 N2 N2 N2 N2 N2 N2 N2 N2 REM REM REM REM REM REM REM REM REM REM REM REM REM REM REM REM REM REM N1 REM REM REM REM REM REM REM REM REM REM REM REM REM REM W W W W W W W W N1 N1 N1 N1 N1 N1 N1 N1 N1 N1 N1 N1 N1 REM REM N1 N1 N1 N1 N1 N1 N1 N1 N2 N2 N2 N2 N2 N2 N2 N2 N2 N2 N2 N2 N2 N2 N2 N2 N2 N2 N2 N2 N2 N2 N2 N2 N2 N2 N2 N2 N2 N2 N2 N2 N2 N2 N2 N2 N2 N2 N2 N2 N2 N3 N2 N2 N2 N2 N2 N2 N2 N2 N2 N2 N2 N2 N2 N2 N2 N2 N2 N2 N2 N2 N2 N3 N2 N2 N2 N2 N2 N2 N2 N2 N2 N3 N2 N2 N2 N2 N2 N2 N2 N2 N2 N2 N2 N2 N2 N3 N2 N2 N2 N2 N2 N2 N2 N2 N2 N2 N2 N3 N2 N2 N2 N2 N2 N2 N2 N2 N2 N2 N2 N2 N2 N2 N2 W W W W W N1 N2 N2 N2 N2 N2 N2 REM REM REM REM REM REM REM REM REM REM REM REM REM REM REM REM REM REM REM REM REM REM REM REM W W N1 N1 N1 N1 N1 N1 N1 N1 N1 N1 N1 W N1 N1 N1 N1 N1 N2 N2 N2 N2 N2 N2 N2 N2 N2 N2 N2 N2 N2 N2 N2 N2 N2 N2 N2 N2 N2 N2 N2 N2 N2 N2 N2 N2 N2 N2 N2 N2 N2 N2 N2 N2 N2 N2 N2 N2 N2 N2 N2 N2 N2 N2 N2 N2 N2 N2 N2 N2 N2 N2 N2 N2 N2 N2 N2 N2 N2 N2 N2 N2 N2 N2 N2 N2 N2 N2 N2 N2 N2 N2 REM REM REM REM REM REM REM REM REM REM REM REM REM REM REM REM REM REM REM REM REM REM REM REM REM REM REM W N1 N1 N1 N1 N1 N1 N1 N1 N1 N1 N1 N1 REM REM REM REM REM REM REM REM REM REM REM REM W N1 N1 N1 N1 W W N1 N1 N1 N2 N2 N2 N2 N2 N2 N2 N2 N2 N2 N2 N2 N2 N2 N2 N2 N2 N2 N2 N2 N2 N2 N2 N2 N2 N2 N2 N2 N2 N2 N2 N2 N2 REM REM REM REM REM REM REM REM REM W N1 N1 N2 N2 N2 N2 N2 N2 N2 W W N1 N1 N1 N1 N1 N1 W W W W W W W W W W W W W W W W W W W W W W W W W W W W W W W W W W W W W W W W W W W W W W W W W W W W W W W W W W W W,processed_sleepedf/spectral/SC4532E0-PSG_spectral.pt
processed_sleepedf/tensors/SC4541F0-PSG.pt,W W W W W W W W W W W W W W W W W W W W W W W W W W W W W W W W W W W W W W W W W W W W W W W W W W W W W W W W W W W W N1 N1 N1 N1 W W W W W N1 W W W W W W N1 W W W N2 N2 N1 N2 N1 W W N1 W W W W W W W W W W W W W W W W W W W W W W W W W W W W W W W W W W W W W W W W W W W W W W W W W W W W W W W W W W W W W W W W W W W W W W W W W W W W W W W W W W W W W W W W W W W W W W W W W W W W W W W W W W W W W W W W W W W W W W W W W W W W W W W W W W W W W W W W W W W W W W W W W W W W W W W W W W W W W W W W W W W W W W W W W W W W W W W W W W W W W W W W W W W W W W W W W W W W W W W W W W W W W W W W W W W W W W W W W W W W W W W W W W W W W W W W W W W W W W W W W W W W W W W W W W W W W W W W W W W W W W W W W W W W W W W W W W W W W W W W W W W W W W W W W W W W W W W W W W W W W W W W W W W W W W W W W W W W W W W W W W W W W W W W W W W W W W W W W W W W W W W W W W W W W W W W W W W W W W W W W W W W W W W W W W W W W W W W W W W W W W W W W W W W W W W W W W W W W W W W W W W W W W W W W W W W W W W W W W W W W W W W W W W W W W W W W W W W W W W W W W W W W W W W W W W W W W W W W W W W W W W W W W W W W W W W W W W W W W W W W W W W W W W W W W W W W W W W W W W W W W W W W W W W W W W W W W W W W W W W W W W N1 N1 W N1 W W W W W W W N1 N1 W W W N1 N1 N1 N1 N1 N1 N1 N1 N1 N1 N1 N1 N1 N1 N2 N2 N2 N2 N2 N2 N2 N2 N2 N2 N2 N2 N2 N2 N2 N2 N2 N2 N2 N2 N2 N2 N2 N2 N2 N2 N2 N2 N2 N2 N2 N2 N2 N1 N1 N2 N2 N2 N2 N2 N2 N2 N2 N2 N2 N2 N2 N2 N2 N2 N2 N2 N1 N2 N2 N2 N2 N2 N2 N2 N2 N2 N2 N2 N2 N2 N2 N2 N2 N2 N1 N2 N2 REM REM REM REM REM REM REM REM REM REM REM REM REM REM REM W N1 N1 N1 N1 REM N1 N1 N1 N2 N2 N2 N2 N2 N2 N2 N2 N2 N2 N2 N2 N2 N2 N2 N2 N2 N2 N2 N2 N2 N2 N2 N2 N2 N2 N2 N2 N2 N2 N2 N2 N2 N2 N2 N2 N2 N2 N2 N2 N2 N2 N2 N2 N2 N2 N2 N2 N2 N2 N2 N2 N2 N3 N2 N2 N2 N3 N2 N2 N2 N2 N2 N3 N2 N2 N2 N2 N2 N1 N2 W N1 N1 N2 N2 N2 N2 N1 N2 N2 N2 N1 N1 N2 N2 N2 N2 N2 N2 N2 N2 N2 N2 N2 N2 N2 N2 N2 N2 REM REM REM REM REM REM REM REM REM REM REM REM REM REM REM REM REM REM REM REM REM REM REM REM REM REM REM REM REM REM REM W N1 N1 N1 N2 N1 N1 N2 N2 N2 N2 N2 N2 N2 N1 N1 N2 N2 N2 N2 N2 N2 N1 N2 N2 N2 N2 N2 N2 N2 N2 N2 N2 N2 N1 N2 N1 N2 N2 N2 N2 N2 N2 N2 N2 N2 N2 N2 N1 N2 N2 N2 N2 N2 N2 N2 N1 N1 N1 N1 N2 N2 N2 N2 N2 N2 N2 N2 N2 N2 N2 N2 N2 N2 N2 N2 N2 N2 N2 N2 N2 N2 N2 N2 N2 N2 N2 N3 N2 N2 N2 N3 N1 N2 N2 N2 N2 N2 N2 N2 N2 N2 N2 N2 N2 N1 N1 N2 N2 N2 N2 N2 N2 N2 N2 N2 N2 N2 N1 N1 N2 N2 N1 N2 N1 N1 N2 N2 N2 N1 N1 N1 N2 N1 N2 N2 N2 N2 W W W W W W W W W W W W W W N1 N1 N1 N1 N1 N1 N1 N1 N1 N1 N1 N2 N2 N2 N2 N2 N2 N2 N2 N2 N1 N1 N1 N2 N2 N2 N1 N1 N2 N1 N2 N2 N2 N2 N2 N2 N2 N2 N2 N2 N2 N2 N2 W N1 N2 N2 N2 N2 N2 N2 N2 N2 N2 N2 N2 N2 N2 N2 N2 N2 N2 N2 N2 N2 N2 N2 N2 N2 N2 N2 N2 N2 N2 N2 N2 N2 N1 N1 N2 N2 N1 N1 W N1 N1 N2 N1 N1 N2 N1 N1 N2 N1 N1 N2 N2 N2 N2 N2 N2 REM REM REM REM REM REM REM REM REM REM REM REM REM REM REM N1 N1 N1 N1 N2 N1 N2 N2 N2 N2 N2 N2 N2 N1 N1 N1 N2 N2 N2 N2 N2 N2 N2 N2 N2 N2 N2 N2 N2 N2 N2 N2 N2 N2 N2 N2 N2 N2 N2 N2 N2 N2 N1 N2 N2 N2 N2 N2 N2 N2 N2 N2 N2 N2 N2 N2 N2 N2 N2 N1 N2 N2 REM REM REM REM REM REM REM REM REM REM REM REM REM REM REM REM REM REM REM N1 N1 W N1 N1 N2 N2 N2 N2 N2 N2 N2 N2 N2 N2 N2 N2 N2 N2 N2 N2 N2 N2 N2 N2 N2 N2 N2 N2 N2 N2 N2 N2 N2 N2 N2 N2 N2 N2 N2 N2 N2 N2 N2 N2 N2 N2 N2 N2 N2 N2 N2 N2 N2 N2 N2 N2 N2 N2 N2 N2 N2 N2 N2 N2 N2 N2 N2 N2 N2 N1 N1 N1 N1 N1 N1 N1 N1 N1 N1 N2 N2 N2 N2 N2 N2 N2 N2 N2 REM REM REM REM REM REM REM REM REM REM REM REM REM REM REM REM REM REM REM REM N1 N1 N1 N1 N1 N1 N1 N2 W N1 N1 N1 N1 N1 N1 N1 N1 N1 N2 N2 N2 N2 N2 N2 N2 N2 N2 N2 N2 N2 N2 N2 N2 N2 N2 N2 N2 N1 N2 N2 N2 N2 N2 N2 N2 N2 N2 N2 N2 N2 N2 N2 N2 N2 N2 N2 N1 N1 N1 N2 N2 N2 N2 N2 N2 N2 N2 N2 N2 N2 N2 N2 N2 N2 N2 N2 N2 N2 N2 N2 N2 N2 N2 N2 N2 N2 W W N1 N2 N2 N2 N2 N2 N2 N2 N2 N2 N1 N2 N2 REM REM REM REM REM REM REM REM REM REM REM REM REM REM REM REM REM REM REM REM REM REM REM W N1 N1 N1 W N1 N1 N2 N2 REM REM N1 REM REM REM REM REM REM REM REM REM N1 N1 N1 N1 N1 N1 N1 N1 N1 N1 N1 W W N1 N1 N1 N1 N1 N1 N2 N2 N2 N1 N1 N1 N1 N2 N2 N1 N1 N1 N1 N1 N1 N1 N1 N1 N2 N2 N2 N2 N1 N1 N2 N2 N2 N1 N1 N2 N2 W W W W W W W W W W W W W W W W W W W W W W W W W W W W W W W W W W W W W W W W W W W W W W W W W W W W W W W N1 W W W W W W W W W W W W W W W W W N1 W W W W W W W W W W W N1 N1 W W W W W W W W W W W W W W W N1 N1 W W W W W W W W N1 W N1 N1 W W W W W W W W W W W N1 W W W W W N1 W W W W W W W W W W W W W W W W W W W W W W W W W W W W W W W W W W W W W W W W W W W W W W W W W W W W W W W W W W W W,processed_sleepedf/spectral/SC4541F0-PSG_spectral.pt
processed_sleepedf/tensors/SC4542F0-PSG.pt,W W W W W W W W W W W W W W W W W W W W W W W W W W W W W W W W W W W W W W W W W W W W W W W W W W W W W W W W W W W W N1 W N1 W W N1 N1 N1 N1 N1 N1 N2 N2 N2 N1 N1 N2 N2 N2 N2 N2 N2 N2 N2 N2 N2 N2 N2 N2 N2 N2 N2 N2 N2 N3 N2 N2 N2 N2 N3 N2 N2 N2 N2 N2 N3 N2 N2 N2 N2 N2 W W W W W W W W W W W W N1 N1 N1 N1 N1 N1 N1 N1 N1 N1 N1 N2 N2 N2 N2 N2 N2 N2 N2 N2 N2 N2 N2 N2 N2 N2 N2 N2 N2 N2 N2 N2 N2 N2 N2 N2 N2 N2 N2 N2 N2 N2 N2 N2 N2 N2 N2 N2 N1 N2 N2 N2 N2 N2 N2 N2 N2 N2 N2 N2 N2 N2 N1 N1 N2 N2 N2 REM REM REM REM W N1 N1 N2 N2 N2 N2 N2 N2 REM REM REM REM REM REM N1 REM REM REM REM REM REM REM REM REM REM REM REM REM REM REM REM REM N1 N1 W W W W W N1 N1 N1 N1 W W W W N1 N1 N1 N1 N1 N1 W N1 N1 N1 N2 N2 N2 N2 N2 N2 N2 N1 N2 N2 N2 N2 N2 N2 N2 N2 N2 N2 N2 N3 N2 N2 N2 N3 N2 N2 N3 N3 N2 N3 N3 N3 N3 N3 N3 N3 N3 N3 N3 N3 N2 N2 N3 N2 N3 N3 N2 N3 N2 N3 N3 N3 N3 N3 N2 N3 N3 N2 N2 N3 N3 N3 N1 N2 N2 N2 N2 N3 N3 N3 N3 N3 N3 N3 N3 N3 N3 N3 N3 N3 N3 N3 N3 N3 N3 N3 N3 N3 N3 N3 N3 N3 N3 N2 N3 N3 N3 N3 N3 N3 N3 N3 N3 N3 N3 N3 N3 N1 N3 N2 N1 N1 W W N1 N1 N2 N2 N2 N2 N2 N2 N2 N2 N2 N2 N2 N2 N2 N2 N2 N2 REM N1 N1 N2 REM REM REM REM REM REM REM REM REM REM REM W N1 REM REM REM REM REM W N1 N1 W N1 N1 N2 N2 N2 N2 N2 N2 N2 N2 N2 N2 N2 N2 N2 N2 N2 N2 N3 N2 N2 N2 N2 N2 N2 N2 N2 N2 N2 N2 N2 N2 N2 N2 N2 N2 N2 N2 N2 N2 N2 N3 N2 N2 N2 N2 N2 N2 N2 N2 N2 N2 N2 N2 N2 N2 N2 N2 N2 N3 N2 N3 N2 N3 N3 N1 N1 W W N1 W N1 N1 N1 N2 N2 N2 N2 N2 N2 N2 N2 N2 N2 N2 N2 N2 N2 N1 N2 N2 N2 N2 N2 N2 N2 N1 N2 N1 N2 N2 N2 N1 N2 N1 N2 N1 N2 N1 N2 N1 N1 N2 N1 N2 N2 N1 N2 N2 N2 N2 N2 N2 N2 N2 N2 N2 N2 N2 N2 N2 N2 N2 N2 N2 N2 N2 REM REM REM REM REM REM REM REM REM REM REM REM REM REM REM REM REM REM REM N1 REM REM N1 N1 N1 N1 N1 REM REM REM REM REM REM W N1 N1 W W W W W W W W W W W W W W W W N1 W N1 N1 W W W W W N1 N1 N1 N1 N1 N1 N1 N1 N1 N1 N2 N2 N2 N2 N2 N2 N1 N2 N1 N2 N2 N2 N2 N2 N2 N2 W N1 N1 N1 N2 N2 N2 N2 N2 N2 N2 N2 N2 N2 N2 N2 N2 N2 N2 N2 N2 N2 N2 N2 N1 N1 N2 N2 N2 W N1 N1 N1 N2 N2 N2 N2 N2 N2 N2 N2 N2 N2 N2 N1 N2 N2 N2 N2 N2 N2 N2 N2 N2 N2 N2 N2 N2 N2 N2 N2 N2 N2 N2 N2 N2 N2 N2 N2 N2 N2 N2 N2 N2 N2 N1 N1 N2 N2 N2 N2 N2 N2 N2 N2 N2 N2 N2 N2 N2 N2 N2 N2 N2 W W N2 N2 N2 N2 N2 N2 REM REM REM REM REM REM REM REM REM REM REM REM REM REM REM REM REM REM REM REM REM REM REM N1 N1 N1 N1 W N1 N1 REM REM REM N1 N2 N2 W N1 N1 N1 N1 N1 N2 N2 N2 N1 N1 N2 N2 N2 N2 N2 N2 N2 N1 N1 N1 N2 N2 N2 N2 N2 N2 N2 N2 W N1 N1 N1 N1 N2 N1 N2 N2 N2 N2 N2 N2 N2 W N1 N2 N2 N2 N2 N2 N2 N2 N2 N2 N2 N2 N1 N1 N1 N2 N1 N2 W N1 N1 W W W W W W W W W W N1 W W W W W W W W W W W W W W W W W W W W W W W W W W W W W W W W W W W W W W N1 W W W W W W W W W W W W N1 W W W W W W N1 N1 W W W W W N1 N1 N1 N2 N2 N1 N1 W W N1 N1 N1 N2 N2 N2 W W W N1 N1 N1 N2 N2 N2 N2 N2 N2 N2 N2 N2 N2 N2 N2 N2 N1 N1 N2 N2 N2 W N1 N2 N2 N2 N2 N2 N2 N2 N2 N2 N2 N2 N2 W N1 N1 N1 N2 N2 N2 REM REM REM REM REM N1 N2 N2 REM REM REM REM REM REM REM REM REM REM REM REM REM N1 N1 N1 REM REM REM N1 N1 N2 N2 N2 N1 REM REM N1 N1 N1 N2 N2 N2 N2 N1 N1 N1 N1 N1 N2 N1 N2 N1 N2 N2 N2 W W W N1 N1 N1 N2 N1 N1 N1 N1 N1 N1 N1 N1 N1 N1 N1 N2 N2 N1 N1 N1 N2 N2 W W W N1 N1 N2 N2 N1 N1 N1 N2 N2 N2 N2 W W N1 W W W N1 N1 N1 N1 N1 W W W N1 N1 W W N1 N1 W N1 W W W W W W W W W W W W W W W W W W W W W W W W W W W W W W W W W W W W W W W W W W W W W W W W W W W W W W W W W W W W,processed_sleepedf/spectral/SC4542F0-PSG_spectral.pt
processed_sleepedf/tensors/SC4551F0-PSG.pt,W W W W W W W W W W W W W W W W W W W W W W W W W W W W W W W W W W W W W W W W W W W W W W W W W W W W W W W W W W W W N1 N1 N1 N1 N2 N2 N2 N2 N2 N2 N2 N2 N2 N2 N2 N2 N2 N2 N2 N2 N2 N2 N2 N2 N2 N2 N2 N2 N2 N2 N3 N3 N3 N2 N2 N2 N2 N2 N2 N2 N2 N2 N2 N3 N2 N2 N2 N2 N3 N2 N3 N2 N2 N2 N2 N2 N2 N2 N2 N2 N2 N2 N2 N2 N2 N2 N2 N2 N2 N2 N2 N2 N2 N2 N2 N2 N2 N2 N2 N2 N2 REM REM REM REM REM REM REM REM REM REM W W N1 N1 N2 N2 N2 N2 N2 N2 N2 N2 N2 N2 N2 N2 N2 N2 N2 N2 N2 N2 N2 N2 REM REM REM REM REM REM REM REM REM REM W N1 N1 N1 N1 N2 N2 N2 N2 N2 N2 N2 N2 N2 N2 N2 N2 N2 N2 N2 N2 N2 N2 N2 N2 N2 N2 N2 N2 N2 N2 N3 N3 N2 N2 N3 N2 N2 N2 N2 N2 N2 N3 N2 N2 N2 N2 N2 N2 N2 N2 N2 N3 N2 N3 N2 N2 N3 N3 N2 N3 N3 N3 N2 N3 N2 N2 N2 N3 N2 N3 N2 N2 N2 N2 N2 N2 N2 N3 N2 N2 N3 N2 N2 N2 N2 N2 N2 N2 N2 N2 N2 N3 N3 N3 N3 N3 N3 N3 N3 N3 N3 N3 N3 N3 N3 N3 N3 N3 N3 N3 N3 N3 N2 N2 N2 N2 N2 N3 N2 N2 N2 N2 N2 N2 N2 N3 N3 N3 N2 N2 N1 N1 N1 N1 N1 N1 N2 N2 N2 N2 N2 N2 N2 N2 N2 W N1 N1 N1 N1 N1 N2 N2 N2 N2 REM REM REM REM REM REM REM REM REM REM REM REM REM REM W N1 N1 N1 REM REM REM REM REM REM N2 N2 N2 N2 N2 N2 N2 N2 N2 N2 N2 N2 N2 N2 N2 N2 N2 N2 N2 N2 N2 REM REM N1 N2 N2 N2 N2 N2 N2 N2 N2 N2 N2 N2 N2 N2 N2 N2 N2 N2 N2 N2 N2 N2 N2 N2 N2 N2 N2 N2 N2 N2 N2 N2 N2 N2 N2 N2 N2 N2 N2 N2 N2 N2 N2 W W W N1 N1 N1 N1 N1 N1 N2 N2 N2 N2 N2 N2 N2 N2 N2 N2 N2 N2 N2 N2 N2 N2 N2 N2 N2 N2 N2 N2 N2 N2 N2 N2 N2 N2 N2 N2 N2 N2 N2 N2 N2 N2 N2 N2 N2 N2 N2 N2 N2 N2 N2 N2 N2 N2 N2 N2 N2 N2 N2 N2 N2 N2 N2 N2 N2 N3 N2 N2 N2 N2 N2 N2 N2 N2 N2 W W N1 N2 N2 N2 N2 N2 N2 N2 N2 N2 N2 N2 N2 N2 N2 N2 N2 N2 N2 N2 N2 N2 N2 N2 N2 N2 N1 N1 N1 N1 N2 N2 N2 N2 N2 W N1 N1 N1 N1 N1 N1 N1 N1 REM REM REM REM REM REM REM REM REM REM REM REM REM REM REM REM REM REM REM REM REM REM REM REM REM REM REM REM REM REM REM REM REM REM REM REM REM REM REM REM REM REM REM REM REM REM REM REM REM REM REM REM W W W N1 N1 N1 N1 N1 N1 N1 N1 N1 N1 N2 N2 N2 N2 N2 N2 N2 N2 N2 N2 N2 N2 N2 N2 N2 N2 N2 N2 N2 N2 N2 N2 N2 N2 N2 N2 N2 N2 N2 N2 N2 N2 N2 N2 N1 N1 N2 N2 N2 N2 N2 N2 N2 N2 N2 N2 N2 N2 N2 N2 N2 N2 N2 N2 N2 N2 N2 N2 N2 N2 N2 N2 N2 N2 N2 N2 N2 N2 N2 N2 N2 N2 N2 N2 N2 N2 N2 N2 N2 N2 N2 N2 N2 N2 N2 N2 N2 N2 N2 N2 N2 N2 N2 N2 N2 N2 N2 N2 N2 N2 N2 N2 N2 N2 N2 N2 N2 N2 N2 N2 N2 N2 N2 N2 N2 N2 N2 N2 N2 N2 N2 N2 N2 N2 N2 N2 N2 N2 N2 N2 N2 N2 N2 N2 N2 N2 N2 N2 N2 REM REM REM REM REM REM REM REM REM REM REM REM REM W W W W W W W W W W W W W W W W W W W W W W W W W W W W W W N1 W N1 N1 W W N1 W W W W W W W N1 W W W N1 W W N1 W W W W N1 W W W W W W W W W W W W W W W W W W W W W W W W W W W W W W W W W W W W W W W W W W W W W W W W W W W W W W W W W W W W W W W W W W W W W W W W W W W W W W W W W W W W W W W W W W W W W W W W W W W W W W W W W W W N1 N1 N1 N1 W W W W W W W W W W N1 N1 N1 N1 N1 N1 N1 N1 N1 N1 N1 N1 N1 N1 N1 N1 N1 W N1 N1 W W W W W N1 W W N1 W N1 W W W W W N1 W W W W W W W W W W W W W W W W W W W W W W W W W W W W W W W W W W W W W W W W W W W W W W W W W W W W W W W W W W W W,processed_sleepedf/spectral/SC4551F0-PSG_spectral.pt
processed_sleepedf/tensors/SC4552F0-PSG.pt,W W W W W W W W W W W W W W W W W W W W W W W W W W W W W W W W W W W W W W W W W W W W W W W W W W W W W W W W W W W W N1 N1 N1 N2 N2 N2 W W W W N1 N1 N2 N2 N2 N2 N2 W W N1 W W W W W W W W W W W W W W W W W W W W W W W W W W W W W W W W W W W W W W W W W W W W W W W W W W W W W W W W W W W W W W W W W W W W W W W W W W W W W W W W W W W W W W W N1 N1 N1 N1 N1 N1 N1 N1 N1 N1 N1 N2 N2 N2 N2 N2 N2 N2 N2 N2 N2 N2 N2 N2 N2 N2 N2 N2 N2 N2 N2 N2 N2 N2 N2 N2 N2 N2 N2 N2 N2 N2 N2 N2 N2 N2 N2 N2 N2 N2 N2 N2 N2 N2 N2 N2 N2 N2 N2 N2 N2 N2 N2 W N1 N1 N1 N1 N1 N1 N1 N1 N2 N2 N2 N2 N2 N2 N2 N2 N2 N2 N2 N2 N2 N2 N2 N2 N2 N2 N2 N2 N2 N2 N1 N2 N2 N2 N2 N2 N2 N2 N2 N2 N2 N2 N2 N2 N2 REM W W W W N1 N1 N1 N1 N1 N1 N1 N2 N2 N2 N1 N1 N1 N2 N2 N2 N2 N2 N2 N2 REM REM REM REM REM W N1 REM REM REM REM REM REM REM REM REM REM REM REM REM REM REM REM REM REM REM REM W N1 N1 N1 N1 N1 N1 N2 N2 N2 N2 N2 REM REM REM REM REM REM REM REM REM REM REM REM N2 N2 N2 N2 N2 N2 N2 N2 N2 N2 N2 N2 N2 N2 N2 N2 N2 N2 N2 N2 N2 N2 N2 N2 N2 N2 N2 N2 N2 N2 N2 N2 N2 N2 N2 N2 N2 N2 N2 N2 N2 N2 N2 N2 N2 N2 N3 N2 N2 N2 N2 N2 N2 N2 N2 N2 N2 N2 N2 N2 N2 N2 N2 N2 N2 REM REM REM REM REM REM REM REM REM REM REM REM REM REM REM REM REM REM REM REM REM REM REM REM REM REM REM REM REM REM REM REM REM REM REM REM REM REM REM REM REM REM REM REM REM REM REM REM REM REM REM REM REM REM REM REM REM REM REM REM REM REM REM REM REM REM REM REM REM REM REM REM REM REM REM REM REM REM REM REM REM REM REM REM REM REM REM REM REM REM REM REM REM REM REM REM REM REM REM REM REM REM REM REM REM REM REM REM REM N2 N2 N2 N2 N2 N2 N2 N2 N2 N2 N2 N2 N2 N2 N2 N2 N2 N2 N2 N2 N2 N2 N2 N2 N2 N2 N2 N2 N2 N2 N2 N2 N2 N2 N1 N1 N1 N1 N1 N1 N1 N1 N2 N2 N2 N2 N2 N2 N2 N2 N2 N2 N2 N2 N2 N2 N2 N2 N2 N2 N2 N2 N2 N2 N2 N2 N2 N2 N2 N2 N2 N2 N2 N2 N2 N2 N2 N2 N2 N2 N2 N2 N2 N2 N2 N2 N2 N2 N2 N1 N1 N1 N2 N2 N2 N2 N2 N2 N2 N2 N2 N2 N2 N2 REM REM REM REM REM REM REM REM REM REM REM REM REM REM REM REM REM N1 N1 N1 N1 REM REM REM REM REM REM REM REM REM REM REM REM REM REM REM REM REM REM REM REM N1 N1 REM REM N1 N1 N1 N1 N1 N1 N1 N2 W N1 W N1 N1 N1 N1 N1 N1 N1 N1 N1 N1 N2 N2 N2 N1 N2 N1 N1 N2 N2 N2 N2 N2 N2 N2 N2 N2 N2 N2 N2 N2 N2 N2 N2 N2 N2 N2 N2 N2 N2 N2 N2 N2 N2 N2 N2 N2 N2 N2 N2 N2 N2 N2 N2 N2 N2 N2 N2 N2 N2 N2 N2 N2 N2 N2 N2 N2 N2 N2 N2 N1 N2 N2 N2 N2 N2 N2 N2 N2 N2 N2 N2 N2 N2 N2 N2 N2 N2 N2 N2 N2 N2 N2 N2 N2 N2 N2 N2 N2 N2 N2 N2 N2 N2 N2 N2 N2 N2 N2 N2 N2 N2 N2 N2 N2 N2 N2 N2 N2 W N1 N1 N1 N2 N2 N2 N2 W W W W W W W W W W N1 N1 N1 N2 N2 N2 N2 N2 N2 N2 REM REM REM REM N1 N1 REM REM REM REM REM REM REM REM REM REM REM REM REM REM REM REM REM REM REM REM REM REM REM REM REM REM REM REM REM REM REM REM REM REM REM REM REM REM REM REM REM REM REM REM REM REM REM REM REM REM REM REM REM REM REM N1 N1 N1 N1 N2 N1 N1 N1 N1 N1 N1 N1 N1 N2 N2 N2 N2 N2 N2 N2 N2 N2 N2 N1 N1 N1 N1 N1 W W W W W W W W W N1 W W W W W W W W W W W W W W W W W W W W W W W W W W W W W W W W W W W W W W W W W W W W W W W W W W W W W W W W W W W W W W W W N1 W W W W W W W W W W W W W W W N1 W W W W W W W W W N1 W W W N1 N1 N1 W N1 W W W W W W W W W W W W W W W W W W W W W W W W W W W W W W W W W W W W W W W W W W W W W W W W W W W W W W W W W W W W,processed_sleepedf/spectral/SC4552F0-PSG_spectral.pt
processed_sleepedf/tensors/SC4561F0-PSG.pt,W W W W W W W W W W W W W W W W W W W W W W W W W W W W W W W W W W W W W W W W W W W W W W W W W W W W W W W W W W W W N1 N1 N1 N1 N1 N1 N1 N1 N1 N1 N1 N1 N1 N1 N1 N1 N1 W W W W W W W W W N1 N1 N1 N1 N1 N1 W N1 N1 N1 N1 N1 N1 N1 N1 N2 N2 N2 N2 N2 N2 N2 N2 N2 N2 N2 N2 N1 N1 N2 N3 N2 N2 N3 N2 N3 N2 N3 N2 N3 N3 N3 N3 N3 N2 W W N1 N1 N1 N1 N1 N1 N1 N1 N1 N1 N1 N1 N1 N1 N1 N1 N1 N1 N1 N2 N1 N1 N1 N2 N2 N2 N1 N1 N1 N1 N1 N1 N1 N1 N1 N1 N1 N1 N1 N1 N1 N2 N2 N2 N2 N2 N2 N2 N2 N2 N2 N2 N2 N2 N3 N1 N1 W W W W W N1 N1 N1 N1 N1 N1 N1 N1 N1 N2 N2 N2 N1 N1 N1 N1 N1 N1 N2 N2 N1 N2 N2 N2 N2 N2 N2 N2 N2 N2 N2 W W N1 N1 N1 N1 N1 N1 N1 N1 N1 N1 N1 N1 N1 N2 N1 N1 W W W W W W W W W W W N1 N1 N1 N1 N1 N1 N1 N1 N1 N1 N1 N2 N2 N2 N2 N2 N2 N2 N2 N2 N2 N2 REM REM REM REM REM REM REM REM REM REM REM REM REM REM REM REM REM REM REM REM REM REM REM REM REM REM REM REM REM REM REM REM REM REM REM REM REM N1 N1 N2 N2 N2 N2 N2 N2 N2 N2 N2 N2 N2 N2 N1 N1 N1 N1 N1 N1 N1 N1 N1 N1 REM REM REM REM REM REM REM N1 N1 N1 N1 REM REM REM REM REM REM REM REM REM REM REM N1 REM N1 N1 N1 N1 N1 N1 N1 N1 REM REM N1 N1 N1 N1 N1 N1 N1 N2 N2 N2 N2 N2 N2 N2 N2 N2 N2 N2 N2 N2 N3 N3 N3 N2 N2 N2 N2 N1 N1 N1 N1 N1 N1 N1 N1 N1 N1 N1 N1 N1 N1 N1 N2 N2 N2 N2 N2 N2 N2 N2 N2 N2 N3 N2 N3 N3 N3 N3 N2 N3 N3 N3 N3 N3 N2 N2 N3 N3 N2 N3 N3 N2 N3 N3 N2 N3 N3 N3 N3 N3 N2 N3 N3 N3 N3 N3 N3 N3 N2 N3 N3 N3 N3 N3 N3 N2 N2 N3 N3 N2 N2 N2 N2 N2 N2 N2 N2 N2 N2 N3 N2 N2 N2 N2 N2 N2 N2 N2 N2 N1 N1 N1 N1 N1 N1 N1 N1 N1 N2 N1 N1 N1 N1 N1 N2 N2 N2 N2 N2 N2 N2 N2 N2 N2 N2 N2 N2 N2 N2 N2 N2 N2 N1 N1 N1 N1 N1 N1 N2 N2 N2 N2 N2 N2 N1 N1 N1 N1 N1 N1 N1 N1 N1 N1 W N1 N1 N1 N1 N1 N1 N1 N1 N1 N1 N1 N1 N1 N1 N1 N1 N1 N1 N2 N2 N2 N2 N2 N2 N2 N2 N2 N1 N1 N2 N2 N2 N2 N1 N1 N1 N2 N2 N2 N2 N2 N2 N1 N1 W W W N1 N1 N1 N1 N1 N1 W W W W W W N1 N1 N1 W N1 N1 N1 N1 N1 N1 N1 N1 N1 N1 N1 N1 N1 N2 N2 N2 N2 N2 N2 N1 N1 REM REM REM REM REM REM REM REM N1 REM REM N1 N1 N1 N1 N1 N1 N1 N1 N1 N1 N1 N1 N1 N1 N1 N1 N1 N1 N1 N1 N1 N1 N2 N2 N2 N2 N2 N2 N2 N2 N2 N2 N2 N1 N1 N1 N2 N2 N2 N2 N2 N2 REM REM REM REM REM REM REM REM REM REM REM REM REM REM REM REM REM REM REM REM REM REM REM REM REM REM REM REM REM REM REM REM REM REM REM REM REM W W W W W W W W W W W N1 N1 N1 N1 N1 W W W W W N1 W W W W N1 W N1 N1 W W W W W W N1 W N1 N1 N1 N1 N1 N1 N1 N1 N1 N1 N2 N2 N2 N2 N2 N2 N2 N2 N2 N2 N2 W N1 N1 N1 N1 N1 W W W W W N1 N1 N1 N1 N1 N1 N1 N1 N1 N1 N1 N1 N1 N1 W N1 N1 N1 N1 N1 N1 N1 W W N1 N1 W N1 N1 N1 N1 N1 N1 N1 N1 N1 N1 N1 N1 N1 N1 N1 N1 N1 N1 N1 N1 N1 N1 N1 N1 N1 N1 N1 N2 N2 N2 N2 N2 N2 N2 N2 N2 N2 N2 N2 N2 N2 N2 N2 N2 N2 N2 N2 N2 N2 N2 N2 N2 N2 N2 N2 N2 N2 N2 N2 N2 N2 N2 N1 N1 N1 N1 N1 N1 N1 N1 N1 W N1 N1 N1 N2 N2 N2 N2 N2 N2 N2 N2 N2 N2 N2 N2 REM REM REM REM REM REM N1 N1 N1 N1 N1 N1 N1 N1 N1 N1 N1 N1 N1 N1 N1 N1 N1 N1 N1 N1 N1 N1 W W W N1 N1 N1 N1 N1 N1 W W W W W W W W W W W W W W W W W W W W W W W W W N1 W N1 W W W W W N1 N1 N1 N1 N1 W W N1 W N1 N1 N1 W N1 W N1 N1 W W N1 N1 W W W W W W W W W W W W N1 N1 N1 N1 N1 N1 N1 N1 N1 N1 N1 N1 N1 N1 N1 N1 N1 N1 N1 N1 W N1 N1 N1 N1 N1 N1 N1 N1 N1 N1 W W N1 N1 N1 N1 N1 N1 N1 N1 N1 W W W W W W N1 W N1 W W N1 N1 N1 N1 N1 N1 N1 N1 N1 N1 N1 N1 N1 N1 N1 N1 N1 N1 N2 N2 N2 N2 N2 N2 N2 N2 N2 N2 N2 N2 N2 N2 N2 REM REM W W W W W N1 N1 N1 N1 N1 N1 N1 N1 N1 N1 N1 N1 N1 N1 N1 N1 N1 N1 N1 N1 N1 N1 N1 N1 N1 N1 N1 N1 N1 N1 W W W W W W W N1 N1 N1 N1 N1 N1 N1 N1 N1 N1 N1 N1 N1 N1 W W W W N1 N1 N1 N1 N1 N1 N1 N1 N1 N1 N1 N1 N1 N1 N1 N1 N1 N1 N1 N1 N1 W W W W W W W W W W W W W W W W W W W W W W W W W W W W W W W W W W W W W W W W W W W W W W W W W W W W W W W W W W W W,processed_sleepedf/spectral/SC4561F0-PSG_spectral.pt
processed_sleepedf/tensors/SC4562F0-PSG.pt,W W W W W W W W W W W W W W W W W W W W W W W W W W W W W W W W W W W W W W W W W W W W W W W W W W W W W W W W W W W W N1 N1 N1 N1 N1 N1 N1 W W W N1 N1 W W W N1 N1 N1 N1 N1 N1 N1 N1 W N1 N1 N1 N1 N1 N1 N1 N1 N1 N1 N2 N2 N2 N2 N2 N2 N2 N2 N2 N2 N2 N2 N3 W W N1 N1 N1 N1 N1 N1 N1 N1 N1 N1 N1 N2 N2 N2 N2 N2 N2 N3 N2 N2 N2 N3 N3 N3 N2 N3 N3 N3 N2 N2 N3 N3 N3 N3 N3 N2 N2 N2 N3 N2 N2 N2 N3 N3 N3 N1 N1 N1 N1 N2 N2 N2 N2 N2 N2 N2 N2 N2 N2 N2 N2 N2 N2 REM REM REM REM REM REM REM REM REM REM REM REM REM REM REM REM REM REM REM REM REM N1 N1 N1 REM REM REM REM REM REM REM REM REM REM W W W W W W W W W W N1 N1 N1 N1 N1 N1 N1 N1 N1 N1 N1 N1 N1 N1 N1 N1 W W W N1 N1 N1 N1 N1 N1 N1 N1 N1 N2 N2 N2 N2 N2 N2 N2 N2 N2 N2 N2 N2 N2 N2 N2 N2 N1 N1 N1 N1 N2 N2 N2 N2 N2 N2 N2 N2 N1 N1 N1 N1 N1 N1 N1 N1 N2 N2 N2 N2 N2 N2 N2 N2 N2 N2 N2 N2 N2 N2 N2 N2 N2 N2 N2 N3 N2 N3 N2 N3 N2 N3 N2 N2 N2 N1 N2 N2 N2 N2 N3 N2 N3 N3 N2 N2 REM REM W N1 N1 N1 N1 W W N1 N1 N1 N1 N1 N1 N1 N1 N1 N1 N1 N2 N2 N2 N2 N2 N2 N2 N2 N2 N2 N2 N2 N2 N2 N2 N2 N2 N1 N1 N1 N1 N1 N1 N1 N1 N1 N1 N1 N1 N1 N1 N1 N1 N1 N1 N1 N1 N1 N1 N2 N1 N1 N1 N2 N2 N2 N2 N2 N2 N2 N2 N2 N2 N2 N2 REM N1 N1 N2 REM REM W W W N1 W W W W W W W W W W N1 W N1 N1 N1 N1 N1 N1 N1 N1 N1 N1 N1 N1 N1 N2 N2 N2 N2 N2 N2 N2 N2 N2 N2 N2 N2 N2 N2 N2 N2 N2 N2 N2 N2 N2 N2 N2 N2 N2 N2 N2 N3 N2 N2 N2 N2 N2 N2 N1 N1 N1 N1 N1 REM REM REM REM N1 REM REM REM REM N1 REM REM N1 N1 N1 REM REM REM REM REM W W W W W W W W N1 N1 N1 N1 N1 N1 N1 N1 N1 N1 N2 N2 N2 N2 N2 N2 N2 N2 N2 N2 N2 N2 N2 N2 N2 N2 N2 N2 N2 N2 N2 N2 N2 N2 N2 N2 N2 N2 N3 N3 N2 N2 N2 N2 N2 N2 N3 N1 N1 N2 N2 N2 N2 N2 REM REM REM REM REM REM N1 REM REM REM REM REM REM REM REM N1 N1 N2 REM REM REM REM REM REM REM REM REM REM REM REM N1 REM REM REM REM REM REM REM REM REM REM REM REM REM REM REM REM REM N1 N1 N1 W W N1 N1 N1 N1 N1 N1 N1 N1 N1 N1 N1 N1 N1 N1 N2 N2 N2 N2 N2 N1 N1 N2 N2 N2 N2 N2 N2 N2 N2 N2 N2 N2 N2 N2 N2 N2 N2 N2 N2 N2 N2 N2 N2 N2 N2 N2 N2 N2 N2 N2 N2 N2 N2 N2 N1 N1 N1 N1 N2 N2 N2 N2 N2 N2 N2 N2 N2 N2 N2 N2 N2 N2 N2 N2 N2 N2 N2 W N1 N1 N1 N1 N1 N1 N1 N1 N1 N1 N1 W W W W W N1 N1 N1 N1 N1 N1 W N1 N1 N1 N1 N1 N1 N1 N1 N1 N1 N1 N1 N1 N2 REM REM REM REM REM REM REM REM REM REM W N1 N1 N1 N1 N1 N1 W W W W W W W W W W W W W W W W W W W W W N1 N1 W W W W W N1 W W W N1 N1 N1 W W W W N1 N1 N1 N1 W W W N1 N1 N1 W W N1 W W N1 N1 N1 N1 N1 N1 W N1 N1 N1 N1 N1 N1 N1 N1 W N1 W W W W W W W W W W W W W W W W W W W W W N1 W N1 N1 N1 N1 N1 N1 N1 N1 N1 N1 N1 N1 N1 N1 N1 N1 N1 N1 N1 N1 N1 N1 N1 N1 N1 N1 N1 N1 N1 N1 N1 N1 N1 N1 N1 N1 W N1 N1 N1 N1 N1 N1 N1 N1 N1 N1 N2 N2 N2 N2 N2 N2 N2 N2 N2 N2 N2 N2 N2 N2 N2 N2 REM REM REM REM REM REM REM REM REM REM REM N1 N1 N1 REM REM REM REM REM REM REM REM REM REM REM N1 REM REM REM REM REM REM REM REM REM REM REM N1 N1 N1 N1 N1 N2 N2 N2 N2 N2 N2 N1 N1 N2 N2 W W W W W W W W W W W W W W W N1 N1 N1 N1 N1 N1 N1 N1 N1 N1 N1 N1 N1 N1 N1 N1 N1 N2 N2 N2 N2 N2 N2 N2 N2 N2 N2 N2 N2 N2 N2 N2 N2 N2 N2 N2 N2 N1 N1 N2 N2 N2 N2 N2 N2 N1 N1 N1 N2 N2 N2 N2 N1 N1 N2 N2 N2 N2 N2 N2 N2 N2 N2 N2 N1 N1 N2 N2 N2 N2 N2 N2 N2 N1 N1 N2 N2 N1 N1 W W W W N1 W W W W W W W W W W W W W W W W W W W W W N1 W N1 N1 N1 N1 N1 N1 N1 N1 N1 N1 N1 N1 N1 N1 N1 N1 N1 N1 N1 N1 N1 W W W W W W W W W W W W W W W W W W W W W W W W W W W W W W W W W W W W W W W W W W W W W W W W W W W W W W W W W W W W,processed_sleepedf/spectral/SC4562F0-PSG_spectral.pt
processed_sleepedf/tensors/SC4571F0-PSG.pt,W W W W W W W W W W W W W W W W W W W W W W W W W W W W W W W W W W W W W W W W W W W W W W W W W W W W W W W W W W W W N1 W W N1 N1 N1 N1 N1 N1 W N1 N1 N1 N1 N1 W W W W W W W W W W W W N1 N1 N1 N1 N1 N1 N1 N1 W W N1 N1 N1 N1 W W N1 N1 N2 N2 W N1 N1 W W W W N1 W W W N1 N1 N1 N1 W N1 N1 N1 N1 W W W W W W N1 N1 N1 N1 N1 N1 W W N1 N1 N2 N2 N2 N2 N2 N2 N2 N2 N2 N2 N2 N2 N2 W N1 N2 N2 N2 N2 N2 N2 N2 N2 N2 N2 N2 N2 N2 N2 N2 N2 N2 N2 N2 N2 N2 N2 N2 N2 N2 N1 N1 N1 N2 N2 N2 W N2 N2 N2 N2 N2 N2 N2 N2 N2 N2 N2 N2 N2 N2 N2 N2 N2 N2 N2 W N1 N2 N2 N2 N2 N2 N2 N2 N2 N2 W W W W W W W W W W W W W W W W W W W W N1 N1 N2 N2 N1 N2 N2 N2 N2 N2 N2 N2 N2 N2 N2 N2 N2 W W W W W W W W W W W W W N1 W W N1 N2 N1 N1 N1 W N1 N2 N2 N2 N2 N2 N2 N1 W W W W W N2 N1 N2 N1 N1 N2 N2 N2 N2 N2 N2 N2 N2 N2 N2 N2 N2 N2 N2 N2 N2 N1 N1 W N1 N1 N2 N2 W W W W N2 N2 N1 W W W W W N1 N1 N1 N1 N2 N2 N2 N1 N1 N1 N1 N1 N1 N1 N1 N1 N1 N1 N1 N1 N1 N1 N1 N1 N1 N1 N1 N1 N1 N2 N2 N2 N2 REM REM REM REM REM REM REM REM REM REM REM REM REM REM REM REM REM REM REM REM REM REM REM REM REM REM REM N1 REM W N1 N1 REM REM REM N1 REM REM REM REM REM REM REM REM REM REM REM REM REM REM REM REM REM REM REM REM REM REM REM W N1 N2 N2 N2 N2 N2 N2 N2 N2 N2 N2 N2 N2 N2 N2 N2 N2 N2 N2 N2 N2 N2 N2 N2 N2 N2 N2 N2 N2 N2 N2 N2 N2 N2 N2 N2 N2 N2 N2 N2 N2 N2 N2 N2 N2 N2 N2 N2 N2 N2 N2 N2 N2 N2 N2 N2 N2 N2 N2 N2 N2 N2 N2 N2 N2 N2 N2 N2 N2 N2 N2 N2 N2 N2 N2 N2 N2 N2 N2 N2 N2 N2 N2 N2 N2 N2 N2 N2 N2 N2 N2 N2 N2 W N1 W N2 W N1 N2 N2 N2 N2 N2 N2 N2 N2 N2 N2 N2 N2 N2 N2 N2 N2 N2 N1 N2 N2 N2 N2 N2 N2 N1 N2 N2 N2 N2 N2 N2 N2 N2 N2 N2 N2 N2 N2 N1 REM REM REM REM REM REM REM REM REM REM REM REM REM REM REM REM REM REM REM REM REM REM REM REM REM REM REM REM REM REM REM REM REM REM REM REM REM REM REM REM REM REM REM REM REM REM REM REM REM REM REM REM REM REM REM REM REM REM REM REM REM REM REM REM REM REM REM REM REM REM REM REM REM REM REM REM REM REM REM N1 N1 N1 N1 N1 N2 N2 N2 N2 N2 N2 N2 N2 N2 N2 N2 N2 N2 W W W W W W W N1 N1 W N1 N2 N2 N2 N2 N2 N2 N2 N2 N2 N2 N2 N2 N2 N2 N2 N2 N2 N2 N2 N2 N2 N2 N2 N2 N2 N2 N2 N2 N2 N2 N2 N2 N2 N2 N2 N2 N2 N2 W W N1 N1 N1 N2 N2 N2 N2 N1 N1 N2 N2 N2 N1 N2 N2 N2 N2 N2 N2 N2 N2 N2 N2 N2 N2 W N1 N2 N2 W N1 N1 N1 N1 N1 N2 N2 N2 N2 N2 N2 N1 N2 N2 N1 N2 N2 N2 N2 N2 N1 N2 N2 N2 N1 N2 N2 N2 N2 N2 N2 N2 N2 N2 N2 N2 N2 N2 W N1 N1 N2 N2 N2 N2 N2 N2 N2 N2 N2 N2 N2 N2 N2 N2 N2 N2 N2 N2 N2 N2 N2 N2 N2 N2 N2 N2 N2 N2 N2 N2 N2 N2 N2 N2 N2 REM REM REM REM REM REM REM REM REM REM REM W W W N1 N1 N1 N2 N2 N2 N2 N1 N2 N2 N2 N2 REM REM REM W N2 N2 W W W N2 N2 N2 N2 N2 N2 N2 N2 N2 N2 N2 N2 N2 N2 N2 N2 N2 N2 N2 N2 N2 N2 REM REM W REM REM N2 N2 N2 N2 N2 N2 N2 N2 N2 N2 N2 N2 N2 N2 N2 N2 N2 N2 N2 W W W REM REM REM REM REM N2 W N1 N2 N2 W W W W W W W W W W N1 N1 N1 N1 N1 N2 N2 N2 N2 N1 N1 N1 W W N1 W N1 W N1 N2 N2 N2 N1 W W W W W W W W W W W W N1 N1 N1 N2 N2 N2 N2 N2 N2 N2 N1 N2 N2 W W N1 W W N1 N1 N1 N1 N1 N1 N1 N2 N2 N2 N2 N2 N1 N1 N2 N2 N2 REM REM REM REM REM REM REM REM REM REM REM REM REM REM REM REM REM REM REM REM REM REM REM REM REM REM REM REM REM REM REM REM REM REM REM REM REM REM REM REM REM REM REM REM REM REM REM REM REM W W N1 N1 W W N1 N1 N2 N2 N2 N2 N2 N2 N2 N2 W N1 N2 N2 N1 N1 N1 N1 N1 N2 N1 N2 N2 N1 N1 N1 N2 N2 N2 N2 N2 N2 N2 N2 N2 N2 N2 N2 W N1 N1 N2 N2 N2 W N1 N2 W W N1 N1 N2 N2 N2 N2 N2 N2 N2 W W W N1 W N1 N1 N2 N1 N2 N2 W W W N1 N2 N2 REM N2 N2 N2 N2 N2 N2 N2 N2 REM REM REM REM REM REM REM REM REM REM REM REM REM REM REM REM REM REM REM REM REM REM REM REM REM REM REM REM REM REM REM REM REM REM REM REM REM REM REM REM REM REM W N1 REM REM W W W W W W W W W W W W W W W W W W W W W W W W W W W W W W W W W W W W W W W W W W W W W W W W W W W W W W W W W W W W,processed_sleepedf/spectral/SC4571F0-PSG_spectral.pt
processed_sleepedf/tensors/SC4572F0-PSG.pt,W W W W W W W W W W W W W W W W W W W W W W W W W W W W W W W W W W W W W W W W W W W W W W W W W W W W W W W W W W W W N1 N1 N1 N1 N1 W N1 N2 N2 N2 N2 N2 N2 N2 N2 W N1 N1 N1 N2 N1 N1 N2 N2 N2 N2 N2 N2 N2 N2 N2 N2 N2 N2 N2 N2 N2 N2 N2 N2 N2 N2 N3 N2 N2 N2 N2 N2 N2 N2 N2 N2 N2 N2 N2 N2 N2 N2 N2 N2 N2 N2 N2 N3 N2 N2 N2 N2 N2 N2 N2 N2 N2 N2 N3 N3 N2 N3 N3 N3 N3 N2 N2 N2 N2 N2 N2 N3 N3 N3 N2 N2 N2 N2 N2 N2 N2 N2 N2 N2 N2 N1 N1 N1 N1 N1 N2 N2 N2 N2 N2 N2 N2 N2 N2 N2 N2 N2 N2 N2 N2 N2 N2 N2 REM REM REM REM REM REM REM REM REM REM REM REM REM REM REM REM REM REM REM REM N1 N1 W N1 N1 N1 N1 W N2 N2 N2 N1 N2 N2 N2 N2 N2 N2 N2 N2 N2 N2 N2 N2 N2 N2 N2 N2 N2 N2 N2 N2 N2 N2 N2 N2 N2 N2 N2 N2 N2 N2 N2 N2 N2 N2 N2 N2 N2 N2 N2 N2 N2 N2 N2 N2 N2 N2 N2 N2 N2 N2 N2 N2 N2 N2 N2 N2 N2 N2 N2 N2 N2 N2 N2 N2 N2 N2 N2 N2 N2 N2 N2 N2 N2 N2 N2 N2 N2 N3 N3 N2 N3 N3 N2 N3 N3 N3 N3 N2 N2 N2 N2 N2 N3 N2 N2 N3 N2 N2 N2 N3 N3 N3 N3 N3 N2 N2 W W W W W W W W W W W W N1 N1 N1 N2 N1 N2 N2 N2 N2 N2 N2 N2 N2 N2 N2 N1 N2 N2 N2 N2 N2 N2 N2 N2 N2 N2 N2 N2 N2 N2 N2 N2 N2 N2 N2 N2 N2 N2 N2 N2 REM REM REM REM REM REM REM REM REM REM REM REM REM REM REM REM REM REM REM REM REM REM REM REM REM REM N2 N2 N2 N2 N2 N2 REM REM REM REM REM REM REM N2 N2 N2 N2 N2 N2 N2 N2 N2 N2 N2 N2 N2 N2 N2 N2 N2 N2 N2 N2 N2 N2 N2 N2 N2 N2 N2 N2 N2 N2 N2 N2 N2 N2 N2 N2 N2 N2 N2 N2 N2 N2 N2 N2 N2 N2 N2 N2 N2 N2 N2 N2 N2 N2 N2 N2 N2 N2 N2 N2 N2 N2 N2 N2 N2 N2 N2 N2 N2 N2 N2 N2 N2 N2 N2 N2 N2 N2 N2 N2 N2 N2 N2 N2 N2 N2 N2 N2 N2 N2 N2 N2 N2 N2 N2 N2 N2 N2 N3 N2 N2 N2 N2 N2 N2 N2 N2 N2 N2 N2 N2 N2 N3 N3 N2 N2 N2 N2 N2 N2 N2 N2 N2 N2 N2 N2 W W N1 W N1 N1 N2 N2 N2 N2 N2 N2 N2 N2 N2 N2 N2 N2 N2 N2 N2 N2 N2 REM REM REM REM REM REM REM REM REM REM REM REM REM REM REM REM REM REM REM REM REM REM REM REM REM REM REM REM REM REM REM REM REM REM REM REM REM REM REM REM REM REM REM REM REM REM REM REM REM REM REM REM REM REM N1 N1 N1 N2 W N1 N1 N1 N1 N1 N1 N1 N1 N1 N1 N1 N1 N1 N1 N1 N2 N2 N2 W W N1 N1 N2 N1 N1 N2 N2 N2 N2 N2 N2 N2 N2 N2 N2 N2 N2 N2 N2 N2 N2 N2 N2 N2 N2 N2 N2 N2 N2 N2 N2 N2 N2 N2 N2 N2 N2 N2 N2 N2 N2 N2 N2 N2 N2 N2 N2 N2 N2 N2 N2 N2 N2 N2 N2 N2 N2 N2 N2 N2 N2 N2 N2 N2 N2 N2 N2 N2 W W W N1 W N1 N2 N2 N2 N2 N2 N2 N2 W W W W W W N1 N1 N1 N1 N2 N2 N2 N2 N2 N2 N2 REM REM REM REM REM REM REM REM REM REM REM REM REM REM REM REM REM REM REM REM REM REM REM REM REM REM REM REM REM REM REM REM REM REM REM REM REM REM REM REM REM REM REM REM REM REM REM REM REM REM REM REM REM REM REM REM REM REM REM REM REM REM REM REM REM REM REM N1 N2 N2 N2 N2 N2 N2 N2 N2 N2 N2 N2 N2 N2 N2 N2 N2 N2 REM REM REM REM REM REM REM REM REM REM REM REM REM REM REM REM REM REM N1 N2 N2 REM REM REM REM REM REM REM REM REM REM REM REM REM REM REM REM REM REM REM REM REM REM REM REM REM REM N1 N1 W W N1 N1 N1 N2 W N1 N1 N1 N1 N1 N2 N2 N2 N2 N2 N2 N2 N2 N2 N2 N2 N2 N2 N2 N2 N2 N2 N1 N1 N2 N1 N2 N2 N2 N2 N2 N2 N2 N2 N2 N2 N2 N2 N2 N2 N2 N2 N2 W W N1 N2 N2 N2 N2 N2 N2 N2 N2 N2 N2 N2 N2 N2 N2 N2 N2 N2 N2 N2 N2 N2 N2 N2 N2 N2 N1 N1 N2 N2 N2 N2 N2 N2 N2 N2 N2 N2 N2 N2 N1 N2 N2 N1 N1 N2 N2 N2 N1 N1 N1 N1 N1 N1 N2 N2 N2 N2 N2 N2 N1 N1 N1 N1 N2 W W W N1 N1 N2 N2 N2 N2 N2 N2 N2 N2 N2 N2 N2 N2 N2 W W W W W W W W W W W W W N1 N1 W W N1 N1 N1 N1 N1 N1 N1 N1 N1 N1 W W W W W W W W W W W W W W W W W W W W W W W W W W W W W W W W W W W W W W W W W W W W W W W W W W W W W W W W W W W W,processed_sleepedf/spectral/SC4572F0-PSG_spectral.pt
processed_sleepedf/tensors/SC4581G0-PSG.pt,W W W W W W W W W W W W W W W W W W W W W W W W W W W W W W W W W W W W W W W W W W W W W W W W W W W W W W W W W W W W N1 N1 N1 N1 N1 N1 W N1 N1 N1 N1 N2 N2 N1 N1 N2 N2 N2 N2 N2 N2 N2 N2 N2 N2 N2 N2 N2 N2 N2 N2 N2 N2 N2 N2 N2 N2 N2 N2 N2 N2 N2 N2 N2 N2 N2 N2 N2 W W N1 W W W W W N1 W N1 N1 N1 W W N1 N2 N2 N2 N2 N2 N2 N2 N1 N2 N2 N2 N2 N2 N2 N2 N2 N2 N2 N2 N2 N2 N2 N2 N2 N2 N2 N2 N2 N2 N1 N2 N2 N2 N2 N2 N2 N2 N2 N2 N2 N2 N2 N2 N3 N2 N2 N2 N2 N2 N2 N2 N2 N2 N2 N2 N2 N2 N2 N2 N3 N2 N2 N2 N2 N3 N2 N2 N3 N2 N1 N2 N2 N2 N2 N2 N2 N2 N2 N2 N2 N2 N2 N2 N2 N2 N2 N2 N2 N2 N2 N2 N2 N2 N2 W W W W W W W W W W N1 N1 N2 N2 N2 N2 N2 N2 N2 N2 N2 N2 REM REM REM REM REM REM REM REM REM REM REM REM REM REM REM REM REM REM REM REM REM REM REM REM REM REM REM REM REM REM REM W W W W W W W W W N1 W N1 N1 N1 N2 N2 N2 N2 N2 N2 N2 N2 N2 N2 N2 N2 N2 N2 N2 N2 N1 N2 N2 N2 N1 N2 N2 N2 N2 N2 N2 N2 N2 N2 N2 N2 N2 N2 N2 N2 N2 N2 N2 N2 N2 N2 N2 N2 N2 N2 N2 N1 W W W N1 N2 N2 N2 N2 N2 N2 N2 N2 N2 N1 N2 W W N1 N1 N2 N2 N2 N2 N2 N2 N2 N2 N2 N1 N1 W N1 N2 N2 N2 N2 N2 N2 N2 N2 N2 N2 N2 N2 N2 N2 N2 N2 N2 N2 N2 N2 N2 N2 N2 N2 N2 N1 W W W W W N1 W N1 N1 W W N1 N1 N1 N1 N1 N2 N2 N2 N2 N2 N2 N2 N2 N1 N1 N1 W W W W N1 N1 N1 W W W W W W N1 N1 N1 N1 N1 N1 N2 N2 N2 N2 N2 N2 N2 N2 N2 N2 N2 N2 N2 W N1 N1 W N1 N1 N2 N1 N2 N2 N2 N2 N2 N2 N2 N2 N2 N2 N2 N2 N2 N2 N2 N2 N2 N2 N2 N2 N2 N2 N2 N2 N2 N2 N2 N2 N2 N2 N2 N2 N2 N2 N2 N2 N2 N2 N2 N2 N2 N3 N2 N2 N2 N2 N2 N2 N2 N2 N2 N2 N2 N2 N2 N2 N3 N2 N2 N2 N2 N2 N3 N3 N3 N2 N3 N2 N2 N2 N2 N2 N2 N2 N2 N2 N2 N2 N2 N2 N2 N2 N2 N2 N2 N2 N1 N2 N2 N1 N1 N2 N2 REM REM REM REM REM REM REM REM REM REM N1 REM REM REM REM REM REM REM REM REM REM REM REM REM N1 N1 N1 N1 N2 N2 N1 N2 N2 N2 N2 N2 N2 N2 N2 N2 N2 N1 N2 N2 N2 N2 N1 N2 N2 N2 N2 N1 N2 N1 N2 N2 N1 N2 N2 N1 N2 N2 N2 N2 N2 N1 N1 N2 N1 N2 N2 N2 N2 N2 N2 N2 N2 N2 N2 N1 N2 N2 N2 N2 N2 N2 N2 N2 N2 N2 N2 N2 N2 N2 N2 N1 N2 N2 N2 N2 N2 N2 N2 N2 N2 N2 N2 N1 N1 N2 N2 N2 N2 N2 N2 N2 N2 N2 N2 N2 N2 N2 N2 N2 N2 N2 N2 N2 N2 N2 N2 N2 N2 N2 N2 N2 N2 N2 N2 N2 N2 N2 N2 N1 N1 N1 N1 N2 N2 N2 N2 N2 N2 N2 N2 N2 N2 N2 N2 N2 N2 N2 N2 N2 N2 N2 N2 N2 N2 N2 N2 W W W W N1 W W W W W W N1 N1 N1 N1 N1 W N1 N1 N1 N2 N2 N2 N2 N2 N2 N1 N2 N2 N2 N2 N2 N2 REM REM REM REM REM REM REM REM REM REM REM REM REM REM REM REM REM REM N1 N1 N1 REM REM REM REM REM REM REM REM REM REM REM REM REM N1 N1 N1 REM REM N1 REM REM REM REM REM REM REM REM REM REM REM REM REM REM REM REM REM REM REM REM REM REM REM N1 N1 REM REM REM REM REM REM REM REM REM REM REM REM REM REM REM REM REM REM REM REM REM REM REM REM REM REM REM REM REM REM N1 N1 N1 N1 N1 N1 N1 N1 N1 N1 N2 N2 N2 N2 N2 N2 N2 N2 N2 N2 N2 N2 N2 N2 N2 N2 N2 N2 N2 N2 N2 N2 N2 N2 N2 N2 N1 N1 N2 N2 N2 N2 N2 N2 N2 N2 N2 N2 N2 N2 N2 N2 N2 N2 N2 N2 N2 N2 N2 N2 N2 N2 N2 N2 N2 N2 N2 N2 N1 N2 N2 N2 N1 N2 N2 N2 N2 N2 N2 N2 N1 N2 N2 N2 N2 N2 N2 N2 N2 N2 N2 N2 N2 N2 N2 N2 N2 N2 N2 N2 N2 N2 N2 N2 N2 N2 N2 N2 N2 N2 N2 N2 N1 W W W N1 N1 N1 N1 W W W N1 N1 N1 N1 N1 N1 N1 N1 N1 N1 N1 N1 N1 N2 N2 N2 N1 N2 N2 N2 N2 N2 N2 N2 N2 N2 N2 N1 N2 N2 N2 N2 REM REM REM REM REM REM REM REM REM REM REM REM REM REM REM REM REM REM REM REM REM N1 N1 N1 N1 N1 N1 N1 N1 N1 W W W W W W W W W W W W W W W W W W W W W W W W W W W W W W W W W W W W W W W W W W W W W W W W W W W W W W W W W W W W,processed_sleepedf/spectral/SC4581G0-PSG_spectral.pt
processed_sleepedf/tensors/SC4582G0-PSG.pt,W W W W W W W W W W W W W W W W W W W W W W W W W W W W W W W W W W W W W W W W W W W W W W W W W W W W W W W W W W W W N1 W W W W W W W W W W W W W W N1 N1 W W W W N1 N1 N1 N2 N2 N2 N2 N2 N2 N2 N2 N2 N2 N2 N2 N2 N2 N2 N2 N2 N2 N2 N2 N2 N2 N2 N2 N2 N2 N2 N2 N2 N2 N2 N2 N2 W W W W W W W W W W W W W W W W W N1 N1 N1 N1 N1 N2 N2 N2 N2 N2 N2 W W W W N1 N2 N2 N2 N2 N2 N2 N2 N2 N2 N2 N2 N2 N2 N2 N2 N2 N2 N2 N2 N2 N2 N2 N2 N2 N2 N2 N2 N2 N2 N2 N2 N2 N2 N2 N2 N2 N2 N2 N2 N2 N2 N2 N2 N2 N3 N2 N2 N2 N2 N2 N2 N2 N2 N2 N2 N2 N2 N2 N2 N2 N2 N2 N2 N2 N2 N2 N2 N2 N2 N2 N2 N2 N2 N2 N2 N2 N2 N2 N2 N2 N2 N2 N2 N2 N2 N2 N2 N2 N2 N2 W W N1 N2 N2 N2 N2 N2 N2 N2 N2 N2 N2 N2 N2 N2 N2 N2 N2 N2 N2 N2 N2 N2 REM REM REM REM REM W N1 N2 REM REM REM REM REM W W N1 N2 N2 W N1 N1 N1 N1 N1 N1 N1 N1 N1 N1 N1 N1 N1 N1 N1 N1 N1 N1 W W N1 N1 N1 W W N1 N1 N1 N1 N1 N1 N1 N1 N1 N1 N1 W N1 N2 N2 N2 N2 N2 N2 N2 N2 N2 N2 N2 N2 N1 N1 N2 N2 N2 N2 N1 N2 N2 N2 N2 N2 N2 N2 N2 N2 N1 N1 N2 N2 N2 N2 N2 N2 N2 N2 N2 N2 N2 N2 N2 N2 N2 N2 N2 N2 N2 N2 N2 N3 N2 N2 N2 N2 N2 N2 N2 N2 N2 N2 N2 N2 N2 N2 N2 N2 N2 N2 N2 N2 N2 N2 N2 N2 N3 N2 N2 N2 N2 N2 N1 N2 N2 N2 N2 N2 N2 N2 N2 N1 N2 N2 N2 N2 N2 N1 N1 N1 N2 N2 N2 N2 N2 N2 N2 N2 N2 W W N1 N1 N1 N1 N1 N1 W N1 N1 N1 W W N1 N1 N1 N1 N1 REM REM N1 N1 REM REM REM N1 N1 N2 REM N1 N2 REM REM REM REM REM REM REM REM REM N1 N1 N1 N1 N2 REM REM REM REM REM REM N1 REM REM REM N1 N1 REM REM REM REM N1 REM W W W N1 N1 N1 N1 N1 N1 REM REM REM REM REM REM REM REM REM REM REM REM REM REM N1 N1 N1 REM REM REM N1 N1 REM REM N1 N1 N1 N1 REM REM REM REM REM REM N1 W W W N1 N2 N2 N2 N2 N2 N2 N2 N2 N2 N2 N2 N2 N2 N1 N2 N2 N2 N2 N2 N2 N2 N2 N2 N2 N2 N2 N2 N2 N2 N2 N2 N2 N2 N2 N2 N2 N2 N2 N1 N1 N2 N2 N2 W W W W W W W W W W W W W N1 N1 N1 N1 N1 N1 N2 N2 N2 N2 N2 N2 N2 N2 N1 N2 N1 W W W W W W W W W N1 N1 N1 N1 N2 N2 N2 N2 N2 N2 N2 N2 N2 N2 N2 N2 N2 N2 N2 N2 N2 N2 N2 N2 N2 N2 N2 N2 N2 N2 N2 N2 N2 N2 N2 N2 N2 N2 N2 N2 N2 N2 N2 N2 N2 N2 N2 N2 N2 N2 N2 N2 N2 N2 N2 N2 N2 N2 N2 N2 W W W W N1 W N1 N1 N1 N1 N2 N1 N1 N2 N2 N2 N2 N2 N2 N2 N2 N2 N2 N2 N2 N2 N2 N2 N2 N2 N2 N2 N2 N2 N2 N2 N2 N2 N2 N2 N2 N2 N2 N2 N2 N2 N2 N2 N2 N2 N2 N2 N2 N2 N2 N2 N2 N2 N2 N2 N2 N2 N2 N2 REM REM REM N1 N1 N1 REM REM REM REM REM REM REM REM REM REM REM N1 N1 N1 N1 N1 N1 N1 N2 N2 W W N1 N2 N2 W W N1 N1 W N1 N2 N2 N1 N1 N2 N2 N2 W W N1 N1 W W N1 N1 N2 N2 N2 N2 W W N1 N1 N1 N2 N2 N2 N2 N1 N2 N2 N2 N2 N2 N2 N2 N2 N2 N2 N2 N2 N2 N2 N2 N2 N2 N2 N2 N2 N2 N2 N2 N3 N3 N2 N2 N3 N2 W N1 N2 N2 N1 N2 N2 N2 N2 N2 W N1 N1 N2 N2 N2 N2 N2 N2 N2 N2 N2 N2 N2 N2 N2 N2 N2 N2 N2 N2 N2 N2 N1 N1 N2 N1 W W W W W W W W W W W W N1 N1 W N1 N1 W W W W W W W W W W W W W W W W W W W W W W W W W W W W W W W W W W W W W W W W W W W W W W W W W W W W W W W W W W W W W W W W W W W W W W W W W W W W W W W W W W W W W W W W W W W W W W W W W W W W N1 N1 N1 N1 N2 N2 N2 N2 N2 N2 N2 N2 N2 N2 N2 N2 REM REM REM N1 N1 N1 N1 N2 N2 N2 N1 N2 N2 N1 N1 N2 N2 N1 N2 N2 N2 N2 N2 N2 N2 N2 N2 N2 N2 N2 N2 N2 N2 N2 N2 N2 N2 N2 N2 N2 N2 N2 N2 N2 N2 N2 W W W N1 W W W N1 N1 N1 N1 N1 W N1 N1 N1 N1 N1 N1 N1 N1 N1 N1 N1 N1 N1 N1 N1 N2 N1 N2 N2 N2 N2 N2 N2 N2 N1 N2 N2 N2 N2 N2 N2 N2 REM REM REM REM REM W W W W N2 N1 W W W W W W W W W W W W W W W W W W W W W W W W W W W W W W W W W W W W W W W W W W W W W W W W W W W W W W W W W W W W,processed_sleepedf/spectral/SC4582G0-PSG_spectral.pt
processed_sleepedf/tensors/SC4591G0-PSG.pt,W W W W W W W W W W W W W W W W W W W W W W W W W W W W W W W W W W W W W W W W W W W W W W W W W W W W W W W W W W W W N1 N1 N1 N1 N1 N1 N1 N1 W N1 N1 N1 N1 N1 N1 N1 N1 N1 N1 N1 N1 N1 N1 N1 N2 N2 N2 N2 N2 N2 N2 W N1 W W N1 N1 N1 N1 W N1 N2 N1 W W W W W W W W W W N1 N2 N2 N2 N2 N2 N2 N2 N2 N2 N2 N2 N2 N2 N2 N2 N2 N2 N2 N2 N2 N2 N3 N3 N3 N3 N3 N3 N3 N3 N3 N3 N3 N3 N2 N2 N2 N2 N2 N2 REM REM REM REM REM REM REM REM REM REM REM REM REM REM REM REM REM REM REM REM REM REM REM REM REM REM REM REM REM REM REM REM REM REM REM REM REM REM REM REM REM REM REM REM W N1 N1 N1 N1 N2 N2 N2 N2 N2 N2 N2 N2 N2 N2 N2 N2 N2 N2 N2 N3 N2 N2 N2 N3 N3 N3 N3 N3 N3 N3 N3 N3 N3 N3 N3 N3 N3 N3 N3 N3 N3 N3 N3 N3 N3 N3 N3 N3 N3 N3 N3 N3 N3 N3 N3 N3 N3 N3 N3 N3 N3 N3 N3 N3 N3 N3 N3 N3 N3 N3 N3 N3 N3 N3 N3 N3 N3 N3 N3 N2 N3 N3 N3 N2 W N2 N2 N2 N2 N2 N2 W N1 N2 N2 N2 N2 N2 N2 N2 N2 N2 N2 N2 N2 N2 N2 N2 N2 N1 N2 N2 N2 N2 N2 N2 N2 N2 N2 N2 N2 N3 N2 N2 N2 N2 REM REM REM REM REM REM REM REM REM REM REM REM REM REM REM REM REM REM REM REM REM REM REM REM REM REM W W W N1 N1 W N1 N2 N2 N2 W N1 N2 N2 N2 N2 N2 N2 W W N2 N2 N1 N2 N2 N2 N2 N2 N1 N2 N2 N2 N2 N2 N2 N2 N2 N2 N2 N2 N2 N2 N2 N2 N2 N2 N2 N2 N2 N3 N3 N3 N3 N3 N3 N3 N3 N3 N3 N3 N3 N3 N3 N3 N3 N3 N3 N3 N3 N3 N3 N3 N3 N3 N3 N3 N3 N3 N3 N2 N3 N2 N3 N3 N3 N3 N3 N3 N3 N3 N3 N3 N3 N3 N3 N3 N3 N3 N3 N3 N3 N3 N3 N3 N2 N2 N2 N3 N2 N3 N3 N2 N3 N2 N3 N3 N2 N2 N2 N2 W N1 N2 N2 N2 N2 N1 N2 N2 N2 N2 N2 N2 N2 N2 N2 N2 REM REM REM REM REM REM REM REM REM REM REM REM REM REM REM REM REM REM REM REM REM REM REM REM REM REM REM REM REM REM REM REM REM REM REM REM REM REM REM REM REM REM REM W N1 N1 N1 W W W N1 N1 N2 N1 N1 W N1 W N1 N2 N2 N1 N2 N2 N2 N2 N2 N2 N2 W W N1 W W W W N1 W N1 N1 N1 N2 N2 N2 N2 N2 N2 N2 N2 N2 N2 N2 N2 N2 N2 W W N1 N2 N2 N1 N1 N2 N2 N2 N2 N2 N2 N2 N2 N2 N2 N2 N2 N2 N2 N2 N2 N2 N2 N2 N2 N2 N2 N2 N2 N2 N2 N2 N2 N2 N2 N2 N2 N2 N1 N2 N2 REM REM REM REM REM REM REM REM REM REM REM REM REM REM REM REM REM REM REM REM REM REM REM REM REM REM REM REM REM REM REM REM REM REM REM REM REM REM REM REM REM REM REM REM REM REM REM REM REM REM REM REM REM REM REM REM REM REM REM REM REM REM REM REM REM REM REM REM N1 REM REM REM REM REM W W W W W N1 N1 N1 W W W W W W N1 N1 N1 N2 N2 N2 N2 N2 N2 N2 N2 N2 N2 N2 N2 W N1 N1 N2 N2 N2 N2 N2 N2 N2 N2 N2 N2 N2 N2 N2 N2 N2 N2 N2 N2 N2 N2 N2 N2 N2 N2 N2 N2 N2 N2 N2 N2 N2 N2 N2 N2 N3 N2 N2 N3 N3 N2 N2 N2 N1 N1 N1 N1 N1 N2 N2 N2 N2 N2 N2 N2 N2 N2 N2 N2 N2 N2 N2 N2 N2 N2 N2 N2 N2 N2 N3 N2 N3 N2 N2 N3 N3 N3 N3 N3 N2 N3 N3 N3 N3 N3 N3 N3 W W W W W W W W W W W W W W N1 W N1 N1 W W W W N1 W W W W N1 N1 N1 N2 N2 N2 N2 N1 N2 N2 N2 REM REM REM REM REM N1 REM N1 REM REM REM REM N1 REM REM REM REM REM REM REM REM REM REM REM REM REM REM REM REM N1 REM REM REM REM REM REM N1 REM REM REM REM REM REM REM REM REM REM REM REM REM REM REM REM REM REM W W W W W W W W W W W W W W W W N1 W W N1 W W W W N1 N1 N1 N2 N2 N2 N2 N2 N2 N2 N2 N2 N2 N2 N2 N2 N2 N2 N2 N2 REM REM REM REM REM REM REM REM REM REM N1 REM REM REM REM REM N1 REM REM REM REM REM REM REM N2 N2 N3 N3 N3 N3 N3 N3 N3 N2 W N1 N2 N1 N1 N2 N2 N2 N2 N2 N2 N2 N2 N2 N2 N2 N2 N2 N2 N2 N2 N2 N2 N2 N1 N1 N2 N3 N2 N2 N2 N2 N2 N2 N2 N2 W W W W W W W W N1 N1 W N1 N2 N2 N2 N2 N2 N2 N2 N2 W N1 N2 N2 N2 N2 N2 W N1 W N1 N2 N2 N2 W N1 W W W W W W W W W W W W W W W W W W W W W W W W W W W W W W W W W W W W W W W W W W W W W W W W W W W W W W W W W W W W W W W W W W W W W W W W W W W W W W W W W W W W W W W W W W W W W W W W W W W W W W W W W W W W W W W W W W W W W W W W W W W W W W W W W W W W W W W W W W W W W W W W W W W W W W W W W W W W W W W W W W W W W W W W W W W W W W W W W W W W W W W W W W W W W W W W W W W W W W W W W W W W W W W W W W W W W W W W W W W W W W W W W W W W W W W W W W W W W W W W W W W W W W W W W W W W W W W W W W W W W W W W W W W W W W W W W W W W W W W W W W W W W W W W W W W W W W W W W W W W W W W W W W W W W W W W W W W W W W W W W W W W W W W W W W W W W W W W W W W W W W W W W W W W W W W W W W W W W W W W W W W W W W W W W W W W W W W W W W W W W W W W W W W W W W W W W W W W W W W W W W W W W W W W W W W W W W W W W W W W W W W W W W W W W W W W W W W W W W W W W W W W W W W W W W W W W W W W W W W W W W W W W W W W W W W W W W W W W W W W W W W W W W W W W W W W W W W W W W W W W W W W W W W W W W W W W W W W W W W W W W W W W W W W W W W W W W W W W W W W W W W W W W W W W W W W W W W W W W W W W W W W W W W W W W W W W W W W W W W W W W W W W W W W W W W W W W W W W W W W W W W W W W W W W W W W W W W W W W W W W W W W W W W W N1 N1 N1 N1 N1 N1 N1 W N1 N1 N1 N1 N1 N1 N1 N1 N1 N1 N1 N1 N1 N1 N1 N1 N1 N1 N1 N1 N1 N1 N1 W N1 N1 N1 N1 N1 N1 N1 N1 N1 N1 N1 N1 N1 N1 N1 N1 N1 N1 N1 N1 N1 N1 N1 N1 N1 N1 N1 N1 N1 N1 W N1 N1 N1 N1 N1 N1 N1 N1 N1 N1 N1 N1 N1 N1 N1 N1 N1 N1 N1 N1 N1 N1 N1 N1 N1 N1 N1 N1 N1 W W W W W W W W W W W W W W W W W W W W W W W W W W W W W W W W W W W W W W W W W W W W W W W W W W W W W W W W W W W W,processed_sleepedf/spectral/SC4591G0-PSG_spectral.pt
processed_sleepedf/tensors/SC4592G0-PSG.pt,W W W W W W W W W W W W W W W W W W W W W W W W W W W W W W W W W W W W W W W W W W W W W W W W W W W W W W W W W W W W N1 W W W W W W W W W W W W W W W W W W W W W W W W N1 W W W W W W W W W W W W W W W W W W W W W W W W W W W W W W W W W W W W W W W W W W W W W W W W W W W W W W W W W W W W W W W W W W W W W W W W W W W W W W W W W W W W W W W W W W W W W W W W W W W W W W W W W W W W W W W W W W W W W W W W W W W W W W W W W W W W W W W W W W W W W W W W W W W W W W W W W W W W W W W W W W W W W W W W N1 N1 W N1 N1 N1 N2 N2 N2 W N1 N2 N2 N2 N2 W N1 N1 N1 N1 N1 N1 N1 N2 W W W N1 W W W W W N1 N1 N1 N1 N1 N1 N1 N2 N2 N2 N2 N2 N2 N2 N2 N2 N2 N2 N2 N2 N2 N2 REM REM REM REM REM REM REM REM REM REM REM REM N1 N1 N1 N1 N1 N1 N2 N2 N2 N2 N2 N2 N2 N2 N2 N1 N2 N2 N2 N2 N2 N2 N2 N2 N3 N2 N3 N3 N3 N2 N3 N3 N3 N3 N3 W N1 N2 N2 N2 N2 N2 N2 N2 N2 N2 N2 N2 N3 N2 N2 N3 N3 N3 N3 N3 N3 N3 N3 N3 N3 N3 N3 N3 N3 N2 N3 N2 W N1 W N1 N1 W W N1 N1 N1 W N1 N2 N2 N2 N2 N2 N2 N3 N2 N2 N2 N2 N2 N2 N2 N2 W W N1 N1 N2 N2 N2 W N1 N2 N1 N2 N2 N2 N1 N1 N1 N1 N2 N1 N2 W N2 N1 N1 W W W W W W W N1 N1 N2 N2 N2 N2 REM REM REM REM REM REM REM REM REM W N1 N1 REM REM REM REM REM REM REM REM REM REM REM REM REM REM REM REM REM REM N1 N1 REM REM W N1 N1 N1 N2 N1 N1 N1 N2 N2 N2 N2 N1 N1 REM W W W W W N1 W N1 N1 N1 W W N2 W W N1 N1 N1 W N2 W W W N1 W N1 N1 W N1 W W N1 W W N1 N1 N2 N2 N2 N2 N2 N1 N1 N2 N2 N2 N2 N2 N2 N2 N3 N1 N2 N2 N3 N2 N2 N2 N3 N3 N3 N2 N3 N3 N3 N3 N3 N3 N3 N2 N2 N3 N3 N3 N2 N2 N2 N2 N3 N3 N3 N3 N3 N3 N3 N3 N3 N3 N3 N3 N3 N2 N2 N2 N2 N2 N3 N3 N2 N2 N2 W W W W W W N1 N1 N1 N2 N2 N2 N2 N2 N2 N2 REM REM REM REM REM REM N1 REM REM REM REM REM REM REM REM REM REM REM REM W N1 W W W W W W N1 N1 N1 N1 N2 N2 N2 N2 N2 N2 N2 N2 W N1 N2 N2 N2 W W W W W W W W N1 W W W W W W W N1 N1 N1 N1 N1 N1 N1 N2 N2 N2 N2 N2 N2 N3 N2 N2 N2 N2 N2 N2 N2 N2 N2 N3 N2 N2 N2 N2 N2 N2 N2 N2 N2 N2 N2 N2 N2 N2 N3 N3 N2 N2 N3 N3 N3 N2 REM REM REM REM REM REM REM REM REM REM REM N1 N1 N1 N1 N1 N1 W N1 N2 N2 N2 N2 N2 N2 N2 N2 N2 REM REM REM REM REM REM REM REM REM REM REM REM REM REM REM REM REM REM REM REM REM REM REM REM W W W W W W W W W W W W N1 W W N1 N1 N2 N2 N2 N3 N2 N2 N2 N2 N2 N2 N2 N2 N2 N2 N2 N2 N2 N2 N2 N2 N2 N2 N2 N2 N2 N2 N2 N2 W N1 N1 N1 N2 W N1 N2 N1 N2 N2 N2 N2 N2 N2 N2 N3 N3 N3 N3 N3 N3 N3 N3 N2 N3 N2 N3 N3 N3 N3 N3 N3 N3 N3 N3 N3 N3 N3 N3 N3 N3 N3 N3 W W W W W W N1 W W N1 W W N1 N1 N2 N2 N2 N2 N1 REM N1 REM REM REM REM REM REM REM REM REM REM N1 REM REM REM REM REM REM REM REM REM REM REM REM N1 REM W N1 N1 N1 N2 REM W W N1 W N1 W W W W W W W W W N1 N1 N1 N1 N1 N1 N1 N2 N2 N2 N2 N2 N2 N2 N2 N1 N2 N2 N2 N2 N2 N2 N2 N2 N3 N3 N3 N3 N3 N3 N3 N3 N2 N3 N2 N3 N3 REM REM REM REM REM REM REM REM REM REM REM REM REM REM W W W W W W W W W W W W W W W W W W W N1 N1 N1 N1 N1 N1 N2 N2 N2 N2 N2 N2 N2 N2 N2 N2 N2 N2 N2 N2 N2 N2 N2 N2 N2 N1 W W W W W W W W W W W W W W W W W W W N1 N1 W W N1 W W W W N1 W N1 N1 N1 N1 N1 N2 N2 N2 N2 REM REM REM REM REM REM W REM REM REM REM REM REM REM N1 N1 N1 REM REM REM REM REM REM N1 N1 N1 N1 N1 N1 N1 W N1 N1 N1 N1 N1 N1 N1 N1 N1 N2 N2 N2 N2 N2 N1 N2 N2 N2 N2 W N1 N1 N2 N1 W W N1 W W N1 W W W W N1 W W N1 W W N1 W W W W W W N1 W W W W W W W W W W W W W W W N1 N1 W N1 N1 W W W W W W W W W W W W W W W W W W W W W W N1 W W N1 N1 N1 N1 N1 N1 N1 N1 REM REM W N1 N1 W W W W W W W W W W W W W W W W W W W W W W W W W W,processed_sleepedf/spectral/SC4592G0-PSG_spectral.pt
processed_sleepedf/tensors/SC4601E0-PSG.pt,W W W W W W W W W W W W W W W W W W W W W W W W W W W W W W W W W W W W W W W W W W W W W W W W W W W W W W W W W W W W N1 W W W W N1 N1 N1 N2 N2 N2 N2 N2 N2 N2 N2 N2 N2 N2 N2 N3 N3 N3 N3 N2 N3 N3 N3 N3 N3 N3 N3 N3 N3 N2 N3 N3 N3 N3 N3 N3 N3 N3 N3 N3 N3 N2 N3 N3 N3 N3 N3 N3 N3 N3 N3 N3 N3 N3 N3 N3 N3 N3 N3 N3 N3 N3 N3 N3 N3 N2 N3 W W N1 N2 N2 N2 N2 N2 N3 N3 N2 N3 N3 N3 N3 N3 N3 N2 N3 N3 N3 N3 N3 N3 N3 N3 N3 N3 N3 N3 N3 N3 N3 N3 N3 N3 N3 N3 N3 N3 N3 N3 N3 N3 N3 N3 N3 N3 N3 N3 N3 N3 N3 N3 N3 N3 N3 N3 N3 N3 N3 N3 N3 N3 N3 N3 N3 N3 N2 N3 N3 N3 N3 N3 N2 N2 N2 N2 N2 N2 N2 N2 W N1 N2 N2 N2 N2 N2 N2 N2 N2 N2 N2 REM REM REM REM REM REM REM REM REM REM REM REM REM N1 N1 N1 N2 N3 N2 N2 N2 N3 N3 N3 N3 N2 N2 N2 N2 N2 N2 N2 N2 N2 N2 N3 N2 N2 N2 N2 N3 N2 N3 N3 N3 N3 N3 N3 N3 N3 N3 N3 N3 N3 N3 N3 N3 N3 N3 N3 N3 N3 N3 N2 N2 N2 N2 N2 N2 N3 N2 N2 N2 N3 N2 N2 N2 N3 N2 N2 N2 N2 N2 N3 N2 N3 N2 N3 N3 N3 N3 N3 N2 N3 N3 N3 N3 N3 N3 N3 N3 N3 N3 N3 N3 N3 N3 N3 N3 N3 N3 N2 N3 N3 N3 N3 N3 N3 N3 N3 N3 N3 N3 N3 N3 N3 N3 N3 N3 N3 N3 N3 N3 N3 N3 N3 N3 N3 N3 N3 N3 N3 N3 N3 N3 N3 N3 N3 N3 N3 N2 N3 N3 N3 N2 N3 N3 N3 N3 N3 N2 N2 W W N1 N1 N1 N1 W W W W W W W W W W W W W W W W W W W W W W W W W W W W W W W W W W W W W W W W W W W W W W W W W W W W W W W W W W W W W W W W W W W W W W W W W W W W W W W W W W W W W W W W W W W W W W W W W W W W W W W W W W W W W W W W W W W W W W W W W W W W W W W W W W W W W W W W W W W W W W W W W W W W W W W W W W W W W W W W W W W W W W W W W W W W W W W W W W W W W W W W W W W W W W W W W W W W W W W W W W W W W W W W W W W W W W W W W W W W W W W W W W W W W W W W W W W W W W W W W W W W W W W W W W W W W W W W W W W W W W W W W W W W W W W W W W W W W W W W W W W W W W W W W W W W N1 N1 N2 N2 N2 N2 N2 N2 N2 N2 N2 N2 N2 N2 N2 N2 N2 N2 N2 N2 N2 N2 N2 N2 N2 N2 N2 N2 N2 N2 N2 N2 N2 W W N1 N1 N2 N2 N1 N1 N2 N2 N2 N2 N2 N2 N2 N2 N2 N2 N2 N2 N2 N2 N2 N2 N2 N2 N2 N2 N2 N2 N3 N2 N2 N2 N2 N2 N2 N2 N2 N2 N2 N2 N2 N2 N3 N3 N3 N3 N3 N3 N3 N3 N2 N3 N2 N2 N3 N3 N3 N2 N2 N2 N3 N3 N3 N3 N2 N3 N3 N3 N2 N2 REM REM REM REM REM REM REM REM REM REM REM REM W W REM REM REM REM REM REM REM REM REM REM REM REM REM REM REM REM REM REM REM REM REM REM REM REM REM REM REM REM REM REM REM REM REM REM REM REM REM REM REM REM REM REM REM REM REM REM REM REM W W W W N1 N1 N1 N1 N1 N1 N1 N2 N2 N2 REM REM REM REM REM REM REM REM REM REM REM REM REM REM REM REM REM REM REM REM REM REM REM REM REM REM REM N2 REM REM REM REM REM REM REM REM REM REM REM N2 N2 N2 N2 N2 N2 N2 N2 N2 N3 N2 N2 N2 N2 N2 N2 N2 N2 N2 N3 N3 N3 N2 N2 N2 N3 N2 N3 N2 N2 N3 N3 N2 N3 N3 N2 N3 N3 N2 N2 N2 N3 N3 N3 N3 N3 N3 N3 N2 N3 N2 N2 N2 N2 N2 N2 N2 N3 N2 N2 N2 N3 N2 N2 N2 N2 N3 N2 N2 N2 N3 N3 N3 N3 N3 N3 N3 N3 N3 N3 N3 N3 N3 N3 N3 N3 N3 N3 N3 N3 N3 N3 N3 N3 N3 N3 N2 N3 N3 N2 N2 W N1 N2 N2 N2 N2 N2 N2 N2 N2 N2 N3 N3 N3 N2 N2 N2 N2 N2 N2 N2 N2 REM REM REM REM REM REM W N1 REM REM REM REM REM REM REM REM REM REM REM REM REM REM REM REM REM REM REM REM REM REM REM REM REM REM REM REM REM REM REM REM REM REM REM REM REM REM REM REM REM REM REM REM REM REM REM REM REM REM REM REM REM N2 N3 N2 N2 N2 N2 N2 N2 N2 N2 N2 N2 N2 N2 N2 W W W W W W W W N1 N1 W W W N1 N1 N2 N2 N2 N2 W N1 W W W W W W W W W N1 N1 N1 W W W W W W W W W W W W W W W W W W W W W W W W W W W W W W W W W W W W W W W W W W W W W W W W W W W W W W W W W W W W W W W W W W W W W W W W W W W W W W W W W W W W W W W W W W W W W W W W W W W W W W W W W W W W W W W W W W W W W W W W W W W W W W W W W W W W W W W W W W W W W W W W W W W W W N1 N1 W W W W W W W W W W W W W W W W W W W W W W W W W W W W W W W W W W W W W W W W W W W W W W W W W W W W W W W W W W W W,processed_sleepedf/spectral/SC4601E0-PSG_spectral.pt
processed_sleepedf/tensors/SC4602E0-PSG.pt,W W W W W W W W W W W W W W W W W W W W W W W W W W W W W W W W W W W W W W W W W W W W W W W W W W W W W W W W W W W W N1 W N1 W N1 N1 N1 W N1 N1 N2 N2 N2 N2 N2 N2 N2 N2 N2 N2 N2 N2 N2 N2 N2 N3 N3 N2 N3 N3 N3 N1 N1 N1 N1 N1 N1 N2 N2 N2 N2 N2 N2 N2 N3 N3 N2 N3 N2 N3 N3 N3 N3 N2 N3 N3 N3 N3 N3 N3 N3 N3 N3 N3 N3 N2 N3 N3 N3 N3 N3 N3 N3 W W W W W W W W W W W W W W W W W W W N1 N1 N1 N1 N1 N1 N1 N1 N1 N1 N1 N1 N1 N2 REM REM REM REM REM REM REM REM REM REM REM REM REM REM REM REM REM REM REM REM REM REM W W W W W W W W W W W W W W W W W W W W W W W W W W W W W W W W W W W W W W W W W W W W W W W W W W W W W W W W W W W W W W W W W W W W W W W W W W W W W W W W W W W W W W W W W W W W W W W W W W W W W W W W W W W W W W W W W W W W W W W W W W W W W W W W W W W W W W W W W W W W W W W W W W W W W W W W W W W W W W W W W W W W W W W W W W W W W W W W W W W W W W W W W W W W W W W W W W W W W W W W W W W W W W W W W W W W W W W W W W W W W W W W W W W W W W W W W W W W W W W W W W W W W W W W W W W W W W W W W W W W W W W W W W W W W W W W W W W W W W W W W W W W W W W W W W W W W W W W W W W W W W W W W W W W W W W W W W W W W W W W W W W W W W W W W W W W W W W W W W W W W W W W W W W W W W W W W W W W W W W W W W W W W W W W W W W W W W W W W W W W W W W W W W W W W W W W W W W W W W W W W W W W W W W W W W W W W W W W W W W W W W W W W W W W W W W W W W W W W W W W W W W W W W W W W W W W W W W W W W W W W W W W W W W W W W W W W W W W W W W W W W W W W W W W W W W W W W W W W W W W W W W W W W W W W W W W W W W W W W W W W W W W W W W W W W W W W W W W W W W W W W W W W W W W W W W W W W W W W W W W W W W W W W W W W W W W W W W W W W W W W W W W W W W W W W W W W W W W W W W W W W W W W W W W W W W W W W W W W W W W W W W W W W W W W W W W W W W W W W W W W W W W W W W W W W W W W W W W W W W W W W W W W W W W W W W W W W W W W W W W W W W W W W W W W W W W W W W W W W W W W W W W W W W W W W W W W W W W W W W W W W W W W W W W W W W W W W W W W W W W W W W W W W W W W N1 W N1 W W W W N1 N1 N1 N1 N1 N1 N1 N1 N1 N1 N1 N1 N1 N1 N2 N3 N2 N2 N2 N2 N2 N2 N2 N3 N2 N2 N3 N3 N3 N3 N3 N3 N2 N2 N3 N3 N3 N3 N2 N3 N3 N3 N3 N3 N3 N3 N3 N2 N3 N3 N3 N3 N3 N3 N3 N3 N3 N3 N3 N3 N2 W W W N1 W W W W W W W N1 N1 N2 N1 N1 N1 N1 N1 N1 N1 N1 N1 N1 N1 N1 N1 N1 N2 N2 N2 N2 N3 N2 N2 N2 N2 N3 N2 N2 N3 N2 N2 N3 N3 N3 N3 N3 N3 N3 N3 N3 N3 N3 N3 N3 N3 N3 N3 N3 N3 N3 N3 N3 N3 N3 N3 N3 N3 N3 N3 N3 N3 N3 N3 N3 N2 N2 N2 REM REM REM REM REM REM REM REM REM REM N1 N1 N1 N1 N1 REM REM REM REM REM REM REM REM REM REM REM REM REM REM REM REM REM REM REM REM REM REM REM REM REM REM REM REM REM REM REM REM REM REM REM REM REM REM REM REM REM REM REM REM REM REM REM REM REM REM REM REM REM REM N1 N1 N1 N1 N1 N1 N1 N1 N1 N1 N1 N1 N1 N1 N1 N1 N1 N1 N1 N1 N1 N1 N2 N2 N2 N2 N2 N2 N3 N2 N3 N3 N3 N2 N3 N1 W N1 W W W W W N1 N1 N1 N1 N1 N1 N2 N2 N2 N2 N2 N2 N2 N2 N2 N2 N3 N3 N2 N2 N2 N2 N2 N3 N3 N3 N3 N3 N3 N3 N3 N3 N3 N2 N3 N2 N3 N3 N3 N3 N2 N2 N2 N3 N2 N3 N3 N3 N3 N3 N3 N3 N3 N3 N3 N3 N3 N3 N2 N3 N3 N3 N3 N3 N3 N3 N3 N3 N3 N3 N2 N3 N2 N2 N3 N2 N3 N3 N2 N2 N2 N2 N2 N2 N2 N2 N2 N3 N3 N2 N2 N2 N3 N2 N2 N3 N1 N1 N1 N1 N2 N2 N2 N2 N2 N2 N2 N2 N2 N2 N2 N2 N2 N2 N2 N2 N2 N3 N2 N3 N2 N2 N2 N3 N3 N3 N2 N2 N3 N3 N2 N2 N3 N2 N3 N3 N3 N3 N2 N3 N2 N2 N2 N3 N2 N3 N3 N2 N3 N2 N2 N3 N3 N3 N3 N3 N3 N3 N3 N3 N3 N3 N2 N3 N2 N3 N3 N3 N3 N3 N3 N2 N3 N2 N2 N2 N3 N2 N2 REM REM REM REM REM REM REM REM REM REM REM REM REM REM REM REM REM REM REM REM REM REM REM REM REM REM REM REM N2 N2 N2 N2 N2 N2 N2 REM REM REM REM REM REM REM REM REM REM REM REM REM N2 N2 N2 N2 N2 N2 N1 N1 N1 N1 N1 N1 N2 N2 N1 N2 N2 N2 N2 N2 N2 N2 N2 N1 N1 N1 N1 N1 N1 N2 N2 N2 N2 N1 N1 N2 N2 N2 N2 N2 N2 N2 N2 N2 N2 N2 N2 N2 N2 N3 N2 N2 N2 N2 N2 N2 N3 N2 N2 N2 N2 N2 N2 N2 N2 N2 N2 N3 N2 N3 N1 N1 N2 N2 N2 N2 N2 N2 N2 N2 N2 N3 N2 N2 N3 N2 N2 N2 N2 N1 N1 N1 N2 N2 REM REM REM REM REM REM REM REM REM REM REM REM REM REM REM REM REM REM REM REM REM REM REM REM REM REM REM REM REM REM REM REM REM REM REM REM REM REM REM REM REM REM REM REM REM REM REM REM W W W W W W N1 N1 N1 N1 N1 N1 N1 N1 N1 N1 N1 W N1 N1 N1 W N1 W N1 N1 N1 N1 N1 N1 N2 N2 N2 N2 N2 N2 N2 N2 N2 W W W W W W W W W W W W W W W W W W W W W W W W W N1 W W W W W W W W W W W W W W W W W W W W W W W W W W W W W W W W W W W W W W W W W W W W W W W W W W W W W W N1 N1 N1 W W N1 W N1 N1 N1 N1 N1 N1 N1 N1 N1 N1 N1 N1 W N1 N1 N1 N1 N1 N1 N1 N1 N1 N1 N1 N1 N1 N2 N2 N2 N2 N2 N2 N2 N1 N1 N2 N2 N2 N2 N2 N2 N2 N2 N2 N2 N1 W W W W W W W W W W W W W W W W W W W W W W W W W W W W W W W W W W W W W W W W W W W W W W W W W W W W W W W W W W W W W W W W W W W N1 N1 N1 N1 N1 N1 N1 N1 N1 N1 N1 W W W W W W N1 W W N1 N1 N2 N2 N2 N2 N2 N2 N2 N2 N2 N2 N2 N2 N2 N2 REM REM REM REM REM REM REM REM REM REM REM REM REM REM REM REM REM REM REM REM REM REM REM REM REM REM REM REM REM REM REM REM REM REM REM REM REM W W W W W W W W W W W W W W W W W W N1 N1 N1 N1 N1 N1 N1 N1 N1 N1 N1 N1 N1 N1 N1 N1 N1 N1 REM REM REM REM REM REM REM REM REM REM REM REM REM REM REM REM W W W W W W W W W W W N1 N1 W W W N1 N1 N1 N1 REM REM REM REM N1 REM N1 REM REM REM REM REM REM REM REM REM REM REM N1 N1 N1 N1 N1 N1 N1 N1 N1 N1 N1 REM REM REM REM REM W W W W W W W W W W W W W W W W W W W W W W W W W W W W W W W W W W W W W W W W W W W W W W W W W W W W W W W W W W W W,processed_sleepedf/spectral/SC4602E0-PSG_spectral.pt
processed_sleepedf/tensors/SC4611E0-PSG.pt,W W W W W W W W W W W W W W W W W W W W W W W W W W W W W W W W W W W W W W W W W W W W W W W W W W W W W W W W W W W W N1 W N1 W W W W W W W W W W W W W W W W W W W W W W W W W W W W W W W W W W W W W W W W W W W W W W W W W W W W W W W W W W W W W W W W W W W W W W W W W W W W W W W W W W W W W W W W W W W W W W W W W W W W W W W W W W W W W W W W W W W W W W W W W W W W W W W W W W W W W W W W W W W W W W W W W W W W W W W W W W W W W W W W W W W W W W W W W W W W W W W W W W W W W W W W W W W W W W W W W W W W W W W W W W W W W W W W W W W W W W W W W W W W W W W W W W W W W W W W W W W W W W W W W W W W W W W W W W W W W W W W W W W W W W W W W W W W W W W W W W W W W W W W W W W W W W W W W W W W W W W W W W W W W W W W W W W W W W W W W W W W W W W W W W W W W W W W W W W W W W W W W W W W W W W W W W W W W W W W W W W W W W W W W W W W W W W W W W W W W W W W W W W W W W W W W W W W W W W W W W W W W W W W W W W W W W W W W W W W W W W W W W W W W W W W W W W W W W W W W W W W W W W W W W W W W W W W W W W W W W W W W W W W W W W W W W W W W W W W W W W W W W W W W W W W W W W W W W W W W W W W W W W W W W W W W W W W W W W W W W W W W W W W W W W W W W W W W W W W W W W W W W W W W W W W W W W W W W W W N1 N1 W N1 N1 N1 N1 N1 N1 N1 N2 N2 N2 N2 W N1 N1 N1 N1 N2 N2 N2 N2 N2 N2 N2 N2 N2 N2 N2 N2 N2 N2 N2 N2 N2 N2 N2 N3 N2 N3 N2 N3 N2 N2 N2 N3 N2 N2 N2 N3 N3 N2 N3 N2 N2 N2 N2 N3 N3 N2 N3 N3 N2 N2 N3 N3 N3 N2 N3 N3 N2 N3 N2 N3 N1 N2 N3 N2 N3 N3 N3 N3 REM REM REM REM REM REM REM REM REM REM REM REM REM REM REM REM REM W N1 N1 REM REM REM REM REM REM REM REM REM REM REM REM REM REM REM REM REM REM REM REM REM REM REM REM REM REM REM REM REM REM REM REM REM REM REM REM REM REM REM REM REM REM REM REM REM REM REM REM REM REM N2 N2 N2 W W N1 N1 N2 N1 N2 N2 N2 N2 N2 N2 N2 N2 N2 N2 N3 N3 N2 N2 N2 N3 N2 N3 N2 W W W N1 N1 N1 N1 N2 N2 N2 N2 N2 N2 N2 N2 N2 N2 N2 N3 N2 N3 N2 N2 N2 N2 N3 N3 N2 N3 N2 N3 N3 N2 N3 N3 N3 N3 N3 N3 N3 N3 N3 N3 N3 N3 N3 N3 N3 N3 N3 N2 N3 N2 N3 N3 N3 N3 N3 N3 N3 N3 N3 N3 N3 N3 N3 N3 N3 N3 N3 N3 N3 N3 N3 N3 N2 N3 N3 N3 N3 N3 N3 N3 N3 N3 N3 N2 N2 N2 N2 N2 N2 N2 N2 N2 N2 N2 N3 N2 N2 N2 N2 N2 N2 N1 N1 REM N1 REM N1 W W W W W REM REM REM REM REM REM REM REM REM REM REM REM REM REM REM REM REM REM REM REM REM REM REM REM REM REM REM REM REM REM REM REM REM REM REM REM REM REM REM REM REM REM REM REM REM REM REM REM REM REM REM REM REM REM REM REM REM REM REM REM REM REM REM REM REM REM REM REM REM REM REM REM REM REM REM REM REM REM REM REM REM REM REM REM REM N2 N2 N2 N2 N2 N2 N2 N2 N2 N2 N2 N2 REM REM REM REM REM REM REM REM REM REM REM REM REM REM REM REM REM REM REM REM REM REM REM REM REM REM REM REM REM REM REM REM REM REM REM REM REM REM REM REM REM REM REM REM REM N2 N2 REM N2 N2 REM N2 REM REM REM REM N2 N2 REM REM N2 N2 N2 N2 N2 N2 N2 N2 N2 N2 N1 N2 N2 N2 N2 N2 N2 N2 N2 N2 N3 N2 N3 N2 N2 N2 N2 N2 N2 N2 N3 N3 N3 N3 N3 N3 N3 N2 N3 N3 N3 N3 N3 N3 N3 N3 N3 N2 N2 N3 N3 N3 N3 N3 N3 N2 N3 N2 N3 N3 N3 N3 N3 N3 N3 N3 N2 N3 N3 N3 N2 N2 N3 N3 N3 N3 N3 N3 N3 N3 REM REM REM REM REM REM REM REM N2 N2 N2 REM REM REM REM REM REM REM REM REM REM N2 N2 N2 N2 N2 N2 N2 REM REM REM N2 REM REM REM REM REM REM REM REM REM REM REM REM REM REM REM REM REM REM REM N2 REM REM REM REM REM REM REM REM REM REM REM REM REM REM REM REM REM REM REM REM REM REM REM REM REM REM REM REM REM REM REM REM REM REM REM REM W W W W REM W W W W W W W W W W REM W W W W W W N1 N1 N1 N1 N1 N1 N1 N1 N1 N2 N2 N2 N2 N2 N1 N2 N2 N2 N2 N2 N1 N2 N1 N1 N2 N2 N1 N1 N2 N2 N2 N2 N2 N2 N2 N2 N2 N2 N2 N2 N2 N2 N2 N2 N2 N2 N2 N2 N3 N2 N2 N2 N2 N3 N2 N3 N2 N2 N2 N2 N2 N3 N2 N3 N3 N3 N2 N2 N2 N2 N2 N2 N2 N3 N2 N2 N2 N2 N3 N2 N2 N2 N2 N2 N2 N2 REM N2 N1 N1 N2 N2 N2 N1 REM N2 REM REM REM REM REM REM REM N1 N1 N1 N1 N1 N1 N1 N1 N1 N2 N2 N2 N2 N1 N1 REM REM REM REM REM REM REM REM REM REM REM REM REM REM REM REM REM REM REM REM REM REM REM REM REM REM REM REM REM REM REM N1 N1 REM REM REM REM REM REM REM REM REM W W W N1 N1 N1 N1 N1 N1 N1 N1 N1 N1 N1 N1 N1 REM N1 N1 N1 N1 N1 N1 REM REM N1 N1 N1 N1 N1 N1 N2 REM REM REM REM N2 N1 N2 W W N1 W N1 N1 REM REM N2 N2 REM REM REM REM REM REM REM REM REM REM REM REM REM N2 N2 N2 N1 N1 N1 REM N2 N2 N2 N2 W N1 N1 N1 N1 N1 N1 N1 N2 N2 N2 N2 N2 N2 N2 N2 N2 N2 N2 N2 N2 N2 N2 N2 N2 N2 N3 N2 W N1 N1 N1 N1 N1 REM REM REM REM REM REM REM REM REM REM REM REM REM N2 N2 REM REM REM N2 REM REM REM N2 REM REM REM N2 N2 REM N1 N1 N1 N1 N1 N1 N1 N1 N1 N1 N1 N1 N1 N1 N1 REM REM REM REM REM REM REM REM REM REM REM REM REM REM REM REM REM REM W N1 N1 REM N1 W W W W W W W W W W W W W W W W W W W W W W W W W W W W W W W W W W W W W W W W W W W W W W W W W W W W W W W W W W W W,processed_sleepedf/spectral/SC4611E0-PSG_spectral.pt
processed_sleepedf/tensors/SC4612E0-PSG.pt,W W W W W W W W W W W W W W W W W W W W W W W W W W W W W W W W W W W W W W W W W W W W W W W W W W W W W W W W W W W W N1 W N1 N1 W W W W W W W W W W W W W W W N1 N1 N1 N1 W N1 N1 N1 N1 N1 N1 W N1 N1 N1 W N1 N1 N1 N1 N1 N1 N2 N2 N2 N2 N2 N2 N2 N2 N2 N2 N2 N2 N2 N2 N2 N2 N2 N2 N2 N2 N2 N2 N2 N2 N2 N2 N2 N2 N2 N2 N2 N2 N2 N2 N2 N2 N2 N2 N2 N3 N2 N2 N3 N2 N3 N3 N2 N3 N2 N2 N2 N2 N2 N3 N2 N3 N3 N2 N2 N2 N3 N3 N3 N2 REM REM REM REM REM REM REM REM REM REM REM REM REM REM REM REM REM W REM REM REM REM REM REM REM REM REM REM REM REM REM REM REM REM REM REM REM REM REM REM REM REM REM REM REM REM REM REM REM REM REM REM REM REM REM REM REM REM N2 N2 N2 N2 N2 N2 N2 N2 N2 N2 N2 N2 N2 N2 N2 N2 N2 N2 N2 N2 N2 N2 N2 N2 N3 N2 N2 N2 N2 N2 N3 N3 N3 N2 N2 N3 N2 N2 N3 N3 N3 N3 N2 N3 N3 N3 N3 N3 N2 N3 N3 N3 N2 N3 N3 N2 N3 N2 N2 N2 N2 N2 N2 N2 N2 N2 N2 N2 N2 N2 N3 N2 N3 N3 N2 N2 N2 N2 N2 N3 N3 N3 N3 N3 N2 N3 N2 N2 N3 N2 N2 N2 N2 N2 N2 N2 N2 N2 N3 N2 N2 N2 N2 N3 N3 N2 N3 N3 N3 N2 N2 N1 N1 N2 N2 N1 N1 N1 N1 N1 N1 N1 N2 N2 N1 W N1 W N1 N1 N1 N1 N1 N1 N1 N2 N2 N2 N2 N2 N2 N2 N2 N2 N2 N2 N2 N2 N2 N2 N2 N2 N2 N2 N2 N2 N2 N2 N2 W W W W W W W W W N1 N1 N1 N1 W N1 N1 N1 N1 N2 N2 N2 N2 N2 N2 N2 N2 N2 N2 N2 N2 N2 N2 N2 N2 N2 N2 N2 N2 N2 N2 N2 N2 N2 N2 N2 N2 N2 N2 N2 N2 N2 N3 N2 N2 N2 N2 N3 N2 N2 N3 N2 N2 N3 REM REM REM REM REM REM REM REM REM REM REM REM REM REM REM REM REM REM REM REM REM REM REM REM REM REM REM REM REM REM REM REM REM REM REM REM REM REM REM REM REM REM REM REM REM REM REM REM REM REM REM REM REM REM REM REM REM REM REM REM REM REM REM REM REM REM REM REM REM REM N2 N2 N2 N2 N2 N2 N2 N2 N2 N2 N2 N2 N2 N2 N2 N2 N2 N2 N2 N2 N2 W W W W N1 N1 N1 N2 N2 N2 N2 N2 N2 N2 N2 N2 N2 N2 N2 N2 N2 N2 N2 N2 N2 N2 N2 N2 N2 N2 N2 N2 N2 N2 N2 N2 N2 N2 N2 N2 N2 N2 N2 N2 N3 N2 N3 N2 N2 N2 N2 N2 N2 N3 N2 N3 N3 N3 N3 N2 N3 N2 N3 N3 N3 N3 N2 N2 N3 N2 N2 N2 N2 N3 N2 N2 N2 N2 N2 N2 N2 N2 N1 N1 N2 N2 N2 N2 N2 N2 N1 N1 N2 N1 N1 N2 N2 N2 N2 N1 N2 N2 N2 N1 N2 N2 N2 N2 W N1 W W N1 W W W N1 W W W W W W W W W N1 N1 N1 N1 N1 N1 N1 N1 N2 N2 N2 N2 N2 N2 N2 N2 N2 N2 N2 N2 REM REM REM REM REM REM REM REM REM REM REM N1 N1 REM REM REM REM REM REM REM REM REM REM REM REM REM REM REM REM REM REM REM REM REM REM REM REM REM REM REM REM REM REM REM REM REM REM REM REM REM REM REM REM REM REM REM REM REM N1 N2 N2 N1 N1 N2 N2 N2 N2 N2 N2 N2 N2 N2 N2 N2 N2 N2 N2 N2 N2 N2 N2 N1 N2 N2 N2 N2 N2 N2 N2 N2 N2 N2 N2 N2 N2 N2 N2 N2 N2 N2 N2 N2 N2 N1 N2 N2 N2 N2 N2 N2 N2 N2 N2 N2 N2 N2 N2 N2 N2 N2 N2 N2 N2 N2 N2 N2 N2 N2 N2 N2 N2 N2 N2 N2 N2 N2 N2 N2 N2 N2 N2 N2 N2 N2 N2 N2 N2 N2 N2 N2 N2 N2 N2 N2 N2 N2 N2 N2 N2 N2 N2 N2 N2 N2 N2 N2 N2 N2 N1 N1 N1 N2 N1 N1 N1 N2 N2 N2 N2 N2 N2 N2 N2 N2 N2 N1 N1 N1 W N1 N1 N1 N2 N2 N2 N2 N2 N2 N2 N2 N2 N2 N2 N2 N2 N2 N2 N2 N2 N2 N2 N2 N2 N2 N2 N2 N2 N2 N2 N2 N2 N2 N2 N2 N2 N2 N2 N2 N2 N2 N2 N2 N2 N2 N2 N2 N2 N2 N2 N2 N2 N2 N2 N2 N2 N2 N1 REM REM REM REM REM REM REM REM REM REM REM REM REM REM REM REM REM REM REM REM REM REM REM REM REM REM REM REM REM REM REM N1 N1 N1 W W W W W W W W W W W W W W W W W W W W W W W W W W W W W W W W W W W W N1 N1 N1 W W W W W W W W W W W W W W W W W W W W W W W W W W W W W W W W W W W W W W W W W W W W W W W W W W W W W W W W W W W W,processed_sleepedf/spectral/SC4612E0-PSG_spectral.pt
processed_sleepedf/tensors/SC4621E0-PSG.pt,W W W W W W W W W W W W W W W W W W W W W W W W W W W W W W W W W W W W W W W W W W W W W W W W W W W W W W W W W W W W N1 N1 N1 N1 N1 N1 N1 N1 N1 N1 N1 N1 N1 N1 N1 N1 N1 N1 N2 N2 N2 N2 N2 N2 N2 N2 N2 N2 N2 N2 N2 N2 N2 N1 N1 N2 N2 N2 N2 N2 N2 N2 N2 N2 N2 N2 N2 N2 N2 N2 N2 N2 N2 N2 N2 N2 N2 N2 W W W W W W W W W W W N1 N1 N1 N1 N1 N1 N1 N1 N1 N1 N1 N1 N2 N2 N2 N2 N2 N2 N2 N2 N2 N2 N2 N2 N2 N2 N2 N2 N2 N2 N2 N2 N1 N1 N1 N1 N1 N1 N2 N2 N2 N2 N2 N2 N2 N2 N2 N2 N2 W W W W N1 N1 N2 N2 N2 N2 N2 N2 N2 N2 N2 N2 N2 N2 N2 N2 N2 N2 N2 N2 N2 N2 N2 N2 N2 N2 N2 N2 N2 N2 N1 N1 N2 N2 N1 N2 N2 N2 N2 N2 N2 N2 N2 N2 N2 N2 W W W N1 N1 N2 N2 N2 N2 N2 N2 N2 N2 N2 W W W W W W W W W N1 N1 N1 N1 N2 N2 N2 N2 N2 N2 N2 N2 N2 N2 N2 N2 N2 N2 N2 N2 N2 N2 N2 N2 N2 N2 N2 N2 N2 N2 N1 N1 N2 N2 N2 N2 N2 N2 N2 N2 N2 REM REM REM REM REM REM REM REM REM REM REM REM REM REM REM REM REM REM REM N1 REM REM REM REM REM REM REM REM REM REM W W W W N1 N2 N2 N2 N2 N2 N1 N2 N2 N2 N2 N2 N2 N2 N2 N2 N2 N2 N2 N2 N2 N2 N2 N2 N2 N2 N2 W W W W W W W W W W W W N1 N1 N1 N1 N2 N2 N2 N2 N2 N2 N2 N2 N2 N2 N2 N2 N2 N2 N1 N2 N2 N2 N2 N2 N2 N2 N2 N2 N2 N2 N2 N2 N2 N2 N2 N2 N2 N2 N2 N2 N3 N2 N2 N3 N2 N2 N2 N2 N2 N2 N2 N2 N2 N2 N3 N2 N2 N2 N2 N2 N2 N2 N2 N2 N2 N2 N2 N2 N2 N2 N2 N2 N2 N2 N2 N2 N2 N2 N2 N2 N2 N2 N2 N2 N2 N2 N2 N2 N2 N2 N2 N2 N2 N2 N2 N2 N2 N2 N2 N2 N2 N2 N2 N2 N2 W W W W W W N1 N2 W W W W N1 W W W W N1 N1 N2 N2 N2 N2 W W W W N1 N1 N2 N2 N2 N2 N2 N2 N2 N2 N2 N2 W W W N1 N1 N2 N2 N2 N2 N2 N2 N2 N2 N2 N2 N2 N1 N1 N2 N2 N3 N2 N2 N2 REM REM REM REM REM REM REM REM REM REM REM REM REM REM REM REM REM REM REM N1 N1 N2 N2 N2 N2 N2 N2 N2 N2 N2 N2 N2 N2 W N1 N1 N2 N2 N2 N2 N2 N2 N2 N2 N2 N2 N2 N2 N2 N2 N2 N2 N2 N2 N2 N2 N2 N2 N2 N2 N2 N2 N2 N2 N2 N2 N2 N2 N2 N2 N2 N2 N2 N2 N2 N2 N2 N2 N2 N2 N2 N2 N2 N2 N2 N2 N2 N2 N2 N1 N1 N2 N2 N2 N2 N2 N2 N2 N2 N2 N2 N2 N2 N2 N2 N2 N2 N2 N2 N2 N2 N2 N2 N2 N2 N2 N2 N2 N2 N2 N2 N2 N2 N2 N2 N2 N2 N2 N2 N2 N2 N2 N2 N2 N2 N3 N2 N2 N2 N2 N2 N2 N3 N2 N2 N2 N2 N2 N2 N2 N2 N2 N2 N2 N2 N2 N2 N2 N3 N2 N2 N2 N2 N2 N2 N2 N2 N2 N2 N2 N2 N2 N3 N3 N2 N2 N3 N2 N2 N2 N2 N2 N2 N2 N2 N2 N2 N2 N2 N2 N2 N2 N2 N2 N2 N2 N2 N2 N2 N2 N2 N2 N2 N2 N2 N2 N2 W W W W W W W W W W W W W W W W W W W W W W W W W W W N1 N1 N2 N2 N2 N2 N2 N2 N2 N2 N2 W W W W W W N1 W N1 N1 N1 N2 N2 N2 N2 N2 N2 N2 N2 N2 N2 N2 N1 N1 N2 N2 N2 N2 N2 N2 N2 N2 N2 N2 N2 N2 N2 N2 N2 N2 N2 N2 N2 N2 N2 N2 N2 N2 N2 N2 N2 N2 N2 N2 N2 N2 N2 N2 N2 N2 N2 N2 N2 N1 N1 N2 N2 N2 N2 N2 N2 N2 N2 N2 N2 N2 N2 N2 N2 N2 N2 N2 N2 N2 N2 N2 W N1 N1 N1 N1 N2 W W W N1 N2 N2 W N1 N1 N1 N1 N1 W N1 N1 N1 N1 N1 N2 N2 N2 N2 N2 N2 N2 N2 N2 N2 N2 N2 N2 N2 N2 N2 N2 N2 N2 N2 N2 N2 N2 N2 N1 N1 N1 N2 N2 N2 N2 N2 N2 N2 N2 N2 N2 N2 N2 N2 N2 N2 N2 N2 N2 N2 N2 N2 N2 N2 N2 N2 N2 N2 N2 N2 N1 N1 N1 N1 N1 N1 N1 N2 N2 N2 N2 N2 N2 N2 N2 N2 N2 N2 N2 N2 N3 N2 N2 REM REM REM REM REM REM REM REM REM REM N2 W W W W N1 N1 N2 N2 N2 N2 N2 N2 W N1 N1 N1 N2 W W W N1 N1 N1 N1 N1 N1 REM W W W W W N1 W W W W W W W W W W W W W W W W W W W W W W W W W W W W W W W W W W W W W W W W W W W W W W N1 N1 N2 N1 N1 W N1 N1 N1 N1 N1 N1 N1 N2 N2 N2 N2 N2 N2 N2 N2 N2 N2 N2 N2 W W N1 N1 N2 N1 N1 N2 N2 N2 N2 N2 N2 N2 N2 N2 N2 N1 N1 N2 N2 N2 N2 N2 N2 N2 N2 N2 N2 N2 N2 N1 N2 N2 N2 N2 N2 N2 N2 N2 N2 N2 N2 N2 N2 N2 N2 N2 N2 N2 N2 N1 N1 N1 N1 N1 N2 N2 N2 N2 N2 N2 N2 N2 W N1 W W W W W W N2 N2 W N2 N2 N2 N2 N2 N2 N2 W N1 N1 N2 N2 N2 N2 N2 W N1 N1 REM REM REM W REM REM REM REM REM REM REM REM REM REM REM REM W W N1 N1 REM REM REM REM W W N1 W W W W W N1 W W W W W W N1 N1 N1 N1 N1 N1 W W N1 N1 N1 N1 N1 W N1 N1 N2 N2 N2 N2 N2 N2 N2 N2 N1 N1 N1 N1 N1 W N1 W W N1 N1 N1 N1 N2 N2 N2 N2 W W W N1 N1 N1 N1 N1 N1 N1 N1 N1 N1 N1 N1 N1 N1 N1 N1 N1 N1 N1 N1 N1 N1 N1 N1 N1 N1 N1 N1 N1 N1 N1 N1 N1 N1 N1 N1 N1 N1 N1 N1 N1 N1 N1 N1 N1 N1 N1 N1 N1 N1 N1 N1 N1 N1 N1 N1 N1 N1 N1 N1 N1 N1 N1 N1 N1 N1 N1 N1 N2 N1 N1 N1 N1 N1 N1 N1 N2 W W N1 N1 N1 N1 N1 N1 N1 N1 N1 N1 N1 N1 N1 N1 N1 N1 N2 N2 N2 N2 N2 N3 N3 N3 N2 N2 N2 N2 N2 N2 N2 N2 W W W W N1 N1 N1 N1 N1 W W W W N1 N1 N1 W W W W W W W W W W W W W W W W W W W W W W W W W W W W W W W W W W W W W W W W W W W W W W W W W W W W W W W W W W W W,processed_sleepedf/spectral/SC4621E0-PSG_spectral.pt
processed_sleepedf/tensors/SC4622E0-PSG.pt,W W W W W W W W W W W W W W W W W W W W W W W W W W W W W W W W W W W W W W W W W W W W W W W W W W W W W W W W W W W W N1 N1 N1 N1 N1 N1 W N1 N1 N1 W N1 N1 N1 N1 N1 N1 N1 N1 N1 N1 N2 N2 N2 N2 N2 N2 N2 N2 N2 N2 N2 N2 N2 W N1 N1 N1 N2 N2 N2 N2 N2 N2 N2 N2 N2 N2 N2 N2 N2 N2 N2 N2 N2 N2 N2 N2 N2 N2 N2 N2 N2 N2 N2 N1 N1 N2 N2 N2 N2 N2 N2 W N1 N1 N2 N2 N2 N2 N2 N2 N2 N2 N2 N1 N1 N2 N2 N2 N2 N2 N2 N2 N2 N1 N1 N1 N2 N2 N2 N1 N2 N2 N2 N2 N2 N2 N2 N2 N2 N2 N2 N2 N2 N2 N2 N3 N2 N2 N2 N2 N2 N3 N2 N2 N2 N2 N3 N1 N2 N2 N1 N1 N1 N1 N1 N1 N1 N1 N2 N2 N1 REM REM REM REM REM REM REM REM REM REM REM REM REM REM REM REM REM REM REM REM REM W W W W W W W N1 W W N1 W W W W W N1 W N1 N1 N1 W N1 N1 N1 N1 N1 N1 N1 N1 N1 W N1 W N1 N1 N1 N1 N1 N1 N1 N1 N1 N1 N1 N1 W N1 N1 N1 N1 W N1 N1 N2 N2 N2 N2 N2 N2 N2 N1 N2 N2 N2 N2 N2 N2 N2 N2 N2 N2 N2 N2 N2 N2 N2 N2 N2 N2 N2 N1 N1 N2 N2 N2 N2 N2 N2 N2 N2 N2 N2 N2 N2 N2 N2 N2 N2 N2 N2 N2 N2 N2 N2 N2 N2 N2 N2 N2 N2 N2 N2 N2 N1 N1 N1 N2 N2 N2 N2 N2 N2 N2 N2 N2 N2 N2 N2 N2 N2 N2 N2 N2 N2 N2 N2 N2 N2 N2 N2 N2 N2 N2 N2 N2 N2 N2 N2 N2 N2 N2 N2 N2 N2 N2 N2 N2 N2 N2 N2 N2 N2 N2 N2 N2 N2 N2 N2 N2 N2 N3 N2 N2 N2 N2 N2 N2 N2 N2 N2 N2 REM REM REM N2 N2 N2 REM REM REM REM REM REM REM REM REM REM REM REM REM REM REM REM REM REM REM REM REM REM REM REM REM REM REM REM REM REM REM REM REM REM REM REM REM REM REM REM REM REM N1 N1 N1 N1 N1 N1 N1 N1 N1 W W W W W W W W W W W W W W W W W W W W W W W W W N1 W W W W W W W W W W W W W W W W W W W W W W W W W W W W W W W W W W W W W W W W W W W W W W W W W W W W W W W W W W W W W W W W W W W W W W W W W W W W W W W W W W W W W W W W W W W W W W W W W W W W W W W W W W W W W W W W W W W W W W W W W W W W W W W W W W W W W W W W W W W W W W W W W W W W W W W W W W W W W W W W W W W W W W W W W W W W W W W W W W W W W W W W W W W W W W W W W W W W W W W W W W W W W W W W W W W W W W W W W W W W W W W W W W W W W W W W W W W W W W W W W W W W W W W W W W W W W W W W W W W W W W W W W W W W W W W W W W W W W N1 N1 N1 N1 N1 W N1 N1 N1 N1 N1 N1 N1 N1 N1 N1 N1 N2 N2 N2 N2 N2 N2 N2 N2 N2 N2 N2 N2 N2 N2 N2 N2 N2 N2 N2 N2 N2 N2 N2 N2 N2 N2 N2 N2 N2 N2 N2 N2 N2 N2 N2 N1 N1 N2 N2 N2 N2 N2 N2 N2 N2 N2 N2 N2 N2 N2 N2 N2 N2 N2 N2 N2 N2 N2 N2 N2 N2 N2 N2 N2 N2 N2 N2 N2 N2 N1 N1 N1 N2 N2 N2 N2 N2 N2 N2 N2 N2 N1 N1 N2 N2 N2 N2 N2 N2 N2 N2 N2 N2 N2 N2 N2 N2 N2 N2 N2 N2 N2 N2 N2 N2 N2 N2 N2 N2 N2 N2 N2 N2 N2 N1 N1 N1 N2 N2 N1 N1 N2 N2 N2 N2 N2 N2 N2 N2 N2 N2 N2 N2 N2 N2 N1 N1 N1 N1 N1 N1 N1 N2 N2 N2 N2 N2 N2 N2 REM REM REM N1 REM N1 REM REM N1 N1 N1 REM REM REM N1 REM REM REM REM REM REM N1 REM REM REM REM W W W W W W W W W W W W W W W W W W W W W W W W W W W W W W W W N1 N1 N1 N1 N1 W W W N1 N1 W N1 N1 N1 N1 N1 N1 N1 N1 N1 N1 N1 N1 N1 N1 N1 N1 N1 N2 N1 N1 N2 N2 N1 N2 N2 N1 N1 N1 N2 N1 N1 N1 N1 N1 N2 N2 N2 N2 N2 N2 N2 N2 N2 N2 N2 N2 N2 N2 N2 REM N1 N2 REM N1 N1 N2 N2 N1 N1 N1 N1 N1 N1 N1 W W N1 N1 N1 N1 N1 N1 N1 N1 N1 N1 N1 N1 N1 N1 N1 N1 N1 N1 N1 N2 N2 N2 N2 N2 N2 N2 N2 N2 N2 N2 N2 N2 N2 N2 N1 N1 N2 N2 N2 N2 N1 N1 N2 N2 N2 REM REM REM N2 N2 REM REM REM REM REM REM REM REM N1 N2 N1 W N1 N1 N2 N2 N2 N2 N2 N2 REM REM REM REM N1 N1 N1 REM REM REM REM REM REM REM REM N1 N1 N1 N1 REM REM REM REM REM W W N1 N1 W N1 N1 N1 N1 N1 W N1 N1 N1 W N1 N1 N1 N1 W N1 N1 N1 W N1 N1 N1 N2 N2 N2 N1 N1 N1 N1 N1 N1 N1 N1 N1 N1 N1 N1 N1 N1 W W W W W W W W W W W W W W W W W W W W W W W W W W W W W W W W W W W W W W W W W W W W W W W W W W W W W W W W W W W W W W W W W W W W W W W W W W W W W W W N1 N1 N1 N1 N1 N1 N1 N1 W W W W W W W W W W N1 N1 N1 N1 N1 N1 N1 N1 N1 N1 N1 N2 N2 N2 N2 N2 N2 N2 N1 N1 N1 N1 N1 N1 N2 N1 N1 N1 W W W W W W W W W W W W W W W W W W W W W W W W W W W W W W W W W W W W W W W W W W W W W W W W W W W W W W W W W W W W W W W W W W W W W W W W W W W W W W W W W W W W W W N1 N1 N1 N1 N1 N1 W N1 W W W W W W N1 N1 N1 N1 N1 N1 N1 N1 N1 N1 N1 W W W W W W W W W W W W W W W W W W W W W W W W W W W W W W W W W W W W W W W W W W W N1 N1 W W W W W W W W W W W W W W W W W W W W W W W W W W W W W W W W W W W W W W W W W W W W W W W W W W W W W W W W W W W W W W W W W W W W W W W W W W W W W W W W W W W W W W W W W W W W W W W W W W W W W W W W W W W W W W W W W W W W W W W W W W W W W W W W W W W W W W W W W W W W W W W W W W W W W W W W W W W W W W W W W W W W W W W W W W W W W W W W W W W W W W W W W W W W W W W W W W N1 W W W W N1 N1 N1 N1 N1 N1 N2 N1 W W N1 N1 N1 N1 N1 N1 N1 N1 W N1 N1 N1 N2 N1 N2 N2 N2 N2 N2 N1 N1 N1 N2 N2 N2 N2 W N1 N1 N1 N1 N1 N2 N2 N2 N2 N1 N1 N1 N1 N1 N1 N1 N2 N2 W N1 N1 N1 N1 N1 N1 N1 N1 N1 N1 N1 N1 W N1 N1 W N1 N1 W W W N1 W W W W W W W W W W W W W W W W W W W W W W W W W W W W W W W W W W W W W W W W W W W W W W W W W W W W W W W W W W W W,processed_sleepedf/spectral/SC4622E0-PSG_spectral.pt
processed_sleepedf/tensors/SC4631E0-PSG.pt,W W W W W W W W W W W W W W W W W W W W W W W W W W W W W W W W W W W W W W W W W W W W W W W W W W W W W W W W W W W W N1 N1 N1 N1 N1 W W W N1 N1 N1 N1 N1 N1 N1 N1 W W W N1 N1 N1 N1 N2 N2 N2 N2 N2 N2 N2 N2 N2 N1 N1 N1 N1 N1 N2 N1 N2 N1 N1 W W W W W W N1 W W W W W W W W W W W W W W W W W W W W W W W W W W W W W W W W W W W W N1 N1 N1 N1 N1 N1 N1 N1 N2 N2 N1 N1 N2 N2 N1 N1 N1 W W W W W W W N1 N1 W N1 N1 N1 N1 N2 N2 N1 N2 N2 N1 N1 W W W W N1 N1 N1 N2 N2 N2 N1 N1 N2 N2 N2 N2 N2 N2 N2 N2 N2 N2 N2 N2 N2 N2 N2 N2 N2 N2 N2 N2 N2 N3 N3 N2 N2 N3 N3 N3 N2 N3 N2 N2 N3 N3 N3 N3 N3 N2 N3 N2 N3 N3 N3 N3 N3 N2 N3 N3 N2 N2 N2 N2 REM REM REM REM REM REM REM REM REM REM REM N1 N1 N1 REM REM REM REM REM REM REM REM REM REM REM REM REM REM REM REM REM REM REM REM REM REM REM REM REM N2 N2 N2 N2 N2 N2 N2 N2 N2 N2 N2 N2 N2 N2 N2 N2 N2 N2 N2 N2 N2 N2 N2 N2 N2 N2 N2 N2 N2 N2 N2 N2 N2 N2 N2 N2 N2 N2 N2 N2 N2 N2 N3 N2 N2 N2 N2 N2 N2 N1 N2 N2 N2 N2 N2 N2 N2 N2 N2 N2 N2 N3 N2 N3 N3 N3 N3 N2 N2 N2 N3 N3 N2 N3 N2 N3 N3 N3 N2 N3 N3 N3 N2 N3 N2 N3 N3 N3 N2 N2 N2 N2 N2 N2 N2 N2 N2 N2 N2 N2 N2 N2 N2 N2 N2 N2 N2 N2 N2 N2 N2 N2 N2 N2 N2 N2 N2 N2 N2 N2 N2 N2 N2 N2 N1 N2 N2 N2 N2 N2 N2 N2 N2 N2 N1 N2 N2 N2 N2 N2 N2 N2 N2 N2 N2 N2 N2 N2 N2 N2 N2 N2 N2 N2 N2 N2 N2 N2 N2 N2 N2 N2 N2 N2 N2 N2 N2 N2 N2 N2 N2 N2 N2 N2 N2 N1 N2 N2 N2 N2 N2 N2 N2 N2 N2 N2 N2 N2 N2 N2 N2 N2 N2 N2 N2 N2 N2 N2 N2 N2 N2 N2 N2 N2 N2 N2 N2 N2 N2 N2 N2 N1 N2 N2 N2 N3 N2 N2 N2 N2 N2 N2 N1 N1 N1 N1 N1 N1 N1 N2 N2 N2 N2 N2 N2 N2 N2 N2 N2 N2 N2 N2 N2 N2 N2 N2 N2 N2 N1 REM REM REM REM REM REM REM REM REM REM REM REM REM REM REM REM REM REM REM REM REM REM REM REM REM REM REM REM REM REM REM REM REM REM REM REM REM REM N2 N2 N2 N2 N2 REM N2 N2 N2 N2 N2 N2 N2 N2 N2 N2 N2 N2 N2 N2 N2 N2 N2 N2 N2 N2 N2 N2 N2 N2 N2 N2 N2 N2 N2 N2 N2 N1 N2 N2 N2 N2 N2 N2 N2 N2 N2 N2 N2 N2 N2 N2 N2 N2 N2 N2 N2 N2 N2 N2 N2 N2 N2 N2 N2 W W W W W W W W N1 N1 N2 N2 N2 N2 N2 N2 N2 N2 N1 N2 N2 N2 N2 N2 N2 N2 N2 N2 N2 N2 N2 N2 N2 N2 N2 N2 N2 N2 N2 N2 N2 N2 N2 N2 N2 N2 N2 N2 N2 N2 N2 N2 N2 N2 N2 N2 N1 N1 N1 N1 N1 N2 N2 W W W W W W W W W W W W W W W W N1 N1 N1 W W W W W W W W W W W W W W W W W W W W W W W W N1 W N1 W W W N1 N1 W N1 N1 W W N1 N1 N2 N2 N2 N2 N2 N2 N2 N2 N2 N2 N2 N2 N2 W W N1 N2 N2 N2 N2 N2 N1 N2 N1 N2 N2 W W W N1 N1 N1 N1 N2 N2 N2 N2 N2 N1 N2 N2 N2 N2 N2 N2 N2 N2 N2 N2 N2 N2 N2 N2 N2 N2 N2 N2 N2 N2 N1 N1 N2 N2 N2 N2 N2 N2 REM REM REM REM REM REM REM REM REM REM REM REM REM REM REM REM REM REM REM REM REM REM REM REM REM REM REM REM REM REM REM REM REM REM REM REM REM REM REM REM REM REM REM N2 N1 N2 REM REM W W W W W W W W N1 N1 N1 N2 N2 N2 N2 N2 N2 N2 N2 N2 N2 N2 N2 N2 N2 N2 N2 N2 N2 N2 N2 N2 N2 N2 N2 N2 N2 N2 N2 N2 N2 N2 N2 N2 N2 N2 N2 N2 N2 N2 N2 N2 N2 N2 W W W N1 N1 N1 N1 N1 N1 N1 N2 N2 N2 N1 N1 W W N1 N1 N1 N1 W W W W W W W W W W W W W N1 W W W W N1 W W N1 N1 N1 W W N1 N1 W W W N1 W W W W W N1 W N1 N1 W W W W W W W W N1 W N1 N1 N1 W W W W W W W W W W W W W W W W W W W W W W W W W W W W W W W W W W W W W W W W W W W W W W W W W W W W W W W W W W W W,processed_sleepedf/spectral/SC4631E0-PSG_spectral.pt
processed_sleepedf/tensors/SC4632E0-PSG.pt,W W W W W W W W W W W W W W W W W W W W W W W W W W W W W W W W W W W W W W W W W W W W W W W W W W W W W W W W W W W W N1 W N1 W W N1 W N1 N1 N1 N1 N1 W W N1 N1 N1 N1 N1 N1 N1 N1 N2 N2 N2 N2 N2 N2 N2 N2 N2 N2 N2 N2 W W W W W W W W W W W W W W W W W W W W W W W W W W W W W W W W W W W W W W N1 N1 N1 N1 N1 N1 N1 W N1 N1 N1 N1 N1 N1 N1 N1 N1 N1 N1 N1 N1 W N1 N1 N1 N1 N1 N1 N2 N2 N2 N2 N2 N2 N2 N2 N2 N2 N2 N2 N2 N2 N2 N2 N2 N2 N2 N2 N2 N2 N2 N2 N3 N2 N2 N1 W N1 N1 N1 N1 N1 N1 N2 N2 N2 N1 N1 N1 N1 N2 N2 N2 N2 N2 N2 N2 N2 N2 N2 N2 N2 N2 N2 N2 N2 N2 N2 N2 N2 N3 N2 N2 N2 N2 N2 N2 N2 N2 N2 N1 REM REM REM REM REM REM REM REM REM REM REM REM REM REM REM REM REM REM REM REM REM REM REM REM REM REM REM REM REM REM REM REM REM REM REM REM REM REM REM REM REM REM REM REM REM REM REM REM REM REM REM REM REM REM REM REM REM REM REM REM REM REM REM REM REM REM REM REM REM REM REM REM REM REM REM REM REM N2 N2 N2 N2 N2 N2 N2 N2 N2 N2 N2 N2 N2 N2 N2 N2 N2 N2 N2 N2 N2 N2 N2 N2 N2 N2 N2 N2 N2 N2 N2 N2 N2 N2 N2 N2 N2 N2 N2 N3 N3 N2 N2 N3 N2 N2 N2 N3 N2 N2 N2 N2 N3 N2 N2 N3 N3 N3 N3 N2 N3 N3 N3 N3 N2 N2 N2 N2 N2 N2 N2 N2 N2 N2 N2 N1 N2 N2 N2 N2 N2 N2 N2 N2 N2 N2 N2 N2 N2 N2 N2 N2 N2 N2 N2 N2 N2 N2 N2 N2 N2 N2 N2 N2 N2 N2 N2 N2 N2 N2 N2 N2 N3 N2 N2 N2 N2 N2 N2 N2 N2 N2 N2 N2 N3 N2 N2 N2 N2 N2 N2 N2 N2 N3 N3 N2 N2 N2 N2 N3 N2 N2 N2 N2 N2 N3 N2 N2 N2 N2 N3 N2 N2 N2 N3 N3 N3 N2 N2 N3 N2 N2 N2 N2 N2 N2 N2 N2 N2 N2 N2 N2 N2 N2 N2 REM REM REM REM REM REM REM REM REM REM REM REM REM REM REM REM REM REM REM REM REM REM REM REM REM REM REM REM REM REM REM REM REM REM N2 N2 N2 N2 N2 N2 N2 N2 N2 N2 N2 N2 N2 N2 N2 N2 N2 N2 N2 N2 N2 N2 N2 N2 N2 N2 N2 N2 N2 N2 N2 N2 N2 N2 N2 N1 N1 N2 N2 N2 N2 N2 N2 N2 N3 N2 N2 N1 N2 N2 N2 N2 N2 N2 N2 N2 N2 N2 N2 N2 N2 N2 N2 N2 N2 N2 N2 N2 N2 N2 N2 N2 N2 N2 N2 N2 N1 W W W W W N1 W W W N1 N1 N2 N2 N2 N2 N2 N2 N2 N2 N1 N2 N1 N2 N2 N2 N2 N2 N2 N2 N2 N2 N2 N2 N2 N1 N1 N2 N2 N2 N2 N2 N2 N2 N2 N2 N2 N2 N2 N2 N2 N2 N2 N1 N2 N2 N2 N2 N2 N2 N2 N2 N2 N2 N2 N2 N2 N2 N2 N2 N2 N2 N2 N2 N2 N2 N2 N2 N2 N2 N2 N1 N2 N2 N2 N1 N1 N2 N2 N2 N2 N2 N2 N2 N2 N2 N2 N2 N2 N2 N2 N2 N2 N2 N2 N2 N2 N2 N2 N2 N2 N2 N2 N2 N2 N2 N2 N2 N2 N3 N2 N2 N2 N2 N2 N1 N1 N2 N1 N2 N2 N2 N1 REM REM REM REM REM REM REM REM REM REM REM REM REM REM REM REM REM REM REM REM REM REM REM REM REM REM REM REM REM N1 N2 N2 N2 N2 N2 N2 N2 N2 N2 N2 N2 N2 N2 N2 N2 N2 N2 N2 N2 N2 N2 N2 N2 N2 N2 N2 N2 N1 N2 N2 N2 N2 N2 N2 N2 N2 N2 N2 N2 N2 N2 N2 N2 N2 N2 N2 N1 N1 N1 N2 N2 N2 N2 N2 N2 N2 N2 N2 N2 N2 N2 N2 N2 N2 N2 N2 N2 N2 N2 N2 N2 N2 N2 N2 W W W N1 N1 N1 N2 N2 N2 N2 N2 N2 N2 N2 N2 N2 N2 N2 N2 N2 N2 N2 N2 N2 N2 N2 N2 N2 N2 N2 N2 N2 N2 N2 N2 N2 N2 N2 N2 N2 N2 N2 N2 N2 N2 N2 N2 N2 N2 N2 N2 N2 N2 N2 W W W W W W W W N1 N1 N1 N1 N1 N2 N2 N1 N1 N1 N2 N2 N2 N2 N2 N2 N2 N1 N1 N2 N1 N2 N2 N2 N2 N2 W N1 N2 N2 N2 N2 N2 N1 N1 N2 N2 N2 N2 N2 W N1 N1 N1 N1 N1 N1 N1 N1 N1 N1 W N1 N1 N1 N1 N2 N2 N2 N2 N1 N2 N1 N2 N2 W N1 N1 N2 N1 W N1 W N1 N1 W W N1 N1 N1 N1 N1 N1 N1 N1 N1 N1 W N1 N1 N1 N1 N1 N1 N2 N2 N2 N1 N1 N1 N1 N1 W N1 W W W N1 N1 N1 W W W W N1 N2 N2 W W N1 N1 W N1 N2 N1 W N1 N1 W W W W W W W W W W W W N1 N1 W W N1 W W N1 N1 N1 W N1 N2 W W W W W W W W W W W W W W W W W W W W W W W W W W W W W W W W W W W W W W W W W W W W W W W W W W W W W W W W W W W W,processed_sleepedf/spectral/SC4632E0-PSG_spectral.pt
processed_sleepedf/tensors/SC4641E0-PSG.pt,W W W W W W W W W W W W W W W W W W W W W W W W W W W W W W W W W W W W W W W W W W W W W W W W W W W W W W W W W W W W N1 N1 N1 N1 N1 N1 N1 N1 N1 N1 N1 N2 N2 N2 N2 N2 N2 N2 N2 N2 N2 N2 N2 N2 N2 N2 W W W W W W W W W W W W W W W W W W W W W W W W W W W W W W W W W W W W W W W W W W W W W W W W W W W W W W W W W W W W W W W W W W W W W N1 N1 W W W W W N1 N1 N1 N1 N1 N1 N1 W W W W N1 N1 N1 N1 N1 N1 N2 N2 N1 N2 N2 N2 N1 N1 N2 N2 N2 N2 N2 N2 N2 N2 N2 N2 N2 N2 N2 N2 N2 N2 N2 N2 N2 N2 N2 N2 N1 N1 N2 N2 N2 N2 N2 N2 N2 N2 N2 N2 N2 N2 N2 N2 N2 N2 N2 N2 N2 N2 N2 N2 N2 N2 N2 N2 N2 N2 N2 N2 N2 N2 N2 N2 N2 N2 N2 N2 N2 N2 N2 N2 N2 N2 N2 N1 N1 N1 N1 N2 N2 N2 N1 N2 N2 N2 N2 REM REM REM REM REM REM REM REM REM REM W W W W W W W W W W W W W W W W W W W W W W W W W W W W W W W W W W W W W W W W W W W W W W W W W W W W W W W W W W W W W W W W W W W W W W N1 N1 W W W W W W W W W W W W W W W W W W W W W W W W W W W W W W W W W W W W W W W W W W W W W W N1 N1 N1 N1 N1 W W W W W W W W W W W W W W W W W W W W W W W W W W W W W W W W W W W W W W W W W W W W W W W W W W W W W W W W W W W W W W W W W W W W W W W W W W W W W W W W W W W W W W W W W W W W W W W W W W W W W W W W W W W W W W W W W W W W W W W W W W W W W W W W W W W W N1 W W W W W W W W W W W W W W W W W W W W W W W W W W W W W W W W W W W W W W N1 N1 N1 N1 N1 N1 N1 N1 N1 N1 N2 N2 N2 N2 N2 N2 N2 N2 N2 N2 N2 N2 N2 N2 N2 N2 N2 N2 N2 N2 N2 N2 N2 N2 N2 N2 N2 N2 N2 N1 N1 N1 N1 N1 N1 N2 N2 N2 N2 N2 N2 N2 N2 N2 N2 N2 N2 N2 N2 N2 N1 N2 N2 N2 N2 N2 N2 N2 N2 N2 N2 N2 N2 N2 N2 N2 N2 N2 N2 N2 N2 N2 N2 N2 N2 N2 N2 N2 N2 N2 N2 N2 N2 N2 N2 N2 N2 N2 N2 N2 N2 N2 N2 N2 N2 N2 N2 N2 N2 N2 N2 N2 N2 N2 N2 W W N1 N1 N1 N1 N1 N1 N1 N1 N1 N1 N1 N1 N1 N1 N2 N2 N2 N2 N2 N2 N2 N2 N2 N2 N2 N2 N2 N2 N2 N2 N2 N2 N2 N2 N2 N2 N2 N2 N2 N2 N2 N2 N2 N2 N2 N2 N2 N2 N2 REM N1 REM REM REM REM REM REM REM REM REM REM REM REM REM REM REM N1 REM REM REM REM REM REM REM REM REM REM REM REM REM REM REM REM REM REM REM REM REM REM REM REM REM REM REM REM REM REM REM REM REM REM REM REM REM REM REM REM REM REM REM REM REM REM REM REM N1 N2 N2 N2 REM REM N2 N2 N2 N2 N2 REM REM N1 N1 N1 N1 N1 N1 N1 N1 N1 N1 N1 N1 N1 N1 W W W W W W W W W W W W W W W W W W W W W W W W W W W W N1 W W W W W N1 W W W W W W W W W N1 N1 N1 N1 N1 N1 N1 N1 N1 N1 N1 N1 N1 N2 N2 N2 N2 N2 N2 N2 N2 N2 N2 N2 N2 N2 N2 N2 N2 N2 N2 N2 N1 N2 N2 N2 N2 N2 N2 N2 N2 N2 N2 N2 N2 N2 N2 N2 N2 N2 N2 N2 N2 N2 N1 N1 N1 N1 N1 N1 N1 N1 N2 N2 N2 N2 N2 N2 N1 N1 N1 N1 N2 N2 N1 N2 N2 N2 N2 N2 N2 N2 N2 N2 N2 N2 N2 N2 N2 N2 N2 N2 N2 N2 N2 N2 N2 N2 N2 N2 N2 N2 N2 N2 N2 N1 N2 N2 N2 N2 N2 N2 N2 N2 N2 N2 N2 N2 N2 N2 N2 N2 N2 N2 N2 N2 N2 N2 W W W W W W N1 W W W W W W W N1 N1 W N1 N1 N1 N1 N1 N1 N1 N1 N1 N1 N1 N1 N1 N1 N1 N1 N1 N1 W W W W W W W W W W W W W W W W W W W W W W W W W W W W W W W W W W W W W W W W W W W W W W W W W W W W W W W W W W W W W W W W W W W W W W W W W N1 N1 N1 N1 W W W W W W W W W W W W W N1 N1 N1 N1 N1 N1 N1 N1 N1 N1 N1 N1 N1 N1 N1 N1 N1 N2 N2 N2 N2 N2 N2 N2 N2 N2 N2 N2 N2 N2 N2 N2 N2 N2 N2 N2 N2 N2 N2 N2 N2 N2 N1 N1 N2 N2 N2 N2 N1 N1 N1 N1 N1 N1 N1 N2 N1 N2 N2 N2 N2 N2 N2 N2 N2 N2 N2 N2 N2 N2 N2 N2 N2 N1 W W W W N1 N1 N1 N1 N2 W W W W W W W W W W W W W W W W W W W W W W W W W W W W W W W W W W W W W W W W W W W W W W W W W W W W W W W W W W W W,processed_sleepedf/spectral/SC4641E0-PSG_spectral.pt
processed_sleepedf/tensors/SC4642E0-PSG.pt,W W W W W W W W W W W W W W W W W W W W W W W W W W W W W W W W W W W W W W W W W W W W W W W W W W W W W W W W W W W W N1 N1 N1 N2 N2 N2 N2 N2 W W W W W W W W W W W W W W W W W W W W W W W W W W W W W W W W W W W W W W W W W W W W W W W W W W W W W W W W W W W W W W W W W W W W W W W W W W W W W W W W W W W W W W W W W W W W W W W W W W W W W W W W W W W W W W W W W W W W W W W W W W W W W W W W W W W W W W W W W W W W W W W W W W W W W W W W W W W W W W W W W W W W W W W W W W W W W W W W W W W W W W W W W W W W W W W W W W W W W W W W W W W W W W W W W W W W W W W W W W W W W W W W W W W W W W W W W W W W W W W W W W W W W W W W W W W W W W W W W W W W W W W W W W W W W W W W W W W W W W W W W W W W W W W W W W W W W W W W W W W W W W W W W W W W W W W W W W W W W W W W W W W W W W W W W W W W W W W W W W W W W W W W W W W W W W W W W W W W W W W W W W W W W W W W W W W W W W W W W W W W W W W W W W W W W W W W W W W W W W W W W W W W W W W W W W W W W W W W W W W W W W W W W W W W W W W W W W W W W W W W W W W W W W W W W W W W W W W W W W W W W W W W W W W W W W W W W W W W W W W W W W W W W W W W W W W W W W W W W W W W W W W W W W W W W W W W W W W W W W W W W W W W W W W W W W W W W W W W W W W W W W W W W W W W W W W W W W W W W W W W W W W W W W W W W W W W W W W W W W W W W W W W W W W W W W W W W W W W W W W W W W W W W W W W W W W W W W W W W W W W W W W W W W W W W W W W W W W W W W W W W W W W W W W W W W W W W W W W W W W W W W W W W W W W W W W W W W W W W W W W W W W W W W W W W W W W W W W W W W W W W W W W W W W W W W W W W W W W W W W W W W W W W W W W W W W W W W W W W W W W W W W W W W W W W W W W W W W W W W W W W W W W W W W W W W W W W W W W W W W W W W W W W W W W W W N1 N1 N1 N1 N2 N1 W N1 N2 N1 N1 N2 N1 N2 N2 N2 N2 N1 N2 N2 N2 N2 N2 N2 N2 N2 N2 W N1 W W W W W W W W N1 N1 N1 N1 N2 N2 N2 N2 N2 N2 N2 N2 N2 N2 N2 N2 N2 N2 N2 N2 N2 N2 N2 N2 N2 N2 N2 N1 N2 N2 N2 N2 N1 N2 N2 N2 N2 N2 N2 N2 N2 N2 N2 N2 N2 N2 N1 N2 N2 N2 N2 N2 N2 N2 N2 N2 N2 N2 N2 N2 N2 N2 N2 N2 N2 N2 N2 N2 N2 N2 N2 N2 N2 N2 N2 N2 N2 N2 N2 N2 N2 N2 N2 N2 N2 N2 N2 N2 N2 N2 N2 N2 N2 N2 N2 N1 W N1 N2 N2 N2 REM REM REM REM REM REM REM REM REM REM REM REM REM REM REM REM REM REM REM REM REM REM REM REM REM REM REM REM REM REM REM REM REM REM REM REM REM REM REM REM REM REM REM REM REM REM REM REM REM REM REM REM REM REM REM REM REM REM REM REM REM REM REM REM REM REM REM REM REM REM REM REM REM REM REM REM REM REM N1 W W W W W W W W W W W W W W W W W W W N1 W W W W W W W W W W N1 W W W W W W W N1 N1 N1 N1 N1 N1 N1 N1 N1 N1 N1 N1 N1 N1 N1 N1 N1 N1 N1 N1 N1 N1 N1 N1 N1 N2 N2 N2 N2 N2 N2 N2 N2 N2 N2 N2 N2 N2 N2 N2 N2 N2 N2 N2 N2 N2 N2 N2 N2 N2 N2 N2 N2 N2 N2 N2 N2 N2 N2 N2 N2 N2 N2 N2 N2 N2 N2 N2 N2 N2 N2 N2 N2 N2 N2 N2 N2 N2 N2 N2 N2 N2 N2 N2 N2 N2 N2 N2 N2 N2 N2 N2 N2 N2 N2 N2 N2 N2 N2 N2 N2 N2 N2 N2 N2 N2 N2 N2 N2 N2 N2 N2 N2 N2 N2 N2 N2 N2 N2 N2 N1 N1 N1 N1 N1 N1 N1 N1 N1 N1 N1 N2 N1 N2 N2 N2 N2 N2 N2 N2 N2 N2 N2 N2 N2 N2 N2 N2 N2 N2 N2 N2 N2 N2 N2 N2 N2 N2 N2 N2 N2 N2 N2 N2 N2 N2 N2 N1 N1 N1 N1 N1 N1 N2 N2 N2 N2 N2 N2 N2 N2 N2 N2 N2 N2 N2 N2 N2 N1 N1 N1 N1 N1 N1 N1 N1 N1 N1 N1 N1 N1 N1 N1 N1 N1 N1 N1 N1 N1 N1 N1 N1 N1 N1 N1 N1 N1 N1 N1 N1 N1 N1 N1 N1 N1 N1 N1 N1 N1 N2 N2 N2 N2 N2 N2 N2 N2 N2 N2 N2 N2 N2 N2 N2 N2 N2 N2 N2 N2 N2 N2 N2 N2 N2 W W W W W W W N1 N1 N1 N1 N1 N1 N2 N2 N2 N1 N1 N2 N2 N2 N2 N2 N2 N2 N2 N2 N2 N2 N2 N2 N2 N2 N2 N2 N2 N2 N2 N2 N2 N2 N2 N2 N2 N2 N2 N2 N2 N2 N2 N2 N2 N2 N2 N2 N2 N2 N2 N2 N2 N2 N2 N2 N2 N2 N2 N2 N2 N2 N1 N1 N1 N1 N1 N1 N1 N2 N2 N2 N2 N2 N2 N2 N2 N2 N2 N2 N2 N2 N2 N2 N2 N2 N2 N2 N2 N2 N2 N2 N2 N2 N2 N2 N2 N2 N2 N2 N2 N2 N2 N2 N2 N2 N2 N2 N2 N2 N2 N2 N2 N2 N2 N2 N2 N2 N2 N2 N2 N2 N2 N2 N2 N2 N2 N2 N2 N2 N2 N2 N2 N2 N2 N2 N2 N2 N2 N2 N2 N2 N2 N2 N2 N2 N2 N2 N2 N2 N2 N2 N2 N2 N2 N2 N2 N2 N2 N2 N2 N2 N2 N2 N1 N1 N1 N1 REM REM REM REM REM REM REM REM REM REM REM REM REM REM REM REM REM REM REM REM REM REM REM REM REM REM REM REM REM REM REM N1 N1 N1 N1 N1 N1 N1 N1 N1 W W W W N1 N1 N1 N1 N1 N1 N1 N1 N1 N1 N1 W W W W W W W W W W W W W W W W W W W W W W W W W W W W W W W W W W N1 N1 N1 N1 N1 N1 N1 N1 N1 N1 N1 N1 W N1 N2 N2 N2 N2 N2 N1 N1 N1 N1 N1 N1 N1 N1 N1 N1 N1 N1 N1 N1 N1 N2 N2 N2 N2 N2 N2 N2 N1 N1 N1 N1 N2 N2 N2 N2 N2 N2 N2 N2 N2 N2 N2 N2 N2 N2 N2 N2 N2 N2 N2 N2 N2 N2 N2 N2 N2 N2 N2 N1 N1 N1 N1 N1 N1 N1 N1 N1 N1 N1 N1 N1 N1 N1 N1 N2 N2 N2 N2 N2 N2 N2 N2 N2 N2 N2 N2 N2 N2 N2 N2 N2 N2 N2 N2 N2 N2 N2 N2 N2 N2 N2 N2 N2 N2 N2 N1 N2 N2 N2 N2 N2 N2 N2 REM REM REM REM REM REM REM REM REM REM REM REM REM REM REM REM REM REM W W N1 N1 N1 N1 N1 N1 N1 N1 N1 N1 N1 N1 N1 N1 N1 N1 N1 W W W W W W W W W W W W W W W W W W W W W W W W W W W W W W W W W W W W W W W W W W W W W W W W W W W W W W W W W W W N1 N1 N1 N1 N1 N1 N1 N1 N1 N1 N1 W W W W W W W W W W W W W W W W W W W W W W W W W W W W W W W W W W W W W W W W W W W W W W W W W W W W W W W W W W W W W W W W W W W W W W W W W W W W W W W W W W W W W W W W W W W W W W W W W N1 N1 N1 N1 N1 N1 N1 N1 N2 N1 N2 N1 N2 N2 N2 N1 N1 N1 N2 N2 N2 N2 N2 N1 N1 N1 N1 W W W W W W W W W W W W W W W W W W W W W W W W W W W W W W W W W W W W W W W W W W W W W W W W W W W W W W W W W W W W,processed_sleepedf/spectral/SC4642E0-PSG_spectral.pt
processed_sleepedf/tensors/SC4651E0-PSG.pt,W W W W W W W W W W W W W W W W W W W W W W W W W W W W W W W W W W W W W W W W W W W W W W W W W W W W W W W W N2 N2 W W N2 W W N2 W N2 N2 N2 W W W W W W W W W W W W W W W W W W W W W W W W W W W W W W W W W W W W W W W W W W W W W W W W W W W W W W W W W W W W W W W W W W W W W W W W W W W W W W W W W W W W W W W W W W W W W W W N1 N2 N2 N2 N2 N2 N2 N2 W W W W W W W W W W W W W W W W W W W W W W W W W W W W W W W W W W W W W W W W W W W W W W W W W W W W W W W W W W W W W W W W W W W W W W W W W W W W W W W W W W W W W W W W W W W W W W W W W W W W W W W W N2 N2 N2 N2 N2 N2 N2 N2 N2 N2 N3 N3 N2 N2 N2 N2 N2 N2 W W W W N1 W W W W W W W W W W W W W W W W W W W W W W W W W W W W W W W W W W W W W W W W W W W W W W W W W W W W W W W W W W W W W W W W W W W W W W W W W W W W W W W W W W W W W W W W W W W W W W W W W W W W W W W W W W W W W W W W W W W W W W W W W W W W W W W W W W W W W W W W W W W W W W W W W W W W W W W W W W W W W W W W W W W W W W W W W W W W W W W N1 N2 N2 W W N1 N2 N3 N3 N2 N3 N2 N3 N3 N2 N2 N3 N3 N2 N2 W W W W W W W W W W W W W W W W W W W W W W W W W W W W W W W W W W W W W W W W W W W W W W W W W W W W W W W W W W W W W W W W W W W W W W W W W W W W W W W W W W W W W W W W W W W W W W W W W W W W W W W W W W W W W W W W W W W W W W W W W W W W W W W W W W W W W W W W W W W W W W W W W W W W W W W W N2 N2 N2 W W W W W W W W W W W W W W W W W W N2 N2 N2 N2 N3 N2 N2 N3 N2 N2 N2 N2 N3 N2 N3 N3 N3 N3 N3 N2 N2 N3 W N2 N2 N2 N2 N2 N1 N2 N2 N2 N2 W W N2 W W W W W W W W W W W W W W W W W W W W W W W W N2 N2 N3 N3 N2 N3 N2 W N2 N2 N2 N2 W W N2 N2 N3 N2 N2 N2 N2 N2 N2 N2 N2 N2 N2 N3 N2 N2 N3 N2 N2 N2 W W W W W N2 N2 N2 N2 N2 W N2 N1 N2 N2 N2 N1 N2 N2 W W W W W W W W W W W W W W W W W W W W W W W W W W W W W W W W W W W W W W W W W W W W W W W W W W W W W W W W W W W W W W W W W W W W W W W W W W W W W W W W W W W W W W W W W W W W W W W W W W W W W W W W W W W W W W W W W W W W W W W W W W W W W W W W W W W W W W W W W W W W W W W W W W W W W W W W W W W W W W W W W W W N1 N1 N1 N1 N1 N1 N1 N1 N1 W N1 N1 N1 N1 N1 N1 N2 N1 N2 N1 N1 N1 N1 N1 N1 N1 N1 N2 N2 N2 N2 N3 N2 N2 N2 N2 N2 N2 N2 N2 N2 N2 N2 N2 N2 N2 N2 N2 N2 N2 N2 N2 N2 N2 N2 N2 N2 N2 N2 N2 N2 N2 N2 N2 N2 N2 N2 N3 N2 N3 N2 N3 N3 N3 N3 N3 N3 N3 N3 N3 N3 N3 N3 N3 N3 N3 N3 N3 N3 N3 N3 N3 N3 N3 N3 N3 N3 N3 N3 N3 N3 N3 N3 N3 N3 N3 N2 N2 N2 N2 N2 N2 N2 N2 N2 N2 REM REM REM REM REM REM REM REM REM REM REM REM REM REM REM REM REM REM REM REM REM REM REM REM REM REM REM REM REM REM REM REM REM REM REM REM REM REM REM REM REM REM REM REM REM REM REM REM REM REM N1 N1 N1 REM N1 N1 N1 N1 N1 N1 N2 N1 N1 N1 N2 N2 N2 N2 N2 N2 N2 N2 N2 N2 N2 N2 N2 N2 N2 N2 N2 N2 N2 N2 N2 N3 N2 N3 N3 N3 N3 N3 N3 N3 N3 N3 N3 N3 N3 N3 N3 N3 N3 N3 N3 N3 N3 N3 N3 N3 N3 N3 N3 N2 N2 W W W W W W W W N1 N1 N1 N1 N2 N2 N2 N2 N2 N2 N2 N2 N2 N2 N2 N2 N2 N2 N2 N2 N2 N2 N2 N2 N2 N2 N2 N2 N2 N2 N2 N2 N2 N2 N2 N2 N2 N2 N2 N2 N2 N2 N2 N2 N2 N2 N2 N2 N2 N2 N2 N2 N2 N2 N2 N2 N2 N2 N2 N2 N2 N3 N2 N3 N3 N3 N2 N2 N3 N3 N2 N3 N2 N3 N2 N2 N3 N2 N2 N2 N2 N2 N2 N2 N2 N2 N2 N2 N2 N2 N2 N2 N2 N3 N2 N2 N2 N2 N3 N3 N3 N3 N2 N2 N2 N2 N2 N3 N3 N2 N2 N2 N2 N2 N2 N2 N2 N2 N2 N3 N2 N2 N2 N3 N2 N3 N2 N2 N2 N2 N2 N2 N2 N2 N2 N2 N2 N2 N2 N2 N2 N2 N2 N1 N2 N2 N2 W W W W W W W N1 N1 N2 N2 N2 N2 N2 N2 N2 N2 N2 N2 N2 N2 N2 N2 N2 N2 N2 N2 N2 N2 N2 N2 N3 N2 N2 REM REM REM REM REM REM REM REM REM REM REM REM REM REM REM REM REM REM REM N2 N2 N2 N1 N2 N2 N2 N2 REM REM REM REM REM REM REM REM REM REM REM REM REM REM REM REM REM REM REM N1 N2 N2 N2 N2 N2 N2 N2 N2 N2 N2 N2 N2 N2 N2 N2 N2 N2 N2 N2 N2 N2 N2 N2 N2 N2 N2 N2 N2 N2 N2 N2 N2 N2 N2 N3 N3 N3 N2 N3 N3 N3 N3 N3 N3 N3 N2 N3 N2 N3 N3 N3 N3 N2 N3 N3 N2 N2 N3 N3 N3 N2 N3 N3 N2 N3 N3 N3 N3 N2 N2 N2 N2 W W N2 N2 N2 N2 N2 N2 N2 W W W W W W W N1 N2 N2 N2 N2 N2 N2 N2 N2 N2 N2 N2 N2 N2 N2 N2 N2 N2 N2 N2 N2 N2 N2 N2 N2 N2 N2 N2 N2 N2 N2 N2 N2 N2 N2 N2 N2 N2 N2 N2 N2 N2 N2 N2 N2 N2 N2 N2 N2 N2 N2 N2 N2 N2 N2 N2 N2 N2 N2 N2 N2 N2 N2 N2 N2 N2 N2 N2 N2 N2 N2 N2 N2 N2 N2 N2 N2 N2 N2 N2 N2 N2 N2 N2 N2 N2 N2 N2 N2 N2 N2 N2 N2 N2 N2 N2 N2 N2 N2 N2 N2 N2 N2 N2 N2 N2 N2 N2 N2 N2 N2 N2 N2 N2 N2 N2 N2 N2 N2 N2 N2 N2 N2 N2 N2 N2 N2 N2 N2 N2 N2 N2 N2 N2 N2 N2 REM REM REM REM REM REM REM REM REM REM REM REM REM REM REM REM REM REM REM REM REM REM REM REM REM REM REM REM REM REM REM N2 N2 N2 REM REM N2 N2 N2 N2 REM REM N2 N2 REM REM REM N2 N2 REM REM N2 N2 N2 N2 N2 N2 N2 REM N2 REM REM REM REM REM REM REM REM REM REM REM N2 N2 N2 N2 N2 N2 N2 N2 N2 N2 N2 N2 N2 N2 N2 N2 N2 N2 N2 N2 N2 N2 N2 N2 N2 N2 N2 N2 N2 N2 N2 N2 N2 N2 N2 N2 N2 N2 N2 N2 N2 N2 N2 N2 N2 N2 N2 N2 N2 N2 N2 N2 N2 N2 W W W W W W W N1 W W W W W N1 N1 N1 N1 N1 N1 N1 N1 N2 N2 N2 N2 N2 N2 N2 N2 N2 N2 N2 N2 N2 N2 N2 N2 N2 N2 N2 N2 N2 N2 N2 N2 N2 N2 N2 N2 N2 N2 N2 N2 N2 N2 N2 N2 N2 N2 N2 N2 N2 N2 N2 N2 N2 N2 N3 N2 N2 N2 N2 N3 N3 N2 N3 N2 N2 N2 N2 N3 N2 N2 N2 N2 N1 N1 N2 N2 N2 N2 N2 N2 N2 N2 N2 N1 N2 N2 N2 N2 N2 N2 N2 N2 N2 N2 N2 N2 N2 N2 N2 REM REM REM REM REM REM REM REM REM REM REM REM REM REM REM REM REM REM N1 N1 N2 N2 N2 N2 N2 N2 N2 N2 N2 N2 N2 N2 N2 N2 N2 N2 N2 N2 N2 N2 N2 N2 N2 N2 N2 N2 N2 N2 N2 N2 N2 N2 N2 N2 N2 N2 N2 N2 N2 N2 N2 N2 N2 N2 N2 N2 N2 N2 N2 N2 N2 N2 N2 N2 N2 N2 N2 N2 N2 W W N1 N1 N2 N2 N2 N2 N1 N2 N2 N2 N2 N2 N1 N1 W N1 N1 N2 N2 N2 N2 N2 N2 N2 N2 N2 N2 N2 N2 N2 N1 N2 N2 N2 N2 N2 N2 N2 N2 N2 N2 N1 N2 N2 N2 N2 N1 N2 N2 N2 N2 N2 N2 N2 N2 N2 N2 N2 N2 N2 N2 N2 N2 N2 N2 N2 N2 N2 N2 N2 N2 N2 N2 N2 N1 N2 N1 N2 N1 W N1 N1 N2 N1 N1 N1 N1 N1 N2 N2 W W W W W W N1 N1 N1 N1 N2 W W W W W W W W W W W W W W W W W W W W W W W W W W W W W W W W W W W W W W W W W W W W W W W W W W W W W W W W W W W W W W W W W W W W W W W W W W W W W W W W W W W W W W W W W W W W W W W W W W W W W W W W W W W W W W W W W W W W W W W W W W W W W W W W W W W W W W W W W W W W W W W W W W W W W W W W W W W W W W W W W W W W W W W W W W W W W W W W W W W W W W W W W W W W W W W W W W W W W W W W W W W W W W W W W W W W W W W W W W W W W W W W W W W W W W W W W W W W W W W W W W W W W W W W W W W W W W W W W W W W W W W W W W W W W W W W W W W W W W W W W W W W W W W W W W W W W W W W W W W W W W W W W W W W W W W W W W W W W W W W W W W W W W W W W W W W W W W W W W W W W W W W W W W W W W W W W W W W W W W W W W W W W W W W W W W W W W W W W W W W W W W W W W W W W W W W W W W W W W W W W W W W W W W W W W W W W W W W W W W W W W W W W W W W W W W W W W W W W W W W W W W W W W W W W W W W W W W W W W W W W W W W W W W W W W W W W W W W W W W W W W W W W W W W W W W W W W W W W W W W W W W W W W W N1 N1 N1 N1 N1 N2 N2 N1 N1 N1 N1 N2 N2 N2 N2 N2 N2 N2 N2 N2 N2 N2 N2 N2 N2 W W W W W W W W W W W W W W W W W W W W W W W W W W W W W W W W W W W W W W W W W W W W W W W W W W W W W W W W W W W W,processed_sleepedf/spectral/SC4651E0-PSG_spectral.pt
processed_sleepedf/tensors/SC4652E0-PSG.pt,W W W W W W W W W W W W W W W W W W W W W W W W W W W W W W W W W W W W W W W W W W W W W W W W W W W W W W W W W W W W N1 N1 N1 N2 N1 N1 N1 N1 N2 N2 N1 N1 N2 N2 N1 N1 N2 N2 W W W W W W W W W W W W W W W W W W W W W W W W W W W W W W W W W W W W W W W W W W W W W W W W W W W W W W W W W W W W W W W W W W W W W W W W W W W W W W W W W W W W W W W W W W W W W W W W W W W W W W W W W W W W W W W W W W W W W W W W W W W W W W W W W W W W W W W W W W W W W W W W W W W W W W W N1 W N1 N1 N1 N1 N1 N1 W W W W W W W W W W W W W W W W W W W W W W W W W W W W W W W W W W W W W W W W W W W W W W W W W W W W W W W W W W W W W W W W W W W W W W W W W W W W W W W W W W W W W W W W W W W W W W W W W W W W W W W W W W W W W W W N1 N1 N1 N1 N1 N2 N2 N1 N1 N1 N2 N1 N1 N1 N2 N2 N1 N1 N1 N2 N2 N2 W W N1 N1 N1 N1 W W W W W W W W W W W W W W W W W W W W W W W W W W W W W W W W W W W W W W W W W W W W W W W W W W W W W W W W W W W W W W W W W W W W W W W W W W W W W W W W W W W W W W W W W W W W W W W W W W W W W W W W W W W W W W W W W W W W W W W W W W W W W W W W W W W W W W W W W W W W W W W W W W W W W W W W W W W W W W W W W W W W W W W W W W W W W W W W W W W W W W W W W W W W W W W W W W W W W W W W W W W W W W W W W W W W W W W W W W W W W W W W W W W W W W W W W W W W W W W W W W W W W W W W W W W W N1 N1 N1 N1 N1 N1 N1 N1 N1 W W W W W W W W W W W W W W W W W W W W W W W W W W W W W W W W W W W W N1 N1 N1 N2 N2 N1 N1 N2 N2 N1 N1 N2 N2 N1 N2 N2 N2 N2 N1 N2 N2 N1 N2 N2 N2 N1 N2 N1 N1 N2 N2 N1 W N1 W W W W W W W W W W W W W W W W W W W W W W W W W W W W W W W W W W W W W W W W W W W W W W W W W W W W W W W W W W W W W W W W W W W N1 W W W W W W W W W W N1 N1 N1 N1 N1 N1 N1 N1 N1 N1 W W W W W W W W N1 N1 N1 N1 N1 W N1 N1 W W N1 W W N1 W W W N1 N1 N1 N1 N1 W W W W W W W N1 N2 N1 N2 N2 N2 N2 N2 N2 N2 N3 N2 N2 N3 N2 N2 N2 N2 N2 N2 N3 N2 N3 N2 N1 N2 N2 N3 N2 N2 N2 N1 N2 N2 N3 N3 N3 N3 N3 N3 N3 N3 N3 N3 N3 N3 N3 N3 N3 N3 N3 N3 N3 N3 N3 N3 N3 N3 N3 N1 N3 N2 N2 N2 N2 N2 N2 N2 N2 N2 W N1 N2 N2 N2 N1 N1 N2 N2 N2 N2 N2 N2 N2 N2 N2 REM N2 REM REM REM REM REM REM REM REM REM REM REM REM REM REM REM REM REM REM REM REM REM REM REM REM REM REM REM N1 REM REM REM REM REM REM REM REM REM REM REM REM REM REM REM REM REM REM REM REM REM REM REM REM REM REM REM REM REM REM REM REM REM REM REM REM REM REM REM REM REM REM REM REM REM REM REM REM REM REM REM N2 N2 N2 N2 N2 N2 REM REM REM REM N1 REM REM N1 REM N1 REM N2 N2 N2 N2 N2 N2 N2 N2 N2 N1 N2 N2 N2 N2 N2 N2 N2 N2 N2 N3 N2 N3 N3 N2 N3 N2 N2 N2 N2 N3 N2 N3 N3 N2 N3 N3 N3 N3 N3 N3 N3 N3 N3 N3 N3 N3 N3 N2 N2 N3 N3 N3 N3 N3 N2 N3 N1 W W W W W W W W W W W W W N1 N1 N2 N2 N2 N2 N2 N2 N2 N2 N2 N2 N2 N2 N3 N2 N3 N2 N2 N2 N2 N2 N3 N2 N2 N3 N2 N2 N2 N2 N2 N3 N2 N2 N3 N2 N2 N3 N2 N2 N3 N3 N3 N3 N3 N3 N3 N3 N3 N3 N3 N3 N3 N3 N3 N3 N3 N3 N3 N3 N3 N3 N3 N3 N3 N3 N3 N3 N3 N3 N3 N3 N3 N3 N3 N3 N3 N3 N3 N3 N2 N2 N2 N3 N2 N2 N2 N3 N2 N2 N2 N2 N3 N3 N3 N3 N2 N2 N3 N3 N2 N2 N3 N2 N3 N2 N3 N3 N3 N2 N3 N3 N3 N3 N3 N3 N3 N3 N3 N3 N2 N1 N3 N2 N2 N2 N2 W W W W W W W W W N1 N1 N2 N2 N2 N2 N3 N2 N2 N2 N2 N2 N2 N2 N2 N2 N2 N2 N2 N2 N2 N3 N2 N2 N2 N2 N2 N3 N3 N3 N1 N2 N2 N2 N2 N2 N2 N2 N2 N2 REM REM REM N2 REM REM REM REM REM REM REM REM REM REM REM REM REM REM REM REM REM REM REM REM REM REM REM REM REM REM REM REM REM REM REM REM N1 REM N1 N1 N1 REM N1 REM REM REM N2 REM N2 N2 REM REM N2 N2 N2 REM REM REM REM REM REM REM REM REM REM REM REM REM REM REM N2 REM N1 REM REM N1 N1 N1 N2 N2 N2 N2 N2 N2 N2 N2 N2 N2 N2 N2 N2 N2 N2 N2 N2 N2 N2 N2 N2 N3 N2 N3 N2 N3 N2 N3 N3 N3 N3 N3 N2 N2 N2 N3 N3 N3 N3 N3 N3 N3 N2 W W W W W W N1 N2 W W W W W W W N1 N1 N1 N2 N2 N2 N2 N2 N2 N2 N3 N2 N2 N2 N2 N2 N2 N2 N2 N2 N2 N2 N1 N2 N2 N2 N2 N3 N2 N2 N2 N2 N2 N2 N2 N2 N2 N2 N2 N2 N2 N2 N2 N2 N3 N3 N2 N3 N3 N3 N3 N2 N3 N2 N2 N3 N3 N3 N3 N3 N2 N1 W N1 N2 N2 N2 N2 N2 N2 N2 N2 N2 N2 N2 N2 N3 N2 N3 W W N1 N2 N2 N2 N2 N3 N2 N2 N2 N2 N2 N1 N1 N1 W W W W W W W W W W W W W W W N1 W W W W N1 W N1 N2 N1 N2 N2 N2 N2 N2 N2 N2 N2 N2 N2 N2 N2 N2 N2 W N1 W N1 N2 N1 N1 N2 N2 N2 N2 N2 N2 N2 N2 N2 N2 N2 N1 N2 N2 N2 N2 N2 N2 N1 N1 N1 N2 N2 N2 N2 N2 N3 N2 N2 REM REM REM REM REM REM REM REM REM REM REM REM REM REM REM REM REM REM REM REM REM REM REM REM REM REM REM REM REM REM REM REM N1 N1 N1 N1 N1 N1 REM REM REM REM REM REM REM REM REM REM REM REM REM REM REM REM REM REM REM REM N1 REM N1 N2 N2 REM REM N2 N2 N2 N2 N2 N2 N1 N2 N2 W N1 N1 N1 N2 N2 N2 N2 N2 N2 N2 N2 N2 N2 N2 N2 N2 N2 N3 N2 N2 N2 N3 N2 N2 N2 N2 N3 N3 N3 N3 N3 N3 N3 N2 N3 N3 N2 N3 N3 N3 N3 N3 N3 N2 N1 N2 N2 W N1 N1 N1 N2 N2 N2 N2 N2 N1 N2 N1 N1 N2 N2 N2 W W W W W W W W W N1 N1 N1 N1 N2 N2 W N1 N1 N2 N1 N1 N1 N1 N2 N2 N2 N2 N2 N2 N2 N2 N2 N2 N2 N2 N2 N2 N2 N2 N2 N2 N2 N2 N2 N2 N3 N2 N2 W N1 N2 N1 N2 N2 N2 N1 N2 N2 N2 N2 N2 N2 N2 N2 N1 N2 N1 N1 N1 N2 N2 N2 N2 N2 N2 N2 N2 N2 N2 N2 N2 N2 N2 N3 N2 N3 N2 N2 N2 REM N1 W N1 REM REM REM REM N1 REM REM REM N1 N1 N1 N1 N2 N2 W N1 N1 N2 N2 N2 N2 W N1 N2 N2 N2 N2 N2 W N1 W N1 N2 N1 W N1 N2 W N1 N2 W N1 N1 W W W W N1 W N1 N1 N1 N1 N2 W N1 N1 W N1 N2 N1 N1 N2 N2 W N1 N1 N1 W N1 W W W W W W W W W W W W W W W W W W W W W W W W W W W W W W W W W W W W W W W W W W W W W W W W W W W W W W W W W W W W,processed_sleepedf/spectral/SC4652E0-PSG_spectral.pt
processed_sleepedf/tensors/SC4661E0-PSG.pt,W W W W W W W W W W W W W W W W W W W W W W W W W W W W W W W W W W W W W W W W W W W W W W W W W W W W W W W W W W W W N1 N1 N1 W N1 N1 W N1 N1 N1 N1 N1 W N1 N1 N1 N1 W N1 N1 N1 W N1 N1 W W W W W W N1 N1 N1 N1 N1 N1 N1 N1 N1 N1 N1 N1 N2 N2 N2 N2 N2 N2 N2 N2 N2 N2 N2 N2 N1 N2 N2 N2 N2 N2 N2 N2 N3 N2 N2 N3 N2 N2 N3 N3 N3 N3 N2 N3 N2 N3 N3 N3 N3 N3 N3 N3 N3 N3 N2 N1 N1 N1 N1 N1 N1 N1 N1 N1 N1 N1 N1 N1 N1 N2 N2 N1 N1 N1 N1 N1 N1 N1 N2 N2 N2 N2 N2 N2 N2 N2 N2 N2 N2 N2 N2 N2 N2 N2 N2 N2 N2 N2 N2 N2 N2 N2 N2 N2 N3 N2 N2 N2 N3 N2 N3 N3 N3 N2 N2 N2 N2 N2 N2 N2 N3 N2 N3 N2 N2 N2 N2 N1 N1 N1 N1 N1 N1 N1 N1 N1 N1 N1 N1 N1 N1 N1 N1 N1 N1 N1 N1 N1 N1 N1 REM REM REM REM REM N1 N1 W N1 N1 N1 N1 N1 N1 N2 N1 N1 N2 N2 W N1 N1 N2 N2 N2 N2 N2 N2 N2 N2 N2 N2 N1 N2 N2 N2 N2 N2 N2 N2 N2 N2 N2 N2 N2 N2 N2 N2 N2 N2 N2 N2 N2 N2 N2 N2 N3 N2 N2 N3 N2 N1 W W W W W W W W W W W W W W W W W W W W W W W W W W W W W W W W W W W W W W W W W N1 W W W W W W W N1 N1 W W N1 N1 W N1 N1 W N1 W N1 N1 W N1 N1 N1 N1 N1 W N1 W N1 N1 N1 N1 W N1 W N1 N1 N1 W W W W W W W W W N1 N1 W N1 N1 N1 N1 N1 N1 N1 N1 N1 N1 N1 N1 N1 N1 N1 N1 N1 N2 N2 N1 N1 N1 N1 N1 N1 N1 N1 N2 N2 N2 N2 N2 N2 N2 N2 N2 N2 N2 N2 N2 N2 N2 N2 N2 N1 N1 N1 N1 N1 N2 N2 N2 N2 N2 N2 N2 N2 N2 N2 N1 N1 N1 N1 N1 N1 N1 N2 N2 N2 N2 N1 N1 N1 N1 N1 N1 N1 N1 N1 N1 N1 N1 N1 N1 N1 N1 N1 N1 W W W W W W W N1 N1 N1 N1 N1 N1 N1 N1 N1 W W N1 N1 W W W W W W W W W W W W W W W W W W W W W W W W W W W W W W W W W W W W W W W W W W W W W W W W W W W W W W W W W W W W W W W W W W W W W W W W N1 N1 W W W W W W W W W N1 W W W W W W W W W W W W W W W W W W W W N1 W N1 N1 N1 N1 N1 N1 N1 W W W W W N1 W W W W W W W W N1 N1 N1 N1 N1 N1 W W W N1 W W W N1 W W N1 W W W W W N1 W N1 W N1 N1 N1 N1 N1 N1 N1 N1 W W W W W W W N1 W N1 W N1 N1 N1 N1 N1 N1 N1 N1 N1 N1 N1 N1 N1 N1 N1 N1 N1 N1 N2 N2 N2 N2 N2 N2 N2 N2 N2 N2 N2 N2 N2 N2 N1 N1 N1 N1 N1 N2 N2 N2 REM REM REM REM REM REM N1 REM REM REM REM REM REM REM REM REM REM REM REM REM REM REM REM REM N1 N1 N1 N1 N1 N1 N1 N1 N1 N1 N1 N1 N1 N1 N1 N1 N1 N1 N1 N1 N1 N1 N1 REM REM REM N1 N1 N1 N1 N1 N1 N2 N2 N2 REM REM REM REM REM REM REM REM REM REM REM REM REM REM REM REM REM REM REM REM N2 N2 N2 N2 N2 N2 N2 N2 N2 N2 N2 N2 N2 N2 N2 N2 N2 N2 N2 N2 N2 N2 N2 N3 N2 N1 N1 W W N1 N1 N1 N2 N2 N2 N2 N2 N2 N2 N2 N2 N2 N2 N2 N2 N2 N2 N2 N2 N2 N2 N2 N2 N2 N2 N3 N1 N1 N2 N2 N2 N2 N2 N2 N2 N2 N2 N3 N2 N3 N2 N3 N3 N3 N3 N3 N3 N2 N2 N3 N2 N2 N2 N2 N2 N2 N2 N3 N2 N2 N3 N2 N3 N2 N2 N2 N2 N2 N2 N1 N1 N1 N1 N1 N1 N2 N2 N2 N2 N2 N2 N2 N2 N2 N2 N2 N2 W N1 N2 N2 N2 N2 N2 N2 N2 N2 REM REM REM REM REM REM REM REM REM REM REM REM REM REM REM REM REM REM REM REM REM REM REM REM REM REM REM REM REM REM REM REM REM REM REM REM REM REM REM REM REM REM REM REM REM REM REM REM REM REM REM REM REM REM REM REM REM REM REM N2 N2 N2 N2 N2 N2 N2 N2 N2 N2 N2 N2 N2 N2 N2 N2 N2 N2 N2 N2 N2 N2 N2 N2 N1 N1 N1 N1 N1 N2 N2 N2 N2 N1 N2 N2 N2 N2 N2 N2 N2 N2 N2 N2 N2 N2 N2 N2 N2 N2 N2 N2 N2 N2 N2 N2 N2 N2 N1 N1 N1 N1 N1 N1 N1 N1 N1 N1 N1 N1 N1 N1 N1 N1 N1 N2 N2 N2 N2 N2 N2 N2 N2 N2 N1 N1 N2 N2 N2 N2 N2 N2 N2 N2 N2 N2 N2 N2 N2 N2 N2 N2 N2 N2 N2 N2 N2 N2 N2 N2 N2 N2 N2 N2 N2 N2 N2 N2 N2 N2 N2 N2 N2 N2 N2 N2 N2 N2 N2 W W W W W W W W W W W W W W W W W W W W W W W W W W W W N1 N1 N1 N1 W W W W W W W W W W W W W W W W W W W W W W W N1 N1 N1 N1 N1 N1 N1 N1 N1 N1 N1 N1 N1 N1 W W W N1 W N1 N1 W W N1 N1 N1 N1 N1 W N1 N1 N1 N1 N1 N1 N1 N1 N1 N1 N1 N1 N1 W N1 N1 N1 N1 W W W W W W W W W W W W W W W W W W W W W W W W W W W W W W W W W W W W W W W W W W W W W W W W W W W W W W W W W W W W W W W W W W W W W W W W W W W W W W W W W W W W W W W W W W W W W W W W W W W W W W W W W W W W W W W W W W W W W W W W W W W W W W W W W W W W W W W W W W W W W W W W W W W W W W W W W W W W W W W W W W W W W W W W W W W W W W W W W W W W W W W W W W W W W W W W W W W W W W W W W W W W W W W W W W W W W W W W W W W W W W W W W W W W W W W W W W W W W W W W W W W W W W W W W W W W W W W W W W W W W W W W W W W W W W W W W W W W W W W W W W W W W W W W W W W W W W W W W W W W W W W W W W W W W W W W W W W W W W W W W W W W W W W W W W W W W W W W W W W W W W W W W W W W W W W W W W W W W W W W W W W W W W W W W W W W W W W W W W W W W W W W W W W W W W W W W W W W W W W W W W W W W W W W W W W W W W W W W W W W W W W W W W W W W W W W W W W W W W W W W W W W W W W W W W W W W W W W W W W W W W W W W W W W W W W W W W W W W W W W W W W W W W W W W W W W W W W W W W W W W W W W W W W W W W W W W W W W W W W W W W W W W W W W W W W W W W W W W W W W W W W W W W W W W W W W W W W W W W W W W W W W W W W W W W W W W W W W W W W W W W W W W W W W W W W W W W W W W W W W W W W W W W W W W W W W W W W W W W W W W W W W W W W W W W W W W W W W W W W W W W W W W W W W W W W W W W W W W W W W W W W N1 N1 N1 N1 N1 N1 W W W W W W N1 N1 N1 N1 N1 N1 N1 N1 N1 N1 N1 N2 N2 N2 N2 N2 N2 N2 N2 N2 N1 N1 N2 N2 N2 N3 N2 N2 N2 N2 N2 N2 N2 N2 N2 N2 N2 N2 N2 N2 N2 N2 N2 N2 N2 N2 N2 N2 N1 N1 N2 N2 N2 N2 N2 N2 N2 N2 N2 N2 N2 N2 N2 N2 N2 N2 N2 N2 N2 N1 N1 N1 N2 N2 N2 N2 N2 N2 N2 N1 W W W W W W W W W W W W W W W W W W W W W W W W W W W W W W W W W W W W W W W W W W W W W W W W W W W W W W W W W W W,processed_sleepedf/spectral/SC4661E0-PSG_spectral.pt
processed_sleepedf/tensors/SC4662E0-PSG.pt,W W W W W W W W W W W W W W W W W W W W W W W W W W W W W W W W W W W W W W W W W W W W W W W W W W W W W W W W W W W W N1 N1 N1 W W W W W N1 N1 N1 N1 N1 W W W W W W W W N1 N1 N1 N1 N1 N1 N1 N1 N1 N1 N1 N1 W N1 N1 N1 N1 N2 N2 N2 N2 N2 N2 N2 N2 N2 N2 N2 N3 N2 N2 N2 N2 N2 N3 N3 N2 N2 N2 N2 N2 N2 N2 N3 N2 N2 N3 N3 N3 N3 N3 N2 N3 N3 N3 N3 N3 N3 N3 N3 N3 N3 N3 N3 N3 N3 N3 N3 W W W W N1 N1 W W N1 N1 N1 N1 N1 N1 N1 N2 N2 N2 N2 N2 N2 N2 N2 N2 N2 N2 N2 N3 N2 N2 N2 N2 N2 N2 N2 N3 N2 N2 N2 N3 N3 N3 N3 N3 N2 N2 N2 N3 N3 N2 N2 N2 N2 N2 N2 N2 N2 N2 N2 N2 N2 REM REM REM REM REM REM REM REM REM REM REM REM REM REM REM REM REM REM N1 N1 N1 REM REM REM REM REM REM REM REM REM REM REM REM REM REM REM REM REM REM REM REM REM REM REM REM REM REM REM REM REM REM REM REM REM REM REM REM REM REM N1 N1 N1 N1 N2 N2 N2 N2 N2 N1 N1 N1 N2 N2 N2 N2 N2 N2 N1 N2 N2 N2 N2 N2 N2 N3 N3 N2 N2 N3 N2 N3 N2 N2 N3 N2 N2 W W W W W W W W N1 N1 N1 N1 N2 N2 N2 N2 N2 N2 N2 N2 N2 N2 N2 N2 N3 N2 N2 N2 N3 N3 N2 N2 N2 N2 N2 N2 N2 N3 N3 N3 N3 N3 N3 N2 N3 N3 N3 N3 N3 N3 N3 N3 N3 N3 N3 N3 N3 N3 N3 N3 N3 N3 N2 N3 N3 N2 N3 N2 N3 N3 N3 W W W N1 N1 N1 N2 N2 N2 N2 N2 N2 N2 N2 N2 N2 N2 N2 N2 N2 N2 N2 N2 N2 N2 N2 N2 N2 N2 N2 N1 N1 N2 N2 N2 N2 N2 N2 N2 N2 N3 N2 N1 N1 N2 N2 N2 N2 N3 N2 N2 N2 N2 N2 N2 N2 N2 N2 N2 N2 N3 N2 N2 N2 N2 N2 N2 N2 N2 N2 N1 N1 N1 N1 N1 N2 N1 N2 N2 N2 N2 N2 N2 N2 N3 N2 REM REM REM REM REM REM REM REM REM REM REM REM REM REM REM REM REM REM REM REM REM REM REM REM REM N1 N1 N1 REM REM REM REM REM REM REM REM REM REM REM REM REM REM REM REM REM REM REM REM REM REM REM REM REM REM REM N1 REM REM REM N1 REM REM REM REM N1 N1 N1 N1 N1 N1 N1 N1 N1 N1 N1 N1 N1 N1 N1 N2 N2 N2 N2 N2 N2 N2 N2 N2 N2 N2 N2 N2 N2 N2 N2 N2 N2 N2 N2 N2 N2 N2 N2 N2 N2 N2 N2 N2 N1 N1 W W W W W W W W W W W W W W W W W W W W W W W W W W W W W W W W W W W W W W W W W W W W W W W W W W W W W W W W W W W W W W W W W W W W W W W W W N1 N1 N1 N1 N1 N1 N1 N1 N1 N1 N1 N1 N1 N1 N1 N1 W W W W W W W W W W N1 W W N1 W N1 N1 W W W W N1 N1 W N1 N1 W W N1 W N1 W N1 N1 W N1 N1 N1 N1 N1 N1 N1 N1 N1 N1 N2 N2 N2 N2 N1 N1 N2 N2 N2 N2 N2 N2 N2 N2 N2 N2 N2 N2 N2 N2 N2 N2 N1 W N1 W W W W W W W W N1 W N1 N1 N1 N1 N1 N1 N1 N1 N1 N2 N2 N2 N2 N2 N2 N2 N2 N1 N1 N1 N2 N2 N2 N2 N2 N2 N2 N2 N2 N2 N2 N2 N2 N2 N2 N2 N2 N2 N2 N2 N2 N2 N2 N2 N2 N2 N2 N2 N3 N2 N2 N2 N2 N2 N2 REM REM REM REM REM N1 N1 REM REM REM REM REM REM REM REM REM REM REM REM REM REM REM REM N1 N1 REM REM REM REM REM REM REM REM REM N1 N1 N1 REM REM REM REM REM REM REM REM REM N1 REM REM REM REM REM REM REM REM REM REM REM REM REM REM REM REM REM REM REM REM REM N2 N2 N2 N2 N2 N2 N2 N2 N2 N2 N2 N2 N2 N2 N2 N2 N2 N2 N2 N2 N2 N2 N2 N2 N2 N2 N2 N2 N2 N2 N2 N2 N2 N2 N2 N3 N2 N2 N2 N2 N2 N2 N2 N2 N2 N2 N2 N2 N2 W W W W W W W N1 N1 N1 N1 N1 N1 N1 N1 N1 N1 N1 N1 N2 N2 N2 N2 N2 N2 N2 N2 N2 N2 N2 N2 N2 N2 N2 N2 N2 N2 N2 N2 N2 N2 N2 N2 N2 N2 N2 N2 N2 N2 N2 N2 N2 N2 N2 N2 N2 N2 N2 N2 N2 N2 N2 N2 N2 N2 N2 N2 N2 N2 N2 N2 N2 N2 N2 N2 N2 N2 N2 N2 REM REM REM REM REM REM REM REM W W W W W W W W W W W W W W W W W W W W W W W W W W W W W W N1 N1 N1 N1 W W W N1 N1 N1 W W W W W W W W W N1 N1 N1 W W W W N1 N1 N1 N1 N1 N1 W N1 N1 N1 W N1 N1 N1 N1 N1 N1 W W W W W N1 W N1 N1 N1 N1 N1 N1 N1 N2 N2 N2 N2 N2 N2 N2 N2 N2 N2 N2 REM REM REM REM REM REM N1 N1 N1 N1 N1 N1 N1 REM REM REM REM REM REM REM REM REM REM REM REM REM REM REM REM REM REM REM REM REM REM REM REM REM REM REM REM REM REM REM REM REM REM REM REM REM REM REM REM REM REM REM REM REM REM REM REM REM REM REM REM REM REM REM REM REM REM REM REM REM N2 N2 N2 N2 N2 N2 N2 N2 N2 N2 N2 N2 N2 N2 N2 N2 N2 N2 N2 N2 N1 W W W W W W W W W W W W W N1 N1 N1 W W N1 N1 N1 N1 W W N1 N1 N1 N1 W W N1 N1 N1 N1 N1 W W W N1 N1 W W W W W W W W W W W W W W W W W W W W W W W W W W W W W W W W W W W W W W W W W W W W W W W W W W W W W W W W W W W W W W W W W W W W W W W W W W W W W W W W W W W W W W W W W W W W W W W W W W W W W W W W W W W W W W W W W W W W W W W W W W W W W W W W W W W W W W W W W W W W W W W W W W W W W W W W W W W W W W W W W W W W W W W W W W W W W W W W W W W W W W W W W W W W W W W W W W W W W W W W W W W W W W W W W W W W W W W W W W W W W W W W W W W W W W W W W W W W W W W W W W W W W W W W W W W W W W W W W W W W W W W W W W W W W W W W W W W W W W W W W W W W W W W W W W W W W W W W W W W W W W W W W W W W W W W W W W W W W W W W W W W W W W W W W W W W W W W W W W W W W W W W W W W W W W W W W W W W W W W W W W W W W W W W W W W W W W W W W W W W W W W W W W W W W W W W W W W W W W W W W W W W W W W W W W W W W W W W W W W W W W W W W W W W W W W W W W W W W W W W W W W W W W W W W W W W W W W W W W W W W W W W W W W W W W W W W W W W W W W W W W W W W W W W W W W W W W W W W W W W W W W W W W W W W W W W W W W W W W W W W W W W W W W W W W W W W W W W W W W W W W W W W W W W W W W W W W W W W W W W W W W W W W W W W W W W W W W W W W W W W W W W W W W W W W W W W W W W W W W W W W W W W W W W W W W W W W W W W W W W W W W W W W W W W W W W W N1 N1 N1 N1 N1 N1 N1 N1 N1 N1 N1 N1 N2 N2 N2 N2 N2 N1 N1 N1 N1 N1 W W W W W W W W W W W W W W W W W W W W W W W W W W W W W W W W W W W W W W W W W W W W N1 W W W W W W W W W W W W W W W W W W W W W W W W W W W W W W W W W W W W W W W W W W W W W W W W W W W W W W W W W W W W,processed_sleepedf/spectral/SC4662E0-PSG_spectral.pt
processed_sleepedf/tensors/SC4671G0-PSG.pt,W W W W W W W W W W W W W W W W W W W W W W W W W W W W W W W W W W W W W W W W W W W W W W W W W W W W W W W W W W W W N1 N1 N1 W W N1 N1 N1 N1 N1 N1 N1 N1 N1 N1 N1 N1 N2 N2 N2 N2 N2 N2 N2 N2 N2 N2 N2 N2 N2 N2 N2 N2 N2 N2 N2 N2 N2 N2 N2 N2 N2 N2 N2 N2 N2 N2 N2 N2 N1 N1 N2 N2 N2 N2 N2 N2 N2 N2 N2 N2 N2 N2 N2 N2 N2 N2 N2 N2 N2 N1 N1 N2 N2 N2 N2 N2 N2 N2 N1 N2 N2 N2 N2 N2 N2 N2 N2 N2 N2 REM REM REM W N1 N1 W N1 N1 N1 N1 W W N1 N1 N1 N1 N1 N1 N1 N1 N1 N2 N2 N2 N1 N1 N2 N2 N2 N1 N2 W N1 N1 N2 N2 W N1 N1 N1 N1 N1 N1 N2 N2 N2 N2 N2 N1 N1 N2 N2 N2 N2 N2 N2 N2 W W W W W W W W W W W W W W N1 N1 N1 N1 N1 N1 N1 N1 N1 N1 N1 N1 N1 N2 N2 N1 N1 N1 N1 N2 N2 N2 N1 N1 N2 N1 N2 N2 N2 N2 N2 N2 N2 N2 N2 N1 N1 N1 N2 N1 N1 N1 N1 N2 N2 N2 N1 N1 N2 N2 N2 N2 N2 N2 N2 N2 N2 N2 N2 N2 N2 N2 N1 N2 N2 N2 N2 N2 REM REM REM REM REM REM REM REM REM REM REM REM REM REM REM REM REM REM REM REM REM REM W W W W N1 N1 N1 N1 N1 N1 N1 N1 W N1 N1 N1 N1 N1 N1 N1 N1 N1 N1 N2 N2 N2 N2 N1 N1 N2 N1 N1 N1 N1 N2 N2 N2 N2 N2 N2 W W W W N1 N1 N1 N1 N1 N1 N1 N1 N2 N2 W N1 N1 N1 N2 N1 N1 N1 N1 N2 N1 N1 W W W W W W W W W W W W W W W W W W W W W W N1 N1 N1 N1 N1 N1 N1 N1 W N1 N1 N1 N1 N1 N1 N1 N1 N1 N1 N1 N1 N1 N1 N1 N1 N2 N2 N2 N2 N2 N1 N1 N1 N1 N1 N1 N2 N1 N1 N2 N2 N2 N2 N2 N2 N2 N2 N2 N2 N2 N2 N2 N2 N2 N2 N2 N2 N2 N2 W N1 N1 N1 N1 N1 N2 N2 N2 N2 N2 N2 N2 N2 N2 N2 N2 N2 N2 N2 N2 N2 N1 N1 N1 N1 N2 N2 N2 N2 N2 N2 N2 N2 N2 N2 W N1 N1 N1 N1 N1 N1 W N1 N1 N1 N1 N2 W W W N1 N1 N1 W N1 N1 N1 N2 N2 N2 N2 N2 REM REM REM REM REM REM REM REM W N1 N1 REM REM REM REM REM REM REM REM REM REM REM REM REM REM REM REM REM REM REM REM REM REM REM REM REM REM REM N1 N1 N1 N2 N2 N2 N2 N2 N2 N2 N2 N2 N2 N2 N2 N1 N1 N2 N2 N2 N2 N2 N2 N2 N2 N2 W W W N1 N1 N1 N2 N2 N2 N2 N2 N2 N2 N2 N2 N2 N2 N2 N2 N2 N2 N2 N2 N2 N3 N2 N2 N3 N2 N3 N3 N2 N2 N2 N2 N2 N3 N2 N2 N2 N3 N3 W W W W W W W N1 N1 N1 N1 N1 N1 N2 N2 N1 N1 N2 N2 N2 N2 N2 N2 N2 N2 N2 N2 N2 N2 N2 N2 N2 N2 N2 N2 N2 N2 N2 N2 N2 N2 N2 N2 N2 N2 N2 N2 N2 N2 N2 N2 N2 N2 N2 N2 N2 N3 N3 N2 N3 N3 N2 N2 N2 N3 N2 N2 N2 N2 N2 N3 N2 N2 N1 N2 N2 N2 N2 N2 N1 N2 N3 N2 N2 REM REM REM REM REM REM REM REM N1 N1 N1 REM REM REM REM REM REM REM REM REM REM REM REM REM REM REM REM REM REM REM REM W W N1 N1 N1 N1 N1 N2 N2 N2 N2 N2 N2 N2 W N1 N1 N1 N1 N1 N1 N2 N2 N2 N2 N2 N2 N2 N2 N2 N2 N2 N2 N2 W N1 N1 N1 N1 N1 N2 N2 N2 N1 N1 N1 N2 N2 N2 N2 N2 N2 W N1 N1 N1 N1 N1 N1 N2 N2 N2 N2 N2 N2 N2 N2 N2 N2 N2 N2 N2 N2 N2 N2 N2 N2 N2 N2 N2 N2 N2 N2 N2 N2 N2 N1 N1 N1 N2 N2 N2 N2 N2 N2 N2 N2 N2 N2 N2 N2 N2 N2 N2 N2 N2 N2 N2 N2 N2 N2 N2 N2 N2 N2 N2 N3 N3 N3 N2 W W W W W W W W W W W W N1 N1 N1 N1 W N1 N2 N2 N2 N2 N2 N2 N2 N2 N2 N2 N2 N2 N2 N2 N2 N2 N1 W N1 N1 N1 N1 N1 N1 W W W W N1 N1 N1 N1 N1 N1 N1 N1 N1 N1 N1 W N1 N2 N2 N2 N2 N2 N2 N2 N2 N2 N2 N2 N2 N2 N2 N2 N2 N2 N2 N2 N2 N2 N2 N2 N2 N2 N2 N2 N2 N2 N2 N2 N1 REM REM REM REM REM REM REM REM REM REM N1 REM REM REM REM REM REM REM REM REM REM REM REM REM REM REM REM REM REM REM REM REM REM REM REM REM REM REM REM REM REM REM REM REM REM REM REM REM REM REM REM REM REM REM REM REM REM W N1 W N1 W W W W W W W W W W W W W W W W W W W W W W W W W W W W W W W W W W W W W W W W W W W W W W W W W W W W W W W W W W W W W W W W W W W W W W W W W W W W W W W W W W W W N1 W W W N1 N1 N1 N1 N1 W W W N1 N1 N1 N1 N1 N1 N1 N1 N1 N1 N1 N1 N1 N1 N1 N1 N1 N1 N1 N1 N1 N1 N1 N1 N2 W N1 N1 N1 N1 W W W W W W W W W W W W W W W W W W W N1 W N1 W W W N1 W N1 N1 N1 N1 N1 N1 N1 W W W W W W W W W W W W W W W W W W W W W W W W W W W W W W W W W W W W W W W W W W W W W W W W W W W W W W W W W W W W W W W W W W W W W W W W W W W W W W W W W W W W W W W W W W W W W W W W W W W W W W W W W W W W W W W W W W W W W W W W W W W W W W W W W W W W W W W W W W W W W W W W W W W W W W W W W W W W W W W W W W W W W W W W W W W W W W W W W W W W W W W W W W W W W W W W W W W W W W W W W W W W W W W W W W W W W W W W W W W W W W W W W W W W W W W W W W W W W W W W W W W W W W W W W W W W W W W W W W W W W W W W W W W W W W W W W W W W W W W W W W W W W W W W W W W W W W W W W W W W W W W W W W W W W W W W W W W W W W W W W W W W W W W W W W W W W W W W W W W W W W W W W W W W W W W W W W W W W W W W W W W W W W W W W W W W W W W W W W W W W W W W W W W W W W W W W W W W W W W W W W W W W W W W W W W W W W W W W W W W W W W W W W W W W W W W W W W W W W W W W W W W W W W W W W W W W W W W W W W W W W W W W W W W W W W W W W W W W W W W W W W W W W W W W W W N1 W W N1 N1 W N1 N1 N1 N1 N1 N1 N1 N1 N1 N2 N2 N2 N2 N2 N2 N2 N2 N2 N2 N2 N2 N2 N2 N2 N2 N2 N2 N2 N2 N2 N2 N2 N2 N2 N2 N2 N2 N2 N2 N2 N2 N2 N2 N2 N2 N2 N2 N2 N1 N1 N2 N2 N2 W W W W W W W N1 W W N1 W W N1 W N1 N1 W N1 N1 W W W W W W N1 N1 N1 N1 N1 N1 N1 N1 N1 N1 N1 N1 N1 N1 N2 N2 N2 N2 N2 N2 W W W W W W W W W W W W W W W W W W W W W W W W W W W W W W W W W W W W W W W W W W W W W W W W W W W W W W W W W W W W W W W W W N1 W W W W W W W W W W W W W W W W N1 N1 N1 W N1 W W W W W N1 N1 N1 N1 N1 N1 N1 N1 N1 N2 N2 N2 N2 N2 N1 N1 N2 N2 N2 N2 N2 N2 N2 N2 N2 N2 N2 N2 REM REM REM REM REM W W W N1 N1 N1 N1 N1 W W N1 W W W W W W W W W W W W W W W W W W W W W W W W W W W W W W W W W W W W W W W W W W W W W W W W W W W W W W W W W W W W,processed_sleepedf/spectral/SC4671G0-PSG_spectral.pt
processed_sleepedf/tensors/SC4672G0-PSG.pt,W W W W W W W W W W W W W W W W W W W W W W W W W W W W W W W W W W W W W W W W W W W W W W W W W W W W W W W W W W W W N1 N1 N1 N1 N1 N1 N1 N1 W W W W W W W W W W W W W W W W W W W W W W W N1 N1 N1 N1 N1 N1 N1 N1 N1 N1 N1 N1 N1 N1 N1 N1 N1 N1 N1 N1 W W W W N1 N1 N1 N1 N1 N1 N1 N1 N1 N1 N1 N1 N1 N1 N1 N1 N1 N1 W W W W W N1 W W W N1 N1 N1 N1 N1 N1 N1 W W N1 W W W N1 N1 N1 N1 N1 N1 N1 N1 N1 N1 N1 N1 N1 N1 N1 N1 W N1 N1 N1 N1 N1 N1 N1 N2 N2 N1 N2 N2 N2 N2 N2 N2 N2 N2 W W W W W W W W N1 N1 N1 W W W W W W W W W W W W W W W W W W W W W W W W W W W W W W W W W W W W W W W W W W W W W W W W W W W W W W W W W W W W W W W W W W W W W W W W W W W W W W W W W W W W W W W W W N1 N1 N1 N1 N1 N1 N1 N1 N1 N1 N1 N1 N1 N1 W W N1 W N1 N1 N1 N1 N1 N1 N1 N1 N1 N1 N1 N1 W W N1 W N1 N1 N1 N1 N1 N1 N1 N1 N1 N2 N2 N2 N2 N2 N2 N2 N2 N2 N2 N2 N2 N2 REM REM REM REM REM REM REM REM REM REM REM REM REM REM REM REM REM REM REM REM REM REM REM REM REM REM REM REM REM REM REM REM REM REM REM REM REM REM REM REM REM REM REM REM REM REM REM REM REM REM REM REM REM REM REM REM REM REM REM REM REM REM REM REM REM REM REM REM N2 N2 N2 N2 N2 N2 N2 N2 N2 N2 N2 N2 N2 N2 N2 N2 N2 N2 N2 N2 N3 W W W W W N1 N1 N1 N1 N1 N1 N1 N1 W W W W W W N2 N2 N2 N2 N2 N2 N2 N2 N2 N2 N2 N2 N2 N2 N2 N2 N2 N2 N2 N2 N2 N2 N2 N2 N2 N2 N2 N2 N2 N2 N2 N2 N2 N2 N3 N2 N2 N3 N3 N3 N3 N3 N2 N1 N1 N1 N1 N1 N1 N1 N1 N1 N1 N1 N2 N2 N2 N2 N2 N2 N2 N2 N2 N2 N2 N2 N2 N2 N2 N2 N2 N2 N2 N2 N2 W W N1 N1 N1 N1 N2 N2 N2 N2 N2 W W N2 N2 N2 N2 N2 N2 N2 N1 N2 N1 N2 N2 N2 N2 N2 N2 N2 N2 N2 N2 N2 N2 N2 N2 N2 N2 N2 N2 W W N1 N1 N1 N1 N1 N1 N1 N1 N1 N1 N1 N2 N2 N2 N2 N2 N2 N2 N2 N2 N2 N2 N2 N2 N2 N2 N2 N2 N2 N2 N2 N2 N2 N2 N2 N2 N2 N2 N2 N2 N2 REM REM REM REM REM N2 N2 N2 N2 N2 N2 N2 N2 N2 N2 N2 N2 N2 W W N1 N1 N1 N1 N1 N1 N1 N2 N2 N2 N2 N2 N2 N2 N2 N2 N2 N2 N2 N2 N2 N2 N2 N2 N2 N2 N2 N2 N2 N2 W N1 W W W W W W W W W W W W W W W W W W W W W W W W W W W W W N1 W N1 N1 N1 N1 N1 N1 N1 N1 N1 N1 N1 N1 N1 N1 N1 N1 N1 N1 N2 N2 N2 N2 N2 N2 N2 N2 N2 N2 N2 N2 N2 N2 N2 N2 N2 N2 N2 N2 N2 N2 N2 N2 N2 N2 N2 N2 N2 N2 N2 N3 N2 N2 N2 N2 N2 N2 N2 N2 W N1 N1 N1 N1 N1 N1 N1 N1 N1 N1 N1 N2 N2 N2 N2 N2 N2 N2 N2 N2 N2 N2 N2 N2 N2 N2 N2 N2 N2 N2 N2 N2 N2 N2 N2 N2 N2 N2 N2 N2 N2 N2 N2 N2 N2 N2 N2 N2 N2 N2 N2 N2 N2 REM REM N1 N1 N1 REM REM N2 N2 N2 N2 N2 N2 N2 N2 N2 N2 N2 REM REM REM REM REM REM REM REM REM REM REM REM REM REM REM REM REM REM W W W N1 N1 N1 W N1 N1 N1 N1 N1 N1 N1 N2 N2 N2 N2 N2 N2 N2 N2 N2 N2 N2 N2 N2 N2 N2 N2 N2 N2 N2 N2 N2 N2 N2 N2 N2 N2 N2 N2 N2 N2 N2 N2 N2 N3 N3 N3 N2 N3 N2 N3 N3 N2 N3 N3 N2 N2 N2 N3 N3 N2 N3 N2 N3 N2 N3 N3 N3 N2 N2 N2 N2 N3 N3 N3 N3 N3 N3 N2 N2 N2 W W W W W W W W W W W W W N1 W N1 W W W W W N1 W N1 W W W W W W N1 N1 N1 W W W W W W W W W W W W W W W W W W W W W W W W W W W W W W W W W W W W W W W W W W W W W W W W W W W W W W W W W W W W,processed_sleepedf/spectral/SC4672G0-PSG_spectral.pt
processed_sleepedf/tensors/SC4701E0-PSG.pt,W W W W W W W W W W W W W W W W W W W W W W W W W W W W W W W W W W W W W W W W W W W W W W W W W W W W W W W W W W W W N1 N1 N2 W W N1 W W W W N1 N1 W N1 N1 N1 N1 N1 N1 N1 N1 N2 N1 W W W W W W W W W W W W W W W W W W W W W W W W W W W W W W W W W W W W W W W W W W W W W W W W W W W W W W W W W W W W W W W W W W W W W W W W W W W W W W W W W W W W W W W W W W W W W W W W W W W W W W W W W W W W W W W W W W W W W W W W W W W W W W W W W W W W W W W W W W W W W W W W W W W W W W W W W W W W W W W W W W W W W W W W W W W W W W W W W W W W W W W W W W W W W W W W W W W W W W W W W W W W W W W W W W W W W W W W W W W W W W W W W W W W W W W W W W W W W W W W W W W W W W W W W N1 N1 N1 W W W W W W W W W W W W W W N1 N1 W N1 N1 N1 N1 N1 N1 N2 N2 N2 N2 N2 W N1 N1 N1 N1 N1 N1 N1 W N1 N1 N1 W N1 N1 W W N1 N1 W W W W W W W W W W W W W W W W W W W W W W W W W W W W W W W W W W W W W W W W W W W W W W W W W W W W W W W W W W W W W W W W W W W W W W W W W W W W W W W W W W W W W W W W W W W W W W W W W W W W W W W W W W W W W W W W W W W W W W W W W W W W W W W W W W W W W W W W W W W W W W W W W W W W W W W W W W W W W W W W W W W W W W W W W W W W W W N2 N2 W W W W W W W W W W W W W W W W W W W W W W W W W W W W W W W W W W W W W W W W W W W W W W W W W W W W W W W W W W W W W W W W W W W W W W W W W W W W W W W W W W W W W W W W W W W W W W W W W W W W W W W W W W W W W W W W W W W W W W W W W W W W W W W W W W W W W W W W W W W W W W W W W W N1 N1 N1 N1 N1 N1 N1 N1 N1 N1 N1 N1 N1 N1 N1 N1 N1 N2 W W W W N1 N2 N2 N2 N2 N2 N2 N2 N2 N2 N2 N2 W W W W N1 N1 W W W W N1 N1 N1 N1 N1 N1 N1 N1 N1 N2 N2 N2 N2 N2 N2 N2 N2 N2 N2 N2 N2 N2 N2 N2 N2 N2 N2 N2 N2 N2 N2 N2 N2 N2 N2 N2 N3 N2 N3 N2 N2 N2 N3 N2 N3 N2 N3 N3 N3 N2 N2 N3 N2 N2 N2 N2 N2 N3 N3 N3 N3 N2 N3 N2 N2 N2 N2 N2 N2 N2 N2 N2 N1 N1 N1 N1 N1 N1 N2 N2 N2 N2 N2 N2 N2 N2 N2 N2 N2 N2 N2 N2 N2 N2 N2 N2 N2 N2 N2 N2 N2 N2 N2 N2 N2 N2 N2 N2 N2 N2 N2 N2 N2 N2 N2 N2 N2 N2 N2 N2 N2 N2 N2 N2 N2 N2 N3 N2 N3 N3 N3 N3 N3 N2 REM REM REM REM REM REM REM REM REM REM REM REM REM REM REM REM REM REM REM REM REM REM REM REM REM REM REM REM REM REM REM REM REM REM REM REM REM REM REM REM REM REM REM REM N1 N1 N1 N1 N1 N1 N1 N1 N1 N1 N1 N1 N1 N1 N1 N1 N1 N1 N1 N1 N1 N1 N1 N1 N2 N2 N2 N2 N2 N2 N2 N2 N2 N2 N2 N2 N2 N2 N2 N2 N2 N2 N2 N2 N2 N2 N2 N2 N2 N2 N2 N2 N2 N2 N2 N2 N2 N2 N2 N2 N2 N3 N2 N3 N2 N3 N2 N3 N2 N2 N2 N2 N2 N2 N2 N2 N2 N2 N2 N2 N2 N3 N2 N3 N2 N2 N2 N2 N3 N2 N2 N2 N2 N2 N2 N2 N2 N2 N2 N2 N2 N2 N2 N2 N2 N2 N2 N2 N2 N2 N2 N2 N2 N2 N2 N2 N2 N2 N2 N2 N3 N2 N2 N2 N2 N2 N2 N2 N3 N2 N2 N2 N2 N2 N2 N3 N2 N2 N2 N2 N2 N2 N2 N3 N2 N2 N2 N2 N2 N2 N3 N2 N2 N2 N2 N2 N2 N2 N2 N2 N2 N2 N2 N2 N2 N2 N2 N2 N2 N2 N2 N2 N2 N2 N2 N2 N2 N2 N2 N2 REM REM REM REM REM REM REM REM REM REM REM REM REM REM REM REM REM REM W W N1 N1 N1 N1 N1 N1 N1 N1 N1 N1 N1 N1 N1 N2 N2 N2 N2 N2 N2 N2 N2 N2 N2 N2 N2 N2 N2 N2 N2 N2 N2 N2 N2 N2 N2 N2 N2 N2 N2 N2 N2 N2 N2 N2 N2 N2 N2 N2 N2 N2 N2 N2 N2 N2 N2 N2 N2 N2 N2 N2 N2 N2 N2 N2 N2 N2 N2 N2 N2 N2 N2 N2 N2 N2 N2 N2 N2 N2 N2 N2 N2 N2 N2 N2 N2 N2 N2 N2 N2 N2 N2 N2 N2 N2 N2 N2 N2 N2 N2 N3 N2 N3 N3 N3 W W W W W N1 N1 W N1 N1 N1 N1 N1 N1 N1 N1 N1 N1 N1 N1 N1 N1 N1 N1 N1 N1 N1 N1 N1 N1 N1 N2 N2 N2 N2 N2 N2 N2 N2 N2 N2 N2 N2 N2 N2 N2 N2 N2 N2 N2 N2 N2 N2 N2 N2 N2 N2 N2 N2 N2 N2 N2 N2 N2 N2 N2 N2 N2 N2 N2 N2 N2 N2 N2 N2 N2 N2 N2 N2 N2 N2 N2 N2 N2 N2 N2 N2 N2 N2 N2 N2 N2 N2 N2 N2 N2 N2 N2 N2 N2 N2 N2 N2 N2 N2 N2 N2 N2 N2 N2 N2 N2 N2 N2 N2 N2 N2 N2 N2 N2 N2 N2 N2 N2 N2 N2 N2 N2 N2 N2 N2 N2 N2 N2 N2 N2 N2 N2 N2 N2 N2 N2 N2 N2 N2 N2 N2 N2 N2 N2 N2 N2 N2 N2 N2 N2 N2 N2 N2 N2 N2 N2 N2 N2 N2 N2 N2 N2 N2 N2 N2 N2 N2 N2 N2 N2 N2 N2 N2 N2 N2 N2 N2 N2 N2 N2 N2 N2 N2 N2 N2 N2 REM REM REM REM REM REM REM REM REM REM REM REM REM REM REM REM REM REM REM REM REM REM REM REM REM REM REM REM REM REM REM REM REM REM REM REM N1 N1 N1 N1 N2 N2 N2 N2 N2 N2 N2 N2 N2 N2 N2 N2 N2 REM REM REM REM REM REM REM N2 N2 N2 N2 N2 N2 N2 N2 N2 N2 N2 N2 N2 N2 N2 N2 N2 N2 N2 N2 N2 N2 N2 N2 N2 N2 N2 N2 N2 N2 N2 N2 N2 N2 N2 N2 N2 N2 N2 N2 N2 N2 N2 N2 N2 N2 N2 N2 N2 N2 N2 N2 N2 N2 N2 N2 N2 N2 N2 N2 N2 N2 N2 N2 N2 N2 N2 N2 N2 N2 N2 N2 N2 N2 N2 N2 N2 N2 N2 N2 N2 N2 N2 N2 N2 N2 N2 N2 N2 N2 N2 N2 N2 N2 N2 N2 N2 N2 N2 N2 N2 N2 N2 N2 N2 N2 N2 N2 N2 N2 N2 N2 N2 N2 N2 N2 N2 N2 N2 N2 N2 N2 N2 N2 N2 N2 N2 N2 N2 N2 N2 N2 N2 N2 N2 N2 N2 N2 N2 N2 N2 N2 N2 N2 N2 N2 N2 N2 N2 N2 N2 N2 N2 N2 N2 N2 N2 N2 N2 N2 N2 N2 N2 N2 N2 N2 N2 N2 N2 N2 N2 N2 N1 N1 N1 W W W W W W W W W W W W W W W W W W W W W W W W W W W W W W W W W W W W W W W W W W W W W W W W W W W W W W W W W W W W,processed_sleepedf/spectral/SC4701E0-PSG_spectral.pt
processed_sleepedf/tensors/SC4702E0-PSG.pt,W W W W W W W W W W W W W W W W W W W W W W W W W W W W W W W W W W W W W W W W W W W W W W W W W W W W W W W W W W W W N1 N1 N1 N1 N2 N1 N2 N2 N2 N2 N2 N2 N1 N1 N2 N2 N2 N2 N2 N2 N2 N2 N2 N2 N2 N2 N2 N2 N2 N2 N2 N2 N2 N2 N2 N2 N3 N3 N2 N3 N2 N3 N2 N2 N2 N2 N2 N2 N3 N2 N2 N2 N2 N2 N2 N3 N2 N2 N2 N2 N2 N2 N3 W W W W W W W W W W W W W W W W W W W W W W W W W W W W W W W W W W W W W W W W W W W W W W W W W W W W W W W W W W W W W W W W W W W W W W W W W W W W W W W W W W W W W W W W W W W W W W W W W W W W W W W W W W W W W W W W W W W W W W W W W W W W W W W W W W W W W W W W W W W W W W W W W W W W W W W W W W W W W W W W W W W W W W W W W W W W W W W W W W W W W W W W W W W W W W W W W W W W W W W W W W W W W W W W W W W W W W W W W W W W W W W W W W W W W W W W W W W W W W W W W W W W W W W W W W W W W W W W W W W W W W W W W W W W W W W W W W W W W W W W W W W W W W W W W W W W W W W W W W W W W W W W W W W W W W W W W W W W W W W W W W W W W W W W W W W W W W W W W W W W W W W W W W W W W W W W W W W W W W W W W W W W W W W W W W W W W W W W W W W W W W W W W W W W W W W W W W W W W W W W W W W W W W W W W W W W W W W W W W W W W W W W W W W W W W W W W W W W W W W W W W W W W W W W W W W W W W W W W W W W W W W W W W W W W W W W W W W W W W W W W W W W W W W W W W W W W W W W W W N1 W N1 N1 N1 N1 N1 N1 N1 N1 N1 N1 N1 N1 W W W W W W N1 N1 N1 W N1 W W W N1 N1 N1 N1 N1 N1 N1 N2 N2 N2 N2 N2 N2 N2 N2 N2 N2 N2 N2 N2 N2 N2 N2 N2 N2 N2 N2 N2 N2 N2 N2 N2 N2 N2 N2 N2 N2 N2 N2 N2 N2 N2 N2 N2 N2 N2 N3 N2 N2 N2 N2 N2 N2 N2 N2 N2 N3 N3 N3 N3 N3 N3 N3 N3 REM REM REM REM REM REM REM REM REM REM REM REM REM REM REM REM REM REM REM W N1 N1 N1 N1 N1 N1 N1 N1 N1 N2 N2 N2 N2 N2 N2 N2 N2 N2 N2 N2 N2 N2 N2 N2 N2 N2 N2 N2 N2 N2 N2 N2 N2 N2 N2 N2 N2 N2 N2 N2 N2 N2 N2 N2 N2 N3 N2 N2 N2 N2 N2 N2 N2 N2 N2 N2 N3 N3 N3 N3 N2 N2 N2 N2 N2 N2 N2 N2 N3 N2 N2 N2 N2 N2 N2 N2 N2 N2 N3 N3 N2 N3 N2 N2 N2 N2 N2 N2 N3 N2 N2 N3 N1 N2 N2 N2 N2 N2 N2 N2 N2 N2 N2 N2 N2 N2 N2 N2 N2 N2 N2 N2 N2 N2 N2 N2 N2 N2 N2 N2 N2 N2 N2 N2 N2 N2 N2 N2 N2 N2 N2 N2 N2 N2 N2 N2 N2 N2 N2 N2 N2 N2 N2 N2 N2 REM REM REM REM REM REM REM REM REM REM REM REM REM REM REM REM REM REM REM REM REM N2 N2 REM REM REM REM REM REM REM REM REM REM REM REM REM REM REM REM REM REM REM REM REM REM N1 N1 W N1 N1 N1 N1 N1 N1 N1 N2 N2 N2 N2 N2 N2 N2 N2 N2 N2 N1 N1 N2 N2 N2 N2 N1 N1 N2 N2 N2 N1 N1 N1 N1 N1 N1 N1 N1 N1 N1 N1 N1 N1 N1 N1 N1 N1 N1 N1 N1 N1 N1 N1 N1 N1 N1 N1 N1 N1 N1 N1 N1 N1 N1 N1 N1 N2 N2 N2 N2 N2 N2 N2 N2 N2 N2 N2 N2 N1 N1 N1 N1 N1 N1 N1 N1 N1 N1 N1 N1 N1 N1 N1 N2 N2 N2 N2 N2 N2 N2 N2 N2 N2 N2 N2 N2 N1 N2 N2 N2 N2 N2 N2 N2 N2 N2 N1 N1 N2 N2 N2 N2 N2 N2 N2 N2 N2 N1 N2 N2 N2 N2 N2 N2 N2 N2 N2 N2 N2 N3 N2 N2 N2 N2 N2 N2 N2 N2 N2 N2 N2 N2 N2 N2 N2 N2 N2 N2 N1 N1 N2 N1 N1 N2 N1 N2 N2 N2 N2 N2 N2 N2 N2 N2 N2 N2 N2 N2 N2 N2 N2 N2 N2 N1 N2 W W N1 N1 N1 N1 N1 N1 N1 N1 N1 N1 N1 N1 N1 N1 W W W W W W W W W W W N1 N1 W W N1 N1 N1 N1 N1 N1 N1 N1 N1 N1 N1 W W N1 W W W N1 W W W N1 N1 N1 N1 N1 W W W W W N1 W W N1 N1 N1 N1 N1 N1 W W N1 N1 N1 N1 N1 N1 N1 N1 N1 N1 N1 N1 N1 N1 N1 N1 W W N1 W W W W W W N1 N1 N1 N1 N1 W W W W W W W W W W W W W W W W W W W W N1 W W W W W W W N1 N1 N1 W N1 N1 N1 N1 N1 N1 N1 N1 N1 N1 N1 W W W W W W N1 N1 N1 N1 N1 N1 N1 N1 N1 N1 N1 N1 N1 N1 N1 N1 N1 N1 N1 N1 N1 N1 N1 N1 N1 N1 N1 N1 N1 N2 N2 N2 N2 N2 N2 N2 N2 N2 N2 N2 N1 N1 N2 N2 N2 N2 N2 N2 N2 N2 N2 N2 N2 N2 N2 N2 N2 N2 N2 N2 N2 N2 N2 N2 N2 N2 N2 N2 N2 N2 N2 N2 N2 N2 N2 N2 N3 N2 N2 N2 N2 N2 N3 N3 N2 N2 N3 N3 N2 N2 REM REM REM REM REM REM REM REM REM REM REM REM REM REM REM REM REM REM REM REM REM REM REM REM REM REM REM REM REM REM N1 REM REM REM REM REM REM N2 N2 N2 N2 N2 N2 N2 N2 N2 N2 N2 N2 N1 N1 N1 W W N1 N1 N1 N2 N2 N2 N2 N2 N2 N2 N2 N2 N2 N2 N2 N2 N2 N2 N2 N2 N2 N2 N2 N2 N2 N2 N2 N2 N2 N2 N2 N2 N2 N2 N2 N2 N2 N2 N2 N2 N1 N1 N2 N2 N2 N2 N2 N2 N2 N2 W W W W W W W W W W W W W W W W W W W W W W W W W W W W W W W W W W W W W W W W W W W W W W W W W W W W W W W W W W W W,processed_sleepedf/spectral/SC4702E0-PSG_spectral.pt
processed_sleepedf/tensors/SC4711E0-PSG.pt,W W W W W W W W W W W W W W W W W W W W W W W W W W W W W W W W W W W W W W W W W W W W W W W W W W W W W W W W W W W W N1 N1 N1 N1 N1 N1 N1 N1 N1 N1 N1 N1 N1 N2 N2 N2 N2 N2 W N1 N1 N2 N2 N2 N2 N2 N2 N2 W W W W W W W W W N1 N1 W W W W W W W N1 W W W W W W W W W W W W W W N1 N1 N1 N1 N1 N1 N1 N1 N1 N1 N1 N2 N2 N2 N2 N2 N2 N2 N2 N2 N2 N2 N2 N2 N2 N2 N2 N2 N2 N2 N2 N2 N2 N2 N2 N2 N2 N2 N2 N2 N2 W W W W W N1 N1 N1 N2 N2 N2 N2 N2 N2 N2 N2 N2 N2 N2 N2 N2 N2 N2 N2 N2 N2 N2 N2 N2 N2 N2 N2 N2 N2 N2 N2 N2 N2 N2 N2 N2 N2 N2 N3 N2 N2 REM REM N2 W W N1 N1 N1 N1 N1 N1 N2 REM REM W W W W W W W N1 N1 N2 N2 N2 N2 N2 N2 N2 N2 N2 N2 N2 N2 N2 N2 N2 N2 N2 N2 N2 N2 N2 N2 N2 N2 N2 N2 N2 N2 N2 N2 N2 N2 N2 N2 N2 N2 N2 N2 N2 N2 N2 W N1 N1 N2 N1 N1 N1 N2 N2 N2 N2 N2 N2 N2 N2 N2 N2 N2 N2 N3 N2 N3 N2 N2 N2 N2 REM W N1 REM REM REM REM REM REM REM REM REM REM REM REM REM REM REM REM REM REM REM REM N1 N1 REM REM REM REM REM REM REM REM REM REM REM REM REM REM REM REM REM REM REM REM REM REM REM REM REM REM REM REM N2 N2 N2 N2 N2 N2 N2 N2 N2 N2 N2 N2 N2 N2 N2 N2 N2 N2 N2 N2 N2 N2 N2 N2 N2 N2 N2 N2 N2 N2 N2 W N1 N1 N1 N2 N2 N2 N2 N2 N2 N2 N2 N2 N2 N2 N2 N2 N2 N2 N2 N2 N2 N2 N2 N2 N2 N2 N2 N2 N2 N2 N2 N2 N2 N2 N2 N2 N2 N2 N2 N2 N2 N2 N2 N2 N2 N2 N2 N2 N2 N2 N2 N2 N2 N2 N2 N2 N2 N2 N2 W N1 N1 N1 N1 N2 N2 N2 N2 N2 N2 N2 N2 N2 N2 N2 N2 N2 N2 N2 N2 N2 N2 N2 W N1 N1 W W N1 N1 N2 N2 N2 N2 N2 N2 N2 N2 N2 N2 N1 N1 N1 N1 N1 N1 N1 N1 W W W W W W W W W W W W W W W W W W W W W N1 N1 N1 N1 N1 N1 N1 N1 N1 N1 N1 N1 N1 N1 N1 N1 N1 N1 N1 N1 N1 N1 N1 N2 N2 N2 N2 N2 N2 N2 N2 N2 N2 N2 N2 N2 N2 N2 N2 N2 N2 N2 N2 N2 N2 N2 N2 N2 N2 N2 N2 W N1 N1 N1 N1 N1 N1 N1 N2 N2 N2 N2 N2 N2 N2 N2 N2 N2 N2 N2 N2 N2 N2 N2 N2 N2 REM REM REM REM REM W W W N1 N1 W N1 N1 N1 N1 N1 N1 N1 N1 N1 N1 N2 REM REM REM REM REM REM REM REM REM REM REM N1 N1 N1 N1 N1 N1 N1 N1 N1 N1 N1 N1 N2 N2 N2 N2 N2 N2 N2 N2 N2 N2 N2 N2 N2 N2 N2 N2 N2 N2 N2 N2 N2 N2 N2 N2 N2 N2 N2 N2 N2 N2 N2 N2 N2 N2 N2 N2 N2 N2 N2 N2 N2 N2 N2 N2 N2 N2 N2 N3 N2 N2 N2 N2 N2 N2 N2 N2 N2 N2 N2 N2 N2 N2 N2 N2 N2 N2 N2 N2 N2 N2 N2 N2 N2 N2 N2 N2 N2 N2 N2 N2 N2 N2 N2 N2 N2 N2 N2 N2 N2 N2 N2 N2 N2 N2 N2 N2 N2 N2 N2 N2 N2 N2 N2 N2 N2 N2 N2 N2 N2 N2 N2 N2 N2 N2 N2 N2 N2 W N1 N1 N1 N1 N1 N1 N1 N1 N1 N1 N1 W W W W W W W W W W W W W W W W W W W W W W W W W W W W W W W W W W W W W W W W W W W W W W W W W W W W W W W W W W W W W W W W N1 N1 N2 N2 N2 N2 N2 N2 N2 N2 N2 N2 N2 N2 REM REM REM REM REM REM REM REM REM REM REM REM REM REM REM REM REM REM REM REM W W N1 N1 N1 N1 N1 N1 N1 N1 N1 N1 N1 N2 N2 N2 N2 N2 N2 N2 N2 N2 N2 N2 N2 N2 N2 W N1 N1 N1 N2 N2 N2 N2 N2 N2 N2 N2 N2 N2 N2 N2 N2 N2 N2 N2 N2 N2 N2 N2 N2 N2 N2 N2 N2 N2 N2 N2 N2 N2 N2 N2 N2 W N1 N1 N1 N1 N1 N1 N2 N2 N2 N2 N2 N2 N2 N2 N2 N2 N2 N2 N2 N2 N2 N2 N2 N2 N2 N2 N2 N2 N2 N2 N2 N2 N2 N2 N2 N2 N2 N2 W W N1 N1 N1 N1 N2 N2 N2 N2 W N1 N1 N1 N2 N2 N2 N2 N2 N2 N2 N2 N2 W N1 N1 N1 N1 N2 N2 N2 N2 N2 N2 N2 N2 N2 N2 W W W W W W W W W W N1 N1 N1 N1 N1 N1 N1 W W W W W W W N1 N1 N1 N1 N1 N1 N1 N1 N1 N1 N1 N2 N2 N2 N2 N2 N2 N2 N2 N2 N2 N2 N2 N2 N2 N2 N2 REM REM REM REM REM REM REM REM REM REM W W W W W W W W W W N1 N1 N1 W W W W W W W W W W W W W W N1 N1 N1 N1 N1 N1 N2 N2 N2 N2 N2 N2 N2 N2 N2 N2 N2 N2 N2 N2 N2 N2 N2 N2 W W W W W W W N1 N1 N1 N1 N1 N1 N1 N2 N2 N2 N2 N2 N2 N2 N2 N2 N2 N2 N2 N2 N2 N2 N2 N2 W N1 N1 N1 N2 N2 N2 N2 N2 N2 N2 REM REM REM REM REM REM REM REM REM REM REM REM REM REM REM REM REM W W W W W W W W W N1 N1 N1 N1 N1 N1 N1 N1 N1 N1 N1 N2 N2 N2 N2 N2 N2 N2 N2 N2 N2 N2 N2 REM REM N1 N1 N1 N1 N1 N1 N1 N1 N1 N1 N1 W W W W W W W W W W W W W W W W W W W W W W W W W W W W W W W W W W W W W W W W W W W W W W W W W W W W W W W W W W W W W W W W W W W W W W W W W W W W W W W W W W W W W W W W W W W W W W W W W W W W W W W W W W W W W W W W W W W W N1 N1 N1 N1 N1 W W W W W W N1 N1 N2 N2 W N1 N1 N1 W W W W W W W W W W W W W W W W W W W W W W W W W W W W W W W W W W W W W W W W W W W W W W W W W W W W W W W W W W W W,processed_sleepedf/spectral/SC4711E0-PSG_spectral.pt
processed_sleepedf/tensors/SC4712E0-PSG.pt,W W W W W W W W W W W W W W W W W W W W W W W W W W W W W W W W W W W W W W W W W W W W W W W W W W W W W W W W W W W W N1 W W W W W W W W W W W W W W W N1 W N1 N1 W N1 W N1 W W W W W W W W W W W W W W W W W W W W W W W W W W W W W W W W W W W W W W W W W W W W W W W W W W W W W W W W W W W W W W W W W W W W W W W W W W W W W W W W W W W W W W W W W W W W W W W W W W W W W W W W W W W W W W W W W W N1 N1 N1 N1 W N1 N1 W W W W W W W W W W W W N1 N1 W N1 W W W W W W W W W W W W W W W W W W W W W W W W W W W W W W W W W W W W W W W W W W W N1 N1 N1 W W W W W W W W W W W W W W N1 N1 W W W W W W W W W W W W W W W W W W W W W W W N1 N1 N1 N1 N1 N1 N1 N1 N1 N1 N2 N1 N1 W W W W W W W W W W W W W W W W W W W W W W W W W W W W W W W W N1 W N1 N1 N1 N1 N1 N1 N1 N1 N2 N2 N2 N2 N2 N2 N2 N2 N2 N2 N2 N1 N1 N2 N2 N2 N2 N2 N2 N2 N2 N2 N2 N2 N2 N2 N2 N2 N2 N2 N2 N2 N2 N1 N1 N2 N2 N2 N1 REM REM REM REM REM REM REM REM REM N1 N1 REM REM REM REM REM REM REM REM REM REM N1 N1 N1 N2 N1 N1 N1 N1 N2 N1 N1 N2 N1 N2 N2 N2 N2 N2 N2 N2 N2 N2 N2 N2 N2 N2 N2 N2 N2 N2 N2 N2 N2 N2 N2 N2 N2 N2 N2 N2 N2 N2 N2 N2 N2 N2 N2 N1 N1 N1 N1 N1 W N1 N1 N1 N1 N1 N2 N1 N1 N2 N2 N2 N2 N2 N2 N2 N2 N1 N1 N1 N2 N2 N2 N2 N2 N2 N2 N2 N2 N2 N2 N2 N2 N2 N2 N2 N2 N2 N2 N2 N2 N2 N2 N2 N2 N2 N2 N2 N2 N2 N2 N2 N2 N2 N2 N2 N2 N2 N2 REM REM REM REM N1 REM N1 REM REM W N1 N1 N1 N1 N1 REM REM REM REM REM REM REM REM REM N1 REM REM REM REM REM REM REM REM N1 N1 N1 N1 N1 N1 N1 N1 N1 N1 N1 N1 N1 N1 N1 N1 N2 N2 N2 N2 N2 N2 N2 N2 N2 N2 N2 N2 N2 N1 N2 N2 N1 N1 N2 N1 N1 N1 N1 N1 N1 N2 N2 N1 N1 N1 N1 N1 N1 N2 N2 N2 N2 N2 N2 N2 N2 N2 N2 N2 N2 N2 N2 N2 N2 N2 N2 N2 N2 N2 N2 N2 N2 N2 N2 N2 N2 N2 N2 N2 N2 N1 N1 N1 N1 N1 W W W W W W W W W W W W N1 W W W W W N1 N1 N1 N1 N1 N1 N1 N1 N1 N1 N2 N2 N2 N2 N2 N2 N2 N2 N2 N2 N2 N2 N2 N2 N2 N2 N2 N2 REM REM REM REM REM REM W W REM REM REM REM REM REM REM REM REM REM REM REM REM REM REM REM W W W W W N1 N1 N1 N1 N1 N1 N1 N1 W N1 N1 N1 N1 N1 N1 N1 N2 N1 N2 N2 N2 N2 N2 N2 N2 N2 N2 N2 N2 N2 N2 N2 N2 N2 N2 N2 N2 N2 N2 N2 N2 N2 N2 N2 N2 N2 N2 N2 N2 N2 N2 N2 N2 N2 N2 N2 N2 N2 N2 N2 N2 N2 N2 N2 N2 N2 N2 N2 N2 N2 N2 N2 N2 N1 W W N1 W N1 W N1 N1 N1 N1 N1 N1 N2 N2 N2 N2 N2 N2 N2 N2 N2 N2 N2 N2 N2 N2 N2 N2 N2 N2 N2 N2 N2 N2 N2 N2 N2 N2 N2 N1 N1 W N1 N1 N1 N1 N2 N2 N2 N2 N2 N2 N2 N2 N2 N2 N2 N2 N2 REM REM REM REM REM REM REM REM REM REM W W N1 N1 N1 N1 W N1 N1 N1 N1 N1 N2 N2 N2 N2 N2 N2 N2 N2 REM REM N1 REM REM REM REM REM REM REM REM REM REM REM REM N1 REM REM REM REM N1 N1 N1 W W W W N1 W N1 N1 W N1 N1 N1 N1 N1 N1 N1 N1 W W N1 N1 N1 N1 N1 N1 N1 N1 N1 N2 N2 N2 N2 N2 N2 N2 N2 N2 N2 N2 N2 N2 N2 N2 N2 N2 N2 N2 N2 N2 N2 N2 N2 N2 N2 N2 N2 N2 N2 N2 N2 W N1 N1 N1 N1 N2 N2 N2 N2 N2 N2 N2 N2 N2 N2 N2 N2 N2 N2 N2 N2 N2 N2 N2 N2 N2 N2 N2 N2 N2 N2 N2 N2 N2 N2 N2 N2 N2 N2 N2 N2 N2 N2 N2 N2 N2 N2 N2 N2 N2 N2 N2 REM REM REM REM REM REM REM REM REM REM REM W W N1 N1 N1 N1 N1 REM REM REM REM W N1 REM REM REM REM REM REM REM REM N1 N1 N1 N1 N1 N1 N1 W N1 N2 N2 W N1 N1 N1 N1 N1 N1 N1 N2 N2 W N1 N1 N1 N2 N1 N2 N2 N2 N2 N2 N2 N2 N2 N2 N2 N2 N2 N2 N2 N2 N2 N2 N2 N2 N2 N2 N2 N2 N2 N2 N2 N2 N2 N2 N2 N2 N2 N2 N2 N2 N2 N2 N2 N2 N2 N2 N2 N2 N2 N2 N2 N2 N2 N2 N2 N2 N2 N2 N2 N2 N2 N2 N2 W N1 N2 N2 N2 N2 N2 N2 N1 N1 N2 N2 N1 N1 N1 N1 N2 N2 N2 N2 REM REM REM REM REM REM REM REM REM REM REM REM REM REM REM REM REM REM REM N1 W W W W W W W W W W W W W W W W W W W W W W W W W W W W W W W W W W W W W W W W W W W W W W W W W W W W W W W W W W W W,processed_sleepedf/spectral/SC4712E0-PSG_spectral.pt
processed_sleepedf/tensors/SC4721E0-PSG.pt,W W W W W W W W W W W W W W W W W W W W W W W W W W W W W W W W W W W W W W W W W W W W W W W W W W W W W W W W W W W W N1 N1 N1 N1 N1 N1 W N1 N1 N1 N1 N1 N1 N1 N1 N2 W W W W W W W W W W W N1 N1 N1 N1 N1 N1 N1 N1 N1 N1 N1 N1 N1 N1 N2 N2 N2 N2 N2 N2 N2 N2 N2 N2 N2 N2 N2 N2 N2 N2 N2 N2 N2 N2 W N1 N1 N1 N1 N1 N2 N2 N2 N2 N2 N2 N2 N2 N2 N2 N2 N2 N2 N2 N2 N2 N2 N2 N2 N2 N2 N2 N2 N2 N2 N2 N2 N2 N2 N2 N2 N2 N2 N2 N2 N2 N2 N2 N2 N2 N2 N2 N2 N2 N2 N2 N2 N2 N2 N2 N2 N2 N2 N2 N2 N2 N2 REM REM REM REM REM REM REM REM REM REM REM REM REM REM REM REM REM REM REM REM REM REM REM REM REM REM REM REM REM REM REM REM REM REM REM REM REM REM REM REM REM REM REM REM REM REM REM REM REM REM REM REM REM REM REM REM W W W W N1 N1 N1 N1 W W W W N1 N1 N1 N1 N1 N1 N1 N1 N2 N2 N2 N2 N2 N2 N2 N2 N2 N2 N2 N2 N2 N2 N2 N2 N2 N2 N2 N2 N2 N2 N2 N2 N2 N2 N2 N2 N2 N2 N2 N2 N2 N2 N2 W W W W W W W W W N1 N1 N1 N1 N1 N2 N2 N2 N2 N2 N2 W W N2 W W W W W W W W W W W W W W W W W W W W W W N1 W N1 N1 N1 N1 N1 N1 N1 W W W W W W W N1 N1 N1 N1 N1 N1 N1 W N1 N1 N2 N2 N2 N2 N2 N2 N2 N2 N2 N2 N2 N2 N2 N2 N2 N2 N2 N2 N2 N2 N2 N2 N2 N2 N2 N2 N2 N2 N2 N2 N2 N2 N2 N2 N2 N2 N2 N2 N2 N2 N2 N2 N2 N2 N2 N2 N2 N2 N2 N2 N2 N2 N2 N2 N2 N2 N2 N2 N2 N2 N2 N2 N2 N2 N2 N2 N2 N2 N2 N2 N2 N2 N2 N2 N2 N2 N2 N2 N2 REM REM REM REM REM REM REM REM REM REM REM REM REM REM REM REM REM REM REM REM REM REM REM REM REM REM REM REM REM REM REM REM REM REM W W W W W W W W W W W W W W W W W W W W N1 N1 N1 N1 N1 N1 N1 N1 N1 N1 N1 N1 N1 N1 N1 N1 N1 N1 N1 N1 N1 N1 N1 N1 N1 N1 N1 N1 N2 N2 N2 N2 N2 N2 N2 N2 N2 N2 N2 N2 N2 N2 N2 N2 N2 N2 N2 N2 N2 N2 N2 N2 N2 N2 N2 N2 N2 N2 N2 N2 N2 N2 N2 N2 N2 N2 N2 N2 N2 N2 N2 N2 N2 N2 N2 N2 N2 N2 N2 N2 N2 N2 N2 N2 N2 N2 N2 N2 N2 N2 N2 N2 N2 N2 N2 N2 N2 N2 N2 N2 N2 N2 N2 N2 N2 N2 N2 N2 N2 N2 N2 N2 N2 N2 N2 N2 N2 N2 N2 N2 N2 N2 N2 REM REM REM REM REM REM REM REM REM REM REM REM REM REM REM REM REM REM REM REM REM REM REM REM REM REM REM REM REM REM REM REM REM REM REM REM REM REM REM REM REM REM N1 N1 N1 N1 N1 N1 N1 N2 N1 N1 W N1 W N1 W N1 N1 N1 N1 N1 N1 W N1 N1 N1 N1 N1 N1 N1 N1 N1 N1 N1 N1 N1 N1 N1 N1 N1 N1 N1 N2 N2 N2 N2 N2 N2 N2 N2 N2 N2 N2 N2 N2 N2 N2 N2 N2 N2 N2 N2 W W W W W W W W W W W W N1 N1 N1 N1 N1 N1 N1 N1 W W W W W W N1 N1 N1 N1 N1 N1 N1 N1 N1 N1 N1 W N1 N1 N1 N1 N1 N1 N1 N1 N1 N1 N1 N1 W W W W N1 W N1 W N1 N1 N1 N1 N1 N1 N1 N1 N1 N1 N1 N1 N1 N1 N1 N1 N1 N1 N1 N1 REM REM REM REM REM REM REM REM REM REM REM REM REM REM REM REM REM REM REM REM REM REM REM REM REM REM REM REM REM REM REM REM REM REM REM REM REM REM REM REM REM REM W W W W W N1 N1 N1 N1 N1 N1 N1 N1 N1 N1 N1 N1 N2 N2 N2 N2 N2 N2 N2 N2 N2 N2 N2 N2 N2 W W W N1 N1 N1 N1 N1 N1 N1 N1 N1 N1 N1 N1 N1 N1 N1 N1 N1 N1 N1 N1 N1 N1 N1 N1 N1 N1 N1 N1 N1 N1 N1 W W W W W N1 N2 N2 N2 N2 N2 N2 N2 N2 N2 N2 N2 N2 N2 W W W W W N1 N1 N1 N1 N1 N1 N1 N1 N1 N1 W W N1 N1 N1 N1 N1 N1 N1 N1 N1 N1 N1 N1 N1 N1 N1 N1 N1 W W W W W N1 N1 N1 N1 W W W W W W W W W W W W W W W W W W W W W W W W W W W W W W W W W W W W W W W W W W W W W W W W W W W W W W W W W W W W,processed_sleepedf/spectral/SC4721E0-PSG_spectral.pt
processed_sleepedf/tensors/SC4722E0-PSG.pt,W W W W W W W W W W W W W W W W W W W W W W W W W W W W W W W W W W W W W W W W W W W W W W W W W W W W W W W W W W W W N1 N1 N1 N1 N1 N1 N1 N1 N1 N1 N1 N1 N1 N1 N1 N1 N1 N1 N1 N1 N1 N1 N1 N1 N1 N1 N1 N1 N2 N2 N2 N2 N2 N2 N2 N2 N2 N2 N2 N2 N2 N2 N2 N2 N2 N2 N2 N2 N2 N2 N1 N2 N2 N2 N2 N2 N2 N2 N2 N2 N2 N2 N2 N2 N2 N2 N2 N2 N2 N2 N2 N2 N2 N2 N2 N2 N2 N2 N2 N2 N2 N2 N2 N2 N2 N2 N2 N2 N2 N2 N2 N2 N2 N2 N2 N2 N2 N2 N2 N2 N2 N2 N2 N2 N2 N2 N2 N1 W W W W W N1 N1 W N1 N1 N1 N2 N2 N2 N2 N2 N1 N2 N2 N2 N2 N2 N2 N2 N1 N1 N2 N2 N2 N2 N2 N2 N1 N1 N1 N1 N1 N1 N1 N2 N1 N1 N1 N2 N2 N2 N2 N2 N2 N2 N2 N2 N2 N2 N2 N2 N2 N2 N2 N2 N2 N2 N2 N2 REM REM REM REM REM REM REM REM REM REM REM REM REM REM REM N2 REM REM REM REM REM REM REM REM REM REM REM REM REM REM REM REM REM REM REM REM REM REM REM REM REM REM REM REM REM REM REM REM REM REM REM REM REM REM REM REM REM REM REM REM REM REM REM REM REM N1 N1 N1 N1 N1 N1 N1 N1 N1 N1 N1 N1 N1 N1 N1 N1 REM W W W W W W W W W W W W W W W W W W W W W W W W W W W W W W W W W W W W W W W N1 N1 N1 N1 W N1 N1 N1 W N1 N1 N1 N1 N1 N1 N1 N1 N1 N1 N1 N1 N1 N2 N2 N2 N2 N2 N2 N2 N2 N2 N2 N2 N2 N2 N2 N2 N2 N2 N2 N2 N2 N2 N2 N2 N2 N2 N2 N2 N2 N2 N2 N2 N2 N2 N2 N1 N2 N2 N2 N2 N2 N2 N2 N2 N2 N2 N2 N2 N2 N2 N2 N2 N2 N2 N2 N2 N2 N2 N2 N2 N2 N2 N2 N2 N2 N2 N2 N2 N2 N2 N2 N2 N2 N2 N2 N2 N2 N2 N2 N2 N2 N1 N2 N2 N2 N2 N2 N2 N2 N1 N1 N2 N1 N1 N2 N2 N2 N2 N2 N1 N2 N2 N2 N2 N2 N2 REM REM REM REM REM REM REM REM REM REM REM REM REM REM REM REM REM REM REM REM REM REM REM REM REM REM REM REM REM REM REM REM N1 REM REM REM REM N1 REM REM N1 N1 W W W W W N1 N1 N1 N1 N1 N1 N2 N2 N2 N2 N2 N2 N2 N2 N2 N2 N2 N2 N2 N1 N2 N2 N2 N2 N2 N2 N2 N2 N2 N2 N2 N2 N2 N2 N2 N2 N2 N2 N2 N2 N2 N2 N2 N2 N2 N2 N1 N2 N2 N2 N2 N2 N2 N2 N2 N2 N2 N2 N2 N2 N2 N2 N2 N2 N2 N2 N2 N2 N2 N2 N2 N2 N2 N2 N2 N2 N2 N2 N2 N2 N2 N2 N2 N2 N2 N2 N2 N2 N2 REM REM REM REM REM REM REM REM REM REM REM REM REM REM REM REM REM REM REM REM REM REM REM REM REM REM REM REM REM REM REM REM REM N1 W N1 N1 N1 N1 N1 N2 N2 N2 N2 N2 N1 N2 N2 N2 N2 N2 N2 N2 N2 N2 N2 N2 N2 N2 N2 N2 N2 N2 N2 N2 N2 N2 N2 N2 N2 N2 N2 N2 N2 N2 N2 N2 W W W W N1 N1 N2 N1 N2 N2 N2 N2 N2 N2 N2 N1 N2 N2 N2 N2 N2 N2 N2 N2 N2 N2 N2 N2 N2 N2 N2 N2 N2 N2 N2 N2 N2 N2 N2 N2 N2 N1 N1 N2 N2 N2 N2 N2 N2 N2 N2 N2 N2 N2 N2 N2 N2 N2 N2 N2 N2 N2 N2 N2 N2 N2 N1 N2 N2 N2 N2 N2 N2 N2 N2 N2 N2 N2 N2 N2 N2 W W W W W W N1 N1 N1 W W W W W N1 N1 N1 N1 N1 W W W W W W W W W W W W W W W W W W W W W W W W W W W W W N1 N1 W W W W W W W W W N1 N1 N1 N1 W N1 N1 W N1 N1 N1 N1 N1 N1 N1 N1 N1 N1 N1 N1 W W W N1 N1 N1 N1 N1 N1 N1 N1 N1 N1 N1 N1 N1 N2 N2 N2 N2 N2 N2 N1 N2 N2 N2 N2 N2 N2 N1 N1 W W W W W W N1 N1 N1 N1 N1 N1 N1 N1 N1 N2 N2 W W W W W W N1 N1 N1 N1 N1 N1 N1 N1 N1 N1 N1 N1 N1 N2 N2 N2 N2 N2 N2 N2 N2 N1 W W W W W W W W W W W W W W W W W W W W W W W W W W W W W N1 N1 W W W N1 W N1 W N1 W N1 W W W W W W W W W W W W W W N1 N1 N1 N1 N1 N1 N1 W N1 N1 N1 N1 N1 N1 W N1 N1 N1 W N2 N2 W N2 N2 N1 W N1 N1 W N2 N2 N1 N2 N1 W N2 N1 N2 N1 N2 N2 N1 N1 N1 W N2 N2 N1 N1 N1 N1 N1 N1 W W W N1 N1 N1 W W N1 W N2 N2 N1 N1 N1 N2 N1 N1 N1 N1 N1 W N1 N2 W N1 N1 N2 W W N1 N1 N1 W W W W W W W W W W W W W W W W W W W W W W W W W W W W W W W W W W W W W W W W W W W W W W W W W W W W W W W W W W W W,processed_sleepedf/spectral/SC4722E0-PSG_spectral.pt
processed_sleepedf/tensors/SC4731E0-PSG.pt,W W W W W W W W W W W W W W W W W W W W W W W W W W W W W W W W W W W W W W W W W W W W W W W W W W W W W W W W W W W W N1 N1 N1 N1 W N1 N1 N1 N1 N1 N1 N1 N1 N1 W N1 W W N1 N1 N1 N1 N1 N1 N1 N1 N1 N1 N2 N2 N2 N1 N2 N2 N2 N2 N2 N2 N2 N2 N2 W W W W W W W W W W W W W W W W W W W W W W W W W W W W W W W W W W W W W W W W W W W W W W W W W W W W W W W W W W W W W W W W W W W W W W W W W W W W W W W W W W W W W W W W W W W W W W W W W W W W W W W W W W W W W W W W W W W W W W W W W W W W W W W W W W W W W W W W W W W W W W W W W W W W W W W W W W W W W W W W W W W W W W W W W W W W W W W W W W W W W W W W W W W W W W W W W W W W W W W W W W W W W W W W W W W W W W W W W W W W W W W W W W W W W W W W W W W W W W W W W W W W W W W W W W W W W W W W W W W W W W W W W W W W W W W W W W N1 N1 W W W W W W W W W W W W W N1 N1 N1 N1 N1 N1 N1 N1 N1 W W W W W W W W W W W W W W W W W W W W W W W W W W W W W W W W W W W W W W W W W W W W W W W W W W W W W W W W W W W W W W W W W W W W W W W W W W W W W W W W W W W W W W W W W W W W W W W W W W W W W W W W W W W W W W W W W W W W W W W W W W W W W W W W W W W W W W W W W W W W W W W W W W W W W W W W W W W W W W W W W W W W W W W W W W W W W W W W W W W W W W W W W W W W W W W W W W W W W W W W W W W W W W W W W W W W W W W W W W W W W W W W W W W W W W W W W W W W W W W W W W W W W W W W W W W W W W W W W W W W W W W W W W W W W W W W W W W W W W W W W W W W W W W W W W W W W W W W W W W W W W W W W W W W W W W W W W W W W W W W W W W W W W W W W W W W W W W W W W W W W W W W W W W W W W W W W W W W W W W W W W W W W W W W W W W W W W W W W W W W W W W W W W W W W W W W W W W W W W W W W W W W W W W W W W W W W W W W W W W W W W W W W W W W W W W W W W W W W W W W W W W W W W W W W W W W W W W W W W W W W W W W N1 N1 N1 N1 N1 N1 N1 N2 N1 N1 N1 W W W N1 N1 N1 N1 N1 N2 N2 N2 N2 N2 N2 N2 N2 N2 N2 N2 N2 N2 N2 N2 N1 N1 N2 N2 N2 N2 N2 N2 N2 N2 N2 N2 N2 N2 N2 N2 N2 N2 N2 N2 N2 REM REM REM REM REM REM REM REM REM REM REM REM N1 N1 N1 N2 N2 N2 REM REM REM N1 REM REM REM REM REM REM REM REM REM REM REM REM REM REM REM REM REM N1 N1 N1 N1 N1 N1 N2 N2 N2 N2 N2 N1 N1 N1 N1 N1 N1 N1 N1 N1 N1 N2 N2 N2 N2 N2 N2 N2 N2 N2 N1 N2 N2 N2 N2 N2 N2 N2 N2 N2 N2 N2 N2 N2 N2 N2 N2 N2 N2 N2 N2 N2 N2 N2 N2 N2 N2 N2 N2 N2 N2 N2 N2 N2 N2 N2 N2 N2 N1 N2 N2 N2 N2 N2 N2 N2 N2 N2 N2 N2 N2 N2 N2 N2 N2 N2 N2 N2 N2 N2 N2 N2 N2 N2 N2 N2 N2 N2 N2 N2 N2 N2 W W W W W W W W W W W W W W W W W W W W W W W W W W W W W W N1 N1 W W W W W W W W W W W W W W W W W W W W W W W N1 N1 N1 N1 N1 N1 N1 N1 N1 N1 N1 N1 N1 N1 N1 N2 N2 N1 N1 N1 N1 N1 N1 N2 N2 N2 N2 N2 N2 N2 N1 W W W W W N1 N1 N1 N1 N1 N1 N2 N2 N2 N2 N2 N2 N2 N1 N1 N1 N2 N2 N2 N2 N2 N2 N2 N1 N1 N2 N2 N2 N2 N2 W N1 N1 N1 N1 N1 N1 N1 N1 N1 N1 N1 N1 N1 N1 REM REM REM REM REM REM REM REM REM REM N1 N1 W N1 N1 N2 N2 N2 N2 N2 N2 N2 N2 N2 N2 N2 N2 N2 N2 N2 N2 REM REM REM REM REM REM REM REM REM REM REM REM REM REM REM REM REM REM REM REM REM REM REM REM REM REM REM REM REM REM REM REM REM REM REM REM REM REM REM N1 N1 W N1 N1 N1 N1 N1 N1 N1 N2 N2 N2 N2 N2 N2 N2 N2 N2 N2 N2 N2 N2 N2 N2 N2 N2 N2 N2 N2 N2 N2 N2 N2 N2 N2 N2 N2 N2 N2 N2 N2 N2 N2 N2 N2 N2 N2 N2 N2 N2 N2 N2 N2 N2 N2 N2 N2 N2 N2 N2 N2 N2 N2 N2 N2 N2 N2 N2 N2 N2 N2 N2 N2 N2 N2 N2 N2 N2 N2 N2 N2 N2 N1 N1 N2 N2 N2 N1 N1 N2 N2 N2 N2 N2 N2 N2 N2 N2 N2 N2 N2 N2 N2 N2 N2 N2 N2 N2 N2 N2 N2 N2 N2 REM REM REM REM REM REM REM REM REM REM REM REM N1 N1 N1 N1 N2 N2 N2 W W W W W W W W W W W W N1 N1 N1 N1 N1 N1 N1 N1 N2 N2 N2 N2 N2 N2 N2 N2 N2 N2 N2 N2 N2 N2 N2 N2 N2 N2 REM REM REM REM REM REM REM REM REM REM REM REM REM REM REM REM REM REM REM REM REM REM REM REM REM REM REM REM REM REM REM REM REM REM REM REM REM REM REM REM REM REM N1 W W W W W W W W W W W W W W W W W W W W W W W W W N1 N1 W W W N1 N1 N1 W N1 N1 N1 N1 N1 N1 W N1 N1 N2 N2 N2 N2 N2 N2 N2 N2 N2 N2 N2 N2 N2 N2 N2 N2 N2 N2 N2 N2 N2 N2 N2 N2 N2 N2 N2 N2 N2 N2 N2 N2 N2 N2 N2 N2 N2 N2 N2 N2 N2 N2 N2 N2 N2 N2 N2 N2 N2 N2 N2 N2 N2 N2 N2 N2 N2 N1 N1 N2 N2 N2 N2 N2 N2 N2 N2 N2 N2 N2 N1 N2 N2 N2 N2 N2 N2 N2 N2 N2 N1 N2 N2 N2 N2 N2 N2 N2 N2 N2 N2 N2 N2 N2 N2 N2 N2 N2 N2 N2 W W N1 N1 N1 N2 N2 N2 N2 N2 N2 N2 N2 N2 N2 N2 N2 N2 N2 N2 N2 N2 N2 N2 N2 N2 N2 N2 N2 N2 N2 N2 N2 N2 N2 N2 N2 N2 N2 N2 N2 N1 W W N1 N1 W N1 W W W W N1 N1 N1 W W W W W W N1 W W W N1 W W W W W W W W W W W W W W W W W W W W W W W W W W W W W N1 W W W W W N1 N1 N1 N1 W W W W W W W W W W W W W W W W W W W W W W W W W W W W W W W W W W W W W W W W W W W W W W W W W W W W W W W W W W W W W W W W W W W W W W W W W W W W W W W W W W W W W W W W W W W W W W W W W W W W W W W W W W W W W W W W W W W W W W W W W W W W W W W W W W W W W W W W W W W W W W W W W W W W W W W W W W W W W W W W W W W W W W W W W W W W W W W W W W W W W W W W W W W W W W W W W W W W W W W W W W W W W W W W W W W W W W W W W W W W W W W W W W W W W W W W W W W W W W W W W W W W W W W W W W W W W W W W W W W W W W W W W W W W W W W W W W W W W W W W W W W W W W W W W W W W W W W W W W W W W W W W W W W W W W W W W W W W W W W W W W W W W W W W W W W W W W W W W W W W W W W W W W W W W W W W W W W W W W W W W W W W W W W W W W W W W W W W W W W W W W W W W W W W W W W W W W W W W W W W W W W W W W W W W W W W W W W W W W W W W W W W W W W W W W W W W W W W W W W W W W W W W W W W W W W W W W W W W W W W W W W W W W W W W W W W W W W W W W W W W W W W W W W W W W W W W W W W W W W W W W W W W W W W W W W W W W W W W W W W W W W W W W W W W W W W W W W W W W W W W W W W W W W W W W W W W W W W W W W W W W W W W W W W W W W W W W W W W W W W W W W W W W W W W W W W W W W W W W W W W W W W W W W W W W W W W W W W W W W W W W W W W W W W W W W W W W W W W W W W W W W W W W W W W W W W N1 W W W W W W W W W W W W W W W W W W W W W W W W W W W W W W W W W W W W W W W W W W W W W W W W W W W W W W W W W W W W W W W W W W W W N1 N1 W N1 W W N1 N1 N1 N1 N1 N1 N2 N2 N2 N2 N2 N2 N2 N2 N2 N2 N1 N1 N2 N2 N2 N2 N2 N2 W W W W W W W W W W W W N1 W N1 N1 N1 N1 N1 N1 N1 W W W W W W W W W W W W W W W W W W W W W W W W W W W W W W W W W W W W W W W W W W W W W W W W W W W W W W W W W W W W W W W W W W W W W W W W W W W W W W W W W W W W W W W W W W W W W W W W W W W W W W W W W W W W W W W W W W W W W W W W W W W W N1 N1 N1 N1 N1 N1 N1 N2 N2 N2 N2 N2 N2 N2 N2 N2 N2 N2 N2 N2 N2 N2 N2 N2 N2 N2 W W W W W W W N1 N1 N1 N1 N1 N2 N2 N2 N2 N1 N1,processed_sleepedf/spectral/SC4731E0-PSG_spectral.pt
processed_sleepedf/tensors/SC4732E0-PSG.pt,W W W W W W W W W W W W W W W W W W W W W W W W W W W W W W W W W W W W W W W W W W W W W W W W W W W W W W W W W W W W N1 W W W W W W W W W N1 N1 W W N1 W N1 N1 N1 N1 W W W W W N1 W W N1 N1 W W W N1 N1 W W N1 W N1 N1 N1 N1 N1 N1 W N1 N1 N1 N1 N1 N1 N1 N1 N1 N1 N1 N1 N1 N1 N1 N1 N1 N1 N1 N1 N2 N2 N1 N2 W W W W W W W W W W W W W W W W W W W W W W W W W W W W W W W W W W W W W W W W W W W W W W W W W W W W W W W W W W W W W W W W W W W W W W W W W W W W W W W W W W W W W W W W W W W W W W W W W W W W W W W W W W W W W W W W W W W W W W W W W W W W W W W W W W W W W W W W W W W W W W N1 W W W W W N1 W W W N1 N1 W N1 W N1 W N1 N1 N1 W W W W W W W W W W W W W W W W W W W W W W W W W W W W W W W W W W W W W W W W W W W W W W W W W W W W W W W W W W W W W W W W W W W W W W W W N1 W W N1 W W W W W W W W W W W W W W W W W W W W W W W W W W W W W W W W W W W W W W W W W W W W W W W W W W W W W W W W W W W W W W W W W W W W W W W W W W W W W W W W W W W W W W W W N1 N1 W W W W W W W W W W W N1 N1 N1 N1 N1 N1 N1 N1 N1 N1 W W W N1 W W W W W W W W N1 W N1 N1 N1 W W W W W W W W W W W N1 W W W W W W W W W W W W W W W W W W N1 N1 N1 W W W W W W W W W W W W W W W W W W W W W W W W W W W W W W W W W W W W W W W W W W W W W W W W W W W W W W W W W W W W W W W W W W W W W W W W W W W W W W W W W W W W W W W W W W W W W W W W W W W W W W W N1 W W W W W W W W W W N1 W W W W W N1 W W W W W W W W W W W W W W W W W W W W W W W W W W W W W W W W W W W W W W W W W W W W W W W W W W W W W W W W W W W W W W W W W W W W W W W W W W W W W W W W W W W W W W W W N1 N1 N1 N1 N1 N1 N1 N1 W N1 N1 N1 N1 N1 N1 N1 N1 N1 N1 N1 N1 N1 N1 N1 N1 N1 N1 N1 N1 N1 N1 N1 N2 N2 N2 N2 N2 N2 N2 N2 N2 N2 N2 N2 N2 N2 N2 N1 N2 N2 N2 N2 N2 REM REM REM REM REM REM REM REM REM REM REM REM REM REM REM REM REM REM REM REM REM REM REM REM REM REM REM REM REM N1 N1 N1 N1 N1 N1 N1 N1 N1 N1 N1 N1 N1 N1 N1 N1 N1 N1 N1 N1 N1 N1 N1 N1 N1 N1 N1 N1 N1 N1 N1 N1 N1 N1 N1 N1 N2 N2 N1 N1 N2 N2 N1 N1 N1 N1 N1 N1 N1 N1 N2 N2 N2 N2 N2 N2 N2 N2 N2 N2 N2 N2 N2 N2 N2 N2 N2 N2 N2 N2 N2 N2 N2 N2 N2 N2 N2 N2 N2 N2 N2 N2 N2 N2 N2 N2 N2 N1 N1 N1 N1 N1 N1 N1 N1 N1 W N1 W W W W W W N1 W N1 N1 N1 N1 N1 N2 N2 N2 N2 N2 N2 N2 N2 N2 N2 N2 N2 N2 N2 N2 N2 N2 N2 N1 N1 N1 N1 N2 N2 N2 N2 N2 N1 N1 N1 N2 N1 N1 REM REM REM REM REM REM REM REM REM REM REM REM REM REM REM REM REM REM REM REM REM REM REM REM REM REM REM REM REM REM REM REM REM REM W W N1 N1 N1 N1 N1 N1 N1 N1 N1 N1 N2 N2 N2 N2 N2 N2 N2 N2 N2 N2 N2 N2 N2 N2 N1 N1 N1 N1 N1 N2 N1 N1 N1 N2 N2 N2 N2 N2 N2 N2 N2 N2 N2 N2 N2 N2 N2 N2 N2 N2 N2 N2 N2 N2 N1 N2 N2 N2 N2 N2 N2 N2 N2 N2 N2 N2 N2 N2 N2 N2 N1 N1 N2 N2 N2 N2 N2 N2 N2 N2 N2 N2 N2 N2 N2 N2 N2 N2 N2 N2 N2 N2 N2 N2 N2 N2 N2 N2 N2 N2 N2 N2 N2 N2 N2 N2 N2 N1 N2 N2 N2 N2 N2 N2 N2 N2 N1 N2 N1 N1 N1 N1 N1 N1 W N1 W N1 N1 N1 N1 N1 N1 N1 N1 N1 N1 N1 N1 N2 N2 N2 N2 N2 N2 N2 N2 N2 REM REM REM REM REM REM REM REM REM REM REM REM REM REM REM REM REM REM REM REM REM REM REM REM REM REM REM REM REM REM N1 N1 N1 N1 N1 N1 N1 N1 N1 N1 N1 N1 N1 N1 N1 N1 N1 N1 N1 N2 N2 N2 N2 N2 N2 N2 N2 N1 N1 N1 N1 N1 N1 N1 N1 N1 N1 N2 N2 N2 N2 N2 N2 N2 N2 N2 N2 N2 N2 N2 N2 N2 N2 N2 N2 N2 N2 N2 N2 N2 N2 N2 W W N1 W W N1 N1 W N1 N1 N1 N1 N1 N1 N1 N1 N1 N1 N2 N1 N1 N1 N1 N1 N1 W W W W W N1 N1 N1 W W W W W W W W N1 W N1 W W W W W W N1 N1 W W W N1 N1 N1 N1 N1 N1 N1 N1 N1 N1 N1 N1 N1 N1 N2 N2 N2 N2 N2 N2 N2 N2 N2 N2 N1 N1 N1 N1 N1 N2 N2 N2 N2 N2 N2 N2 N2 N2 N2 N2 N2 N2 REM REM REM REM REM REM REM REM REM REM REM REM REM REM REM REM REM REM N1 N1 N1 REM REM REM REM REM N1 N1 N1 N2 N2 N2 N2 N2 N2 N2 N2 N2 N2 N2 N2 N2 N2 N2 N2 N2 N2 N2 N2 N2 N2 N2 N2 N2 N2 N2 N2 N2 N2 N2 N2 N2 N2 N2 N2 N2 N1 N1 N1 N1 N1 N1 N1 N2 N2 N2 N2 N2 N2 N1 N1 N1 N2 N2 N2 N2 N2 N2 N2 N2 N2 N2 N2 N2 N2 N2 N2 N2 N2 N2 N2 N2 N2 N2 N2 N2 N2 N2 N2 N2 N2 N2 N2 N2 N2 N2 N2 N2 N2 N2 N2 N2 W W W N1 N1 N1 N1 N1 N1 N1 N1 N1 N2 N2 N1 N1 N1 N2 N2 N2 N2 N2 N2 N2 N2 REM REM REM REM REM REM W REM REM REM N1 N1 N2 N2 N2 N2 N2 N2 N2 N2 N2 N2 REM REM REM REM REM REM REM REM REM REM REM N1 N1 N1 N1 N1 N1 N1 N1 N1 N2 N1 N1 N1 N1 N1 N1 N1 N1 N1 N1 N1 N2 W W W W W W W W W W W W W W W W W W W W W W W W W W W W W W W W W W W W W W W W W W W W W W W N1 W N1 W W W W W N1 W N1 W N1 N1 W W N1 W W W N1 N1 N1 N1 N1 N1 N1 N1 N1 N1 N1 N1 N1 N1 N1 N1 N1 N1 N1 N1 N1 W N1 N1 N1 N1 N1 N1 N1 N1 N1 N1 N1 N1 W W W W N1 N1 N1 N1 N1 N1 N1 N1 N1 N1 N1 N1 N1 N1 N1 N1 W N1 W W W W N1 N1 N1 W W W W W W W W W W W W W W W W W W W W W W W W W W W W W W W W W W W W W W W W W W W W W W W W W W W W W W W W W W W W W W W W W W W W W W W W W W W W W W W W W W W W W W W W W W W W W W W W W W W W W W W W W W W W W W W W W W W W W W W W W W W W W W W W W W W W W W W W W W W W W W W W W W N1 W N1 W N1 W W N1 N1 W W W W W W W W W W W W W W W W W W W W N1 W W W W W W W W W W W W W W W W W W W W W W W W W W W W W W W W W W W W W W W W W W W W W W W W W W W W W W W W W W W W W W W W W W W W W W W W W W W W W W W W W W W W W W W W W W W W W W W W W W W W W W W W W W W W W W W W W W W W W W W W W W W W W W W W W W W W W W W W W W W W W W W W W W W W W W N1 W W W W W W W W N1 W W W W W W W W W W W W W W W W W W W W W W W W W W W W W W W W W W W W W W W W W W W W W W W W W W W W W W W W W W W W W W W W W W W W W W W W W W W W W W W W W W W W W W W W W W W W W W W W W W W W W W W W W W W W W W W W W W W W W W W W W W W W W W W W W W W W W W W W W W W W W W W W W W W W W W N1 N1 N1 N1 N1 N1 N1 N1 N1 N1 N1 N1 N1 N1 N1 N1 N1 W W W W W W W W W W W W W W W W W W W W W W W W W W W W W W W W W W W W W W W W W W W W W W W W W W W W W W W W W W W W W W W W W W W W W W W W W W N1 N1 W W W N1 W N1 N1 N1 N1 N1 N1 N1 N1 N1 N1 N1 N1 N1 N1 N1 N2 N2 N2 N2 W N1 N1 N2 N2 N2 N2 N2 W W W W N1 N1 N1 N1 N1 N1 N1 N1 N1 N1 N1 W N1 N1 N1 N1 W W N1 N1 N1 N1 W W W W N1 W W W W W W W,processed_sleepedf/spectral/SC4732E0-PSG_spectral.pt
processed_sleepedf/tensors/SC4741E0-PSG.pt,W W W W W W W W W W W W W W W W W W W W W W W W W W W W W W W W W W W W W W W W W W W W W W W W W W W W W W W W W W W W N1 N1 N1 N1 W W W W W W W W W W W W W W W W W W W W W W W W W W W W W W W W W W W W W W W W W W W W W W W W W W W W W W W W W W W W W W W W W W W W W W W W W W W W W W W W W W W W W W W W W W W W W W W W W W W W W W W W W W W W W W W W W W W W W W W W W W W W W W W W W W W W W W W W W W W W W W W W W W W W W W W W W W W W W W W W W W W W W W W W W W W W W W W W W W W W W W W W W W W W W W W W W W W W W W W W W W W W W W W W W W W W W W W W W W W W W W W W W W W W W W W W W W W W W W W W W W W W W W W W W N1 N1 W W W W W W W W W W W W W W W W W W W W W W W W W W W W W W W W W W W W W W W W W W W W W W W W W W W W W W W W W W W W W W W W W W W W W W W W W W W W W W W W W W W W W W W W W W W W W W W W W W W W W W W W W W W W W W W W W N1 W W N1 W W W W W N1 W W W W W N1 N1 N1 N1 N1 N1 W N1 N1 N1 N1 N1 N1 N1 N1 N1 N1 N1 N1 N1 N1 N1 N1 N2 N2 REM REM REM REM REM REM REM REM REM N1 N1 N1 N1 N1 N1 W N1 N1 N1 N1 N1 N1 N1 N1 N1 N1 N1 N1 N1 N1 N1 N2 N2 N2 N2 N2 N2 N2 N2 N2 N2 N2 N2 N2 N2 N2 N2 N2 N2 N2 N2 N2 N2 N2 N2 N2 N2 N1 N1 N2 N2 N2 N2 N2 N2 N2 N2 N2 N2 N2 N2 N2 N2 N2 N2 N2 N2 N2 N2 N2 N2 N2 N2 N2 N2 N2 N2 N2 N2 N2 N2 N2 N2 N2 N2 N2 W W N1 N1 N1 N1 N1 N1 N2 N2 N2 N2 N2 N2 N2 N2 N2 N2 N2 N2 N2 N2 N2 N2 N2 N2 REM REM REM REM REM REM REM REM REM REM REM REM REM N1 N1 REM REM REM REM REM REM REM REM REM REM REM REM REM REM REM REM REM REM REM REM REM REM REM REM REM W N1 N1 N1 N1 N1 N1 N1 N2 N2 N2 N2 N2 N2 N2 N2 N2 N2 N2 N2 N2 N2 N2 N2 N2 N2 N2 N2 N2 N2 N2 N2 N2 N2 N2 N2 N2 N2 N2 N2 N2 N2 N2 N2 N2 N2 N2 N2 N2 N2 N2 N2 N2 N2 N2 N2 N2 N2 N2 N2 N2 N2 N2 N2 N2 N2 N2 N2 N2 N2 N2 N2 N2 N2 N2 N2 N2 N2 N2 N2 N2 N2 N2 N2 N2 N2 N2 N2 N2 N2 N2 N2 N2 N2 N2 N2 N2 N2 N2 N2 N2 N2 N2 N2 N2 N2 N2 N2 N2 N2 N2 N2 N2 N2 N2 N2 N2 N2 N2 N2 N2 N2 N2 N2 N2 N2 N2 N2 N2 N2 N2 N2 N2 N2 N2 N2 N2 W N1 N1 N2 N2 N2 N2 N2 N2 N2 N2 N2 N2 N2 N2 N2 N2 N2 N2 N2 N2 N2 N2 N2 N2 W N1 N2 N2 N2 N2 N2 N2 N2 N2 N1 N1 N1 N1 N2 N2 N2 N2 N2 N2 N2 N2 N2 N2 N2 N2 N2 N2 N2 N2 N2 N2 N2 N2 N2 N2 N2 N2 N2 N2 N2 N2 N2 N2 N2 N2 REM REM REM N1 N1 N1 N2 N2 N2 N1 N1 N2 REM REM REM REM REM N1 N1 N1 N1 N1 N1 N1 N2 N2 N2 REM REM REM REM REM REM REM REM REM REM REM REM REM REM REM REM REM REM REM REM REM REM REM W W W W W W W W W W W W W W W W W W W W W W W W W W W W W W W W W W W W W W W W W W W W W W W W W W W W W W W W W W W W W W W W W W W W W W W W W W W N1 N1 N1 N2 N2 N2 N2 N2 N2 N2 N2 N2 N2 N2 N2 N2 N2 N2 N2 N2 N2 N2 N2 N2 N2 N2 N2 N2 N2 N2 N2 N2 N2 N2 N2 N2 N2 N2 N2 N2 N2 N2 N2 N2 N2 N2 N2 N2 N2 N2 N2 N2 N2 N2 N2 N2 N2 N2 N2 N2 N2 N2 N2 N2 N2 N2 N2 N2 N2 N2 N2 N2 N2 N2 N2 N2 N2 N2 N2 N2 N2 N1 W N1 N1 N1 N1 N1 N1 N1 N1 N1 N1 N2 N2 N1 N2 N2 N2 N2 N2 N2 N2 N2 N2 N2 N2 N2 N2 N2 N2 N2 N2 N2 N2 N2 N1 N1 N2 N2 N2 N1 N1 N1 N2 N2 N2 N2 N2 N2 N2 N2 N2 N2 N2 N2 N2 N2 N2 REM REM REM REM REM REM REM REM REM REM REM REM REM REM REM REM REM REM REM REM REM REM REM REM REM REM REM REM REM REM N1 W N1 N1 N1 N1 REM REM REM REM REM REM REM REM REM REM REM REM REM REM REM REM REM REM REM REM REM REM REM REM REM REM REM REM REM REM REM REM REM REM REM REM REM REM REM REM REM REM REM REM REM REM REM REM REM REM REM REM REM REM REM REM REM REM REM REM REM REM REM REM REM REM REM REM REM REM REM REM REM REM REM REM REM REM REM REM REM REM REM REM REM REM REM REM REM REM REM REM REM REM REM REM REM REM REM REM REM REM REM REM REM N2 N2 N2 N2 N2 N2 N2 N2 N2 N2 N2 N2 N2 N2 N2 N2 N2 N2 N2 N2 N2 N2 N2 N2 N2 N2 N2 N2 N2 N2 N2 N2 N2 N2 N2 N2 N2 N2 N2 N2 N2 N2 N2 N2 N2 N2 N2 N2 N2 N2 N2 N2 N2 N2 N2 N2 N2 N2 N2 N2 N2 N2 N2 N2 N2 N2 N2 N2 N2 N2 N2 N2 N2 N2 N2 N2 N2 N2 N2 N2 N2 N2 N2 N2 N2 N2 N2 N2 N2 N1 N1 N1 N1 N1 N1 N1 N1 N1 N2 N2 N2 N2 N2 N2 N2 N1 N1 N2 N2 N2 N2 N2 N2 N2 N2 N2 N2 N2 N1 N1 N1 N1 N2 N2 N2 N2 N2 N2 N1 N1 N1 N1 W W W W W W W W W W W W W W W W W W W W W W W W W W W W W W W W W W W W W W W W W W W W W W W W W W W W W W W W W W W W W W W W W W W W W W W W W W W W W W W W W W W W W W W W W W W W W W W W W W W W W W W W W W W W W W W W W W W W W W W W W W W W W W W W W W W W W W W W W W W W W W W W W W W W W W W W W W W W W W W W W W W W W W W W W W W W W W W W W W W W W W W W W W W W W W W W W W W W W W W W W W W W W W W W W W W W W W W W W W W W W W W W W W W W W W W W W W W W W W W W W W W W W W W W W W W W W W W W W W W W W W W W W W W W W W W W W W W W W W W W W W W W W W W W W W W W W W W W W W W W W W W W W W W W W W W W W W W W W W W W W W W W W W W W W W W W W W W W W W W W W W W W W W W W W W W W W W W W W W W W W W W W W W W W W W W W W W W W W W W W W W W W W W W W W W W W W W W W W W W W W W W W W W W W W W W W W W W W W W W W W W W W W W W W W W W W W W W W W W W W W W W W W W W W W W W W W W W W W W W W W W W W W W W W W W W W W W W W W W W W W W W W W W W W W W W W W W W W W W W W W W W W W W W W W W W W W W W W W W W W W W W W W W W W W W W W W W W W W W W W W W W W W W W W W W W W W W W W W W W W W W W W W W W W W W W W W W W W W W W W W W W W W W W W W W W W W W W W W W W W W W W W W W W W W W W W W W W W W W W W W W W W W W W W W W W W W W W W W W N1 N1 N1 N2 N2 N2 N2 N2 N2 N2 N1 N1 N2 N2 N2 N2 N2 N2 N2 N2 N2 N2 N2 N2 N2 N2 N2 N2 N2 N2 N2 N2 N2 N2 N2 N2 N2 N2 N2 N2 N2 N2 N2 N2 N2 N2 N2 N2 N2 N2 N2 N2 N2 N2 N2 N2 N2 N2 N2 N2 N2 N2 N2 N2 N2 N2 N2 N1 N1 N1 N1 N2 N2 N2 N2 N2 N2 N2 N2 N2 N1 N1 N1 N1 N1 N1 N1 N1 N1 N2 N2 N2 N2 N2 N2 N2 N2 N2 N2 N2 N2 N2 N2 N2 N2 N2 N2 N2 N2 N2 N2 N2 N2 N2 N1 N1 N1 N1 N1 N1 N2 N2 W W W W W W W W W W W W W N1 N1 W W W W W W W W W W W W W W W W W W W W W W W W W W W W W W W W W W W W W W W W W W W W W W W W W W W W W W W W W W W W,processed_sleepedf/spectral/SC4741E0-PSG_spectral.pt
processed_sleepedf/tensors/SC4742E0-PSG.pt,W W W W W W W W W W W W W W W W W W W W W W W W W W W W W W W W W W W W W W W W W W W W W W W W W W W W W W W W W W W W N1 N1 W W N1 W N1 N1 W W W W W W W W W W N1 N1 N1 W W W N1 N1 W W W N1 N1 N1 N1 N1 N1 N1 N1 N1 N2 N2 N2 N2 N2 N2 N2 N2 N2 N2 N2 N2 N2 N2 N2 N2 N2 N2 N2 REM REM REM REM REM REM REM REM REM REM REM REM REM REM REM REM REM REM REM REM REM REM REM REM REM REM REM REM REM REM REM REM REM REM REM REM REM REM REM REM REM REM REM REM REM REM REM REM REM REM REM W W N1 N1 N1 N1 N1 N1 N1 N1 W W W W W W W W W W W W W W W W W W W W W W W W W W W W W N1 N1 N1 N1 N1 N1 N1 N1 N1 N1 N1 N1 N1 N1 N1 N1 N1 N1 N1 N1 N1 N1 N1 N1 N1 N1 N2 N2 N2 N2 N2 N2 N2 N2 N2 N2 N2 N2 N2 N2 N2 N2 N2 N2 N2 N2 N2 N2 N2 N2 N2 N2 N2 N2 N2 N2 N2 N2 N2 N2 N2 N2 N2 N2 N2 N2 N2 N2 N2 N2 N2 N2 N2 N2 N2 N2 N2 N2 N2 N2 N2 N2 N2 N2 N2 N2 N2 N2 N2 N2 N2 N2 N2 N2 N2 N2 N2 N2 N2 REM REM REM REM REM REM REM REM REM REM REM REM REM REM REM REM REM REM REM REM REM REM REM REM REM REM REM REM REM REM REM REM W N1 N1 N1 N1 N1 N1 N1 N1 N1 N1 N1 N1 N2 N1 N1 N1 N1 N2 N2 N2 N2 N2 N2 N2 N2 N2 N2 N2 N2 N2 N2 N2 N2 N2 N2 N2 N2 N2 N2 N2 N2 N2 N2 N2 N2 N2 N2 N1 N1 N1 N1 N2 N2 N2 N2 N2 N2 N2 N2 N2 N2 N2 N2 N2 N2 N2 N2 N2 N2 N2 N2 N2 N2 N2 N2 N2 N2 N2 N2 N2 N2 N2 N2 N2 N2 N2 N2 N2 N2 N2 N2 N2 N2 N2 N2 N2 N2 N2 N2 N2 N2 N2 N2 N2 N2 N2 N2 N2 N2 N2 N2 N2 N2 N2 N2 N2 N2 N2 N2 N2 W W N2 N1 REM REM REM REM REM REM REM REM REM REM REM REM REM REM REM REM REM REM REM REM REM REM REM REM REM REM REM REM REM REM REM REM REM REM REM REM REM REM REM REM REM REM REM REM REM N1 N1 N1 N1 N1 N1 N1 N1 N1 N1 N1 N1 N1 N1 N1 N1 N1 N1 N1 N1 W N1 N1 N1 N1 N1 N1 N1 N1 N1 N2 N2 N1 N1 N2 N2 N2 N2 N2 N2 N2 N1 N1 N1 N1 W W W N1 W W W W W W W W W W W W W W W W W W W W W W W W W W W W W W W W W W W W W W W W W W W W N1 W W W W W W W W W W W W W W W W W W W W W W W W W W W W W W W W W W W W W W W W W W W W W W W W N1 N1 N1 N1 N1 N1 N1 N1 N1 N1 N1 N1 N2 N2 N2 N2 N2 N2 N2 N2 N2 N2 N2 N2 N2 N2 N2 N2 N2 N2 N2 N2 N2 N2 N2 N2 N2 N2 N2 N2 N2 N2 N2 N2 N2 N2 N2 N2 N2 N2 N2 N2 N2 N2 N2 N2 N2 N2 N2 N2 N2 N2 N2 N2 N2 N2 N2 N2 N2 N2 N2 N2 N2 N2 N2 N2 N2 N2 N2 N1 N1 N1 N2 N2 W W N1 N1 N1 N1 N1 N2 N2 N2 N2 N2 W W W N1 N1 N1 N1 N1 N1 N1 N1 N1 N1 N1 N1 W N1 N1 N1 N1 N1 N1 N1 REM REM REM REM REM REM REM REM REM REM REM REM REM REM REM REM REM REM REM REM REM REM REM REM REM REM REM REM W W N1 N1 N1 N1 N1 N1 N1 N1 REM REM W W N1 N1 N1 N1 N1 N1 N1 N1 N1 N1 N1 N1 N1 N1 N1 N2 N2 N2 N2 N2 N2 N2 N2 N2 N2 N2 N2 N2 N2 N2 N2 N2 N2 N2 N2 N2 N2 N2 N2 N2 N2 N2 N2 N2 N2 N2 N2 N2 N2 N2 W N1 N1 N1 N1 N2 W W N2 N2 N2 N2 N1 N1 N1 N1 N1 N2 N2 N2 N2 N2 N2 N2 N2 N1 N1 N1 N1 N1 N2 N2 N2 N2 N2 N2 N1 W W N1 N1 N1 W W W W W W W W W W N1 N1 N1 N1 N2 N2 N2 N2 N2 N2 REM REM REM REM REM REM REM REM REM REM N1 REM REM REM REM REM REM REM REM REM REM REM REM REM REM REM REM REM REM REM REM REM REM REM REM REM REM REM REM REM N2 N2 N2 N2 REM REM REM REM REM REM REM REM REM REM REM N1 N1 N1 N1 N1 N1 N1 W W W W W W W W W W W W W W N1 N1 N1 N1 W W W W W W W W W W W W W W W W W W W W W W W W W W W W W W W W W W W W W W W W W W W W W W W W W W W W W W W W W W W W,processed_sleepedf/spectral/SC4742E0-PSG_spectral.pt
processed_sleepedf/tensors/SC4751E0-PSG.pt,W W W W W W W W W W W W W W W W W W W W W W W W W W W W W W W W W W W W W W W W W W W W W W W W W W W W W W W W W W W W N1 N2 N2 N2 N2 N2 N2 N2 N2 N2 N2 N2 N2 N2 N2 N2 N2 N2 N2 N2 N2 N2 N2 N2 N2 N2 N2 N2 N2 N2 N2 N2 N2 N2 W W W W W W W W W W W W W W W W W W W W W W W W W W W W W W W W W W W W W W W W W W W W W W W W W W W W W W W W W W W W W W W W W W W W W W W W W W W W W W W W W W W W W W W W W W W W W W W W W W W W W W W W W W W W W W W W W W W W W W W W W W W W W W W W W W W W W W W W W W W W W W W W W W W W W W W W W W W W W W W W W W W W W W W W W W W W W W W W W W W N1 N1 N1 N1 N1 N2 N2 N2 N2 N2 N2 N2 N2 N2 N2 N2 N2 N2 N2 N2 N2 N2 N2 N2 N2 N2 N2 N2 N2 N2 N2 N2 N2 N2 N2 N2 N2 N2 N2 N2 N2 N2 N2 N2 N2 N2 N2 N2 N2 N2 N2 N2 N2 N2 N2 N2 N2 N2 N2 REM REM REM REM REM REM REM REM REM REM REM REM REM REM REM REM REM REM REM REM REM REM REM REM REM REM REM REM REM REM REM REM W W W W W W W W W N1 N1 N1 N1 N1 N1 N1 N1 N1 N1 N1 N1 N1 N1 N1 N1 N1 N1 N1 N2 N2 N2 N2 N2 N2 N2 N2 N2 N2 N2 N2 N2 N2 N2 N2 N2 N2 N2 N2 N2 N2 N2 N2 N2 N2 N2 N2 N2 N2 N2 N2 N2 N2 N2 N2 N2 N2 N2 N2 N2 N2 N2 N2 N2 N2 N2 N2 N2 N2 N2 N2 N2 N2 N2 N2 N2 N2 N2 N2 N2 N2 N2 N2 N2 N2 N2 N2 N2 N2 N2 N2 N2 N2 N2 N2 N2 N2 N2 N2 N2 N2 N2 N2 N2 N2 N2 N2 N2 N2 N2 N2 N2 N2 N2 N2 N2 N2 N2 N2 N2 N2 N2 N2 N2 N2 N2 N2 N2 N2 N2 N2 N2 N2 N2 N2 REM REM REM REM REM REM REM REM REM REM REM REM REM REM REM W W W W N1 N1 N1 N1 N1 N1 N1 W W W N1 N1 N1 N1 N1 N1 N1 N1 N1 N1 N1 N1 N1 N1 N1 N1 N1 N1 N1 N2 N2 N2 N2 N2 N2 N2 N2 N2 N2 N2 N2 N2 N2 N2 N2 N2 N2 N2 N2 N2 N2 N2 N2 N2 N2 N2 N2 N2 N2 N2 N2 N2 N2 N2 N2 N2 N2 N2 N2 N2 N2 N2 N2 N2 N2 N2 N2 N2 N2 N2 N2 N2 N2 N2 N2 N2 N2 N2 N2 N2 N2 N2 N2 N2 N2 N2 N2 N2 N2 N2 N2 N2 N2 N2 N2 N2 N2 N2 N2 N2 N2 N2 N2 N2 N2 N2 N2 N2 N2 N2 N2 N2 N2 N2 N2 N2 N2 N2 N2 N2 N2 N2 N2 N2 N2 N2 N2 N2 N2 N2 N2 N2 N2 N2 N2 N2 N2 N2 N2 N2 N2 N2 N2 N2 N2 N2 N2 N2 N2 N2 W W W W W W W W W W W W W W W W W W W W W W W W W W W W W W W W W W W W W W W W W W W W W W W W W W W W W W W W W W W W W W W W W W W W W W W W W W W W W W W W W W W W W N1 W W W W N1 N1 N1 N1 N1 N1 N1 N1 N1 N2 N2 N2 N2 N2 N2 N2 N2 N2 N2 N2 N2 N2 N2 N2 N2 N2 N2 N2 N2 N2 N2 N2 N2 N2 N2 N2 N2 N2 N2 N2 N2 N2 N2 N2 N2 N2 N2 N2 W W W W W W W W W W W W W W W W W W W W W W W W W W W W W W W W W W W W W W W W W W W W W W N1 N1 N1 N1 N1 W W N1 W W W W W W W W N1 N1 N1 N2 N2 N2 N2 W W W W W W W W W W W W W W W W W W W W W W W W W W W W W W W W W W W W W W W W W W W W W N1 N1 N1 N1 N1 N1 N1 N2 N2 N2 N2 W W W W W W W W W W W W W W W W W W W W W W W W W W W W W W W W W W W W W W W W W W W W W W W W W W W W W W W W W W W W W W W W W W W W W W W W W W W W W W W W W W W W W W N1 N1 N1 W W W W W N1 N1 N1 N1 N1 N2 N2 N2 N2 N2 N2 N2 N2 N2 N2 N2 N2 N2 N2 N2 N2 N2 N2 N2 N2 N2 N2 N2 N2 N2 N2 N2 N2 N2 N2 W N1 N1 N2 N2 N2 N2 N2 N2 W W W W W W N1 N1 N1 N2 N2 N2 N2 N2 N2 N2 N2 N2 N2 N2 N2 N2 W W W N1 N1 N2 N2 N2 N2 W W W W W W W W W W W W W W W W W W W W W W W W W W W W W W W W W W W W W W W W W W W W W W W W W W W W W W W W W W W W W W W W W W W W W W W W W W W W W W W W W W W W W W W W W W W W W W W W W W W W W W W W W W W W W W W W W W W W W W W W W W W W W W W W W W W W W W W W W W W W W W W W W W W W W W W W W W W W W W W W W W W W W W W W W W W W W W W W W W W W W W W W W W W W W W W W W W W W W W W W W W W W W W W W W W W W W W W W W W W W W W W W W W W W W W W W W W W W W W W W W W W W W W W W W W W W W W W W W W W W W W W W W W W W W W W W W W W W W W W W W W W W W W W W W W W W W W W W W W W W W W W W W W W W W W W W W W W W W W W W W W W W W W W W W W W W W W W W W W W W W W W W W W W W W W W W W W W W W W W W W W W W W W W W W W W W W W W W W W W W W W W W W W W W W W W W W W W W W W W W W W W W W W W W W W W W W W W W W W W W W W W W W W W W W W W W W W W W W W W W W W W W W W W W W W W W W W W W W W W W W W W W W W W W W W W W W W W W W W W W W W W W W W W W W W W W W W W W W W W W W W W W W W W W W W W W W W W W W W W W W W W W W W W W W W W W W W W W W W W W W W W W W W W W W W W W W W W W W W W W W W W W W W W W W W W W W W W W W W W W W W W W W W W W W W W W W W W W W W W W W W W W W W W W W W W W W W W W W W W W W W W W W W W W W W W W W W W W W W W W W W W W W W W W W W W W W W W W W W W W W W W W W W W W W W W W W W W W W W W W W W W W W W W W W W W W W W W W W W N1 N1 N2 N2 N2 N2 N2 N2 N2 N2 N2 N2 N2 N2 N2 N2 N2 N2 N2 N2 N2 N2 N2 N2 N2 N2 W W W W W W W W W W W W W W W W W W W W W W W W W W W W W W W W W W W W W W W W W W W W W W W W W W W W W W W W W W W W W W W W W W W W W W W W W W W W W W W W W W W W W W W W W W W W W W W W W W W W W W W W W W W W W W W W W W W W W W W W W W W W W W N1 N1 N1 W W W N1 N1 N1 N1 N2 N2 N2 N2 N2 N2 W W W W W W W W W W W W W N1 N2 N2 N2 W W W W W W W W W W W W W W W W W W W W W W W W W W W W W W W W W W W W W W W W W W,processed_sleepedf/spectral/SC4751E0-PSG_spectral.pt
processed_sleepedf/tensors/SC4752E0-PSG.pt,W W W W W W W W W W W W W W W W W W W W W W W W W W W W W W W W W W W W W W W W W W W W W W W W W W W W W W W W W W W W N1 N1 N1 N1 N1 N1 N1 N1 N1 N1 N1 N1 N1 N1 N1 N2 N1 W W W N1 N2 N2 N2 N2 N2 N2 N2 N2 N2 N2 N2 N2 N2 N2 N2 N2 N2 N2 N2 N2 N2 N2 N2 N2 N2 N2 N2 N2 N2 N2 N2 N2 N2 N2 N1 N2 N2 N2 N2 N2 N2 N2 N2 N2 N2 N2 N2 N2 N2 N2 N2 N3 N2 N3 N2 N2 N2 N2 N2 N2 N2 N1 N1 W W W W W N1 N1 N1 N2 N2 N2 N2 N2 N2 N2 N2 N2 N2 N2 N2 N2 N1 N2 N2 N2 N2 N1 W W W W W N1 W W N1 N1 N1 N2 N2 N2 N2 N2 N1 N2 N2 N1 REM REM REM REM REM REM W N1 N1 N1 N1 N1 REM REM REM REM REM REM REM REM REM REM REM REM REM REM REM REM REM REM REM REM REM REM REM REM REM REM REM REM REM REM REM REM REM REM REM REM REM REM N1 N1 N2 N1 W W W W W N1 N1 W W W N1 W W W W N1 N1 N2 N2 N2 N2 N2 N2 N1 N2 N2 N2 N2 N1 N2 N2 N2 N2 N2 N2 N2 N2 N2 N2 N2 N2 N2 N2 N2 N2 N2 N2 N2 N2 N2 N2 N2 N2 N2 N2 N2 N2 N2 N2 N2 N2 N2 N2 N2 N2 N2 N2 N2 N2 N2 N2 N2 N2 N2 N2 N2 N2 N2 N2 N3 N2 N2 N2 N2 N2 N2 N3 N3 N2 N2 N3 N2 N2 N2 N3 N3 N3 N2 N2 N2 N2 N3 N2 N2 N2 N2 N2 N2 N2 N2 N2 N2 N2 N2 N2 N2 N2 N2 N2 N2 N2 N3 N2 N2 N2 N2 N2 N2 N2 N2 N2 N2 N2 N2 N2 N2 N2 N2 N2 N2 N2 N2 N2 N2 N2 N2 N2 W W W W W W W W W W W W W N1 N1 N2 N2 N2 N2 N2 N2 N2 N2 N2 N2 N2 REM REM REM REM REM REM REM REM W W N1 N1 N1 N1 N2 N2 N1 W W W N1 N1 N1 N2 N2 N2 N2 N2 N2 N2 N2 N2 N2 N2 N2 N2 N2 N2 N2 N2 N2 N2 N2 N2 N2 N2 N2 N1 N2 N2 N2 N2 N2 N2 N2 N2 N2 N2 N2 N2 N2 N2 N2 N2 N2 N2 N2 N2 N2 N2 N2 N2 N2 N2 N2 N2 N1 N1 N2 N2 N3 N2 N2 N2 N2 N3 N2 N2 N3 N2 N2 N2 N2 N2 N2 N2 N2 N2 N2 N2 N2 N2 N2 N2 N2 N2 N2 N2 N2 N2 N2 N2 N2 N2 N2 N2 N2 N2 N2 N2 N3 N3 N2 N3 N3 N2 N2 N1 N1 N2 N2 N2 N2 N2 W W W W N1 N1 N1 N1 N1 N1 N2 N2 N2 N2 N2 N2 N2 N3 W N2 N2 N2 N2 N2 N2 N2 N2 REM REM REM N1 N1 N1 REM REM REM REM REM REM W W N1 N1 N1 N1 W W W W W W W W W W W W W W W W W W W W W W W W W W W W W W W W W W W W W W W W W W W W W W W W W W W W W W W W W W W W W W W W W W W W W W W W W W W W W W W W W W W N1 N1 W W W W W W W W N1 N1 N1 N1 N1 N1 N1 N1 N1 N1 W W W W W W W W W W W W N1 N1 N1 N1 N1 N1 N1 N1 N1 N1 N1 N2 N2 N2 N2 N2 N2 N2 N2 N2 N2 N2 N2 N2 N2 N2 N2 N2 N2 N2 N2 N2 N2 N2 W W N1 N1 N1 N1 N1 N1 N1 N1 N2 N2 N2 N2 N2 N2 N2 N2 N2 N2 N2 N2 N2 N2 N2 N2 N2 N2 N2 N2 N2 N2 N2 N2 N2 N3 N2 N2 N2 N2 N2 N2 N2 N2 N2 N2 N2 N1 N2 N2 N2 N2 N2 N2 N2 N2 N2 N2 N1 N2 REM N1 N1 N1 N1 N2 N2 N2 N2 N2 N2 N2 N2 N2 N2 N2 N2 N2 N1 N1 N1 N2 N2 W N1 N1 N1 N2 N2 N2 N2 REM REM REM REM REM REM REM REM REM REM N1 W W W W W W W W W W W W W W W W W W W W W W W W W W W W W W N1 N1 N1 N1 N2 N1 N1 N1 N1 N1 N1 N1 W W W W W W W W W W W W W W W W W W W W W W W W W W W W W W W W W W W W W W W W W W W W W W W W W W W W W W W W W W W W W W W W W W W W N1 N1 N1 W N1 N1 N2 N2 N2 N2 N2 N2 N1 N1 N1 N2 N2 N2 N2 N2 N2 N2 N1 N1 N2 N2 N2 N1 N1 N1 N1 W W W W W W W W W W W W W W W W W W W W W W W W W W W W W W W W W W W W W W W W W W W W W W W W W W W W W W W W W W W W,processed_sleepedf/spectral/SC4752E0-PSG_spectral.pt
processed_sleepedf/tensors/SC4761E0-PSG.pt,W W W W W W W W W W W W W W W W W W W W W W W W W W W W W W W W W W W W W W W W W W W W W W W W W W W W W W W W W W W W N1 N2 N2 N2 W W W W W W W W W W W W W W W W W W W W W W W W W W W W W W W W W W W W W W W W W W W W W W W W W W W W W W W W W W W W W W W N1 N2 N2 N2 N2 N2 N2 W W W W W W W W W W W W W W W W W W W W W W W W W W W W W W W W W W W W W W W W W W W W W W W W W W W W W W W W W W W W W W W W W W W W W W W W W W W W W W W W W W W W W W W W W W W W W W W W W W W W W W W W W W W W W W W W W W W W W W W W W W W W W W W W W W W W W W W W W W W W W W W W W W W W W W W W W W W W W W W W W W W W W W W W W W W W W W W W W W W W W W W W W W W W W W W W W W W W W W W W W W W W W W W W W W W W W W W W W W W W W W W W W W W W W W W W W W W W W W W W W W W W W W W W W W W W W W W W W W W W W W W W W W W W W W W W W W W W W W W W W W W W W W W W W W W W W W W W W W W W W W W W W W W W W W W W W W W W W W W W W W W W W W W W W W W W W W W W W W W W W W W W W W W W W W W W W W W W W W W W W W W W W W W W W W W W W W W W W W W W W W W W W W W W W W W W W W W W W W W W W W W W W W W W W W W W W W W W W W W W W W W W W W W W W W W W W W W W W W W W W W W W W W W W W W W W W W W W W W W W W W W W W W W W W W W W W W W W W W W W W W W W W W W W W W W W W W W W W W W W W W W W W W W W W W W W W W W W W W W W W W W W W W W W W W W W W W W W W W W W W W W W W W W W W W W W W W W W W W W W W W W W W W W W W W W W N1 N2 N2 N2 N2 N2 N2 N2 N2 N2 N2 N2 N2 N2 N2 N2 N2 N2 N2 N2 N2 N2 N2 N2 N2 N2 N2 N2 N2 N2 N2 N2 N2 N2 N2 N2 N2 N2 N2 N2 N2 N2 N2 N2 N2 N2 N2 N2 N2 N2 N2 N2 N2 N2 N2 N2 N2 N2 N2 N2 N2 N2 N2 N2 N2 N2 N2 N2 N2 N2 N2 N2 N2 W W W W W W W W W W W W W W W W W W W W W W W W W W W W W W W W W W W W W W W W W W W W W W W W W W W W W W W W W W W W W W W W W W W W W W W W W W W W W W W W W W W W W W W W W W W W W W W W W W W W W W W W W W W W W N1 N1 N1 N1 N1 N1 N1 N2 N2 N2 N2 N2 N2 N2 N2 N2 N2 N2 N2 N2 N2 N2 N2 N2 N2 N2 N2 N1 N1 N1 N1 N2 N2 N2 N2 N2 N2 N2 N2 N2 N2 N2 N2 N2 N2 N2 N2 N2 N2 N2 N3 N2 N2 N2 N2 N2 N2 N2 N2 N2 W W W N1 N2 N2 N2 N2 N2 N2 N2 N2 N2 N2 N2 N2 N2 N2 N2 N2 N2 N2 N2 N2 N2 N2 N2 N2 W N1 W N1 W N1 N2 N2 N2 N2 N2 N2 N2 N2 N2 N2 N2 N2 N2 N2 N2 N2 N2 N2 N2 N2 N2 N2 N2 N2 N2 N2 N2 N2 N2 N1 N1 N1 N1 N1 REM REM N1 N1 REM REM REM REM N1 N1 N1 REM REM N1 N1 N1 N1 N1 N1 N1 N1 N1 N2 N2 N1 W W W W W W W W W W W W W W W W N1 N1 N1 N1 N1 N1 N2 N2 N2 N2 N2 N2 N2 N2 N2 N2 N2 N2 N2 N2 N2 N2 N2 N2 N2 N2 N2 N2 N2 N2 N2 N2 N2 N2 N2 N2 N2 N2 N2 N2 N2 N2 N2 N2 N2 N2 N2 N3 N3 N3 N3 N2 N3 N3 N2 N3 N3 N3 N3 N3 N3 N2 N3 N3 N2 N3 N2 N3 N3 N3 N2 N2 N2 N2 N3 N3 N2 N2 N2 N2 N2 N3 N2 N3 N3 N2 N2 N3 N2 REM REM REM REM REM REM REM REM REM REM REM REM REM REM REM REM REM REM REM REM REM N2 N2 W N1 N1 N3 N3 N1 N1 N2 N2 N2 N2 REM REM REM N1 N1 N1 N2 REM N1 N1 N1 N1 N1 N1 N1 W N1 N2 N2 N2 N2 N2 N2 N2 N2 N1 N1 N1 N1 N1 W N1 N2 N2 N2 N1 N1 N1 N2 N2 N2 N2 N2 N2 N2 N2 N2 N2 N2 N2 N2 N2 N2 N1 N1 N1 N1 N1 N1 N1 N1 N1 N2 N2 N2 N2 N2 N2 N2 N2 N2 N2 N2 N2 N2 N2 N2 N2 N2 N1 N1 N2 N1 N2 N2 N2 N1 N2 N2 N2 N2 N2 N2 N2 N2 N2 N2 N2 N2 N2 N2 N1 N2 N2 N1 W N1 N1 N1 N1 N2 N2 N2 N2 N2 N2 N2 N2 N2 N2 N2 N2 N2 N2 N2 N2 N2 N2 N2 N2 N2 N2 N2 N2 N2 N2 N2 N2 N2 N2 N2 N2 N2 N2 N2 N2 N2 N2 N2 N2 N2 N2 N2 N2 N2 N2 N2 N1 N2 N2 N2 N2 N2 N2 N2 N1 N1 N2 N2 N2 N2 N2 N2 N2 N1 N1 N2 N2 N2 N2 N2 N2 N2 N2 N2 W N2 N2 N2 N2 N2 N2 N2 N2 N2 N2 N2 N2 N2 N2 N2 N2 N2 N2 N2 N2 N2 N2 N2 N2 N2 N2 N2 N2 N2 N2 N2 N2 N2 N2 N2 N2 N1 N2 N2 N2 N2 REM N2 N2 REM W N1 W N1 N1 W W W W W W W W W W W W W W W W W W W W W W W W W W W W W W W W W W W W W W W W W W W W W W W W W W W W W W W W W W W W W N1 W W W W W W W W N1 N1 N1 N1 N1 W N1 W W N1 N1 N1 W N1 N1 N1 N1 W W N1 N1 N1 N1 N1 N1 N1 N1 N1 W W W W W N1 N1 W W W W N1 N1 N1 W W W W W W W W W W W W W W W W W W W W W W W W W W W W W W W W W W W W W W W W W W W W W W W W W W W W W W W W W W W W W W W W W W W W W W W W W W W W N1 W W W W W W W N1 W W W W W W W W W N1 W W W W W W W W W W W W W W W W W W W W W W W W W W W W W W W W W W W W W W W W W W W W W W W W W W W W W W W W W W W W,processed_sleepedf/spectral/SC4761E0-PSG_spectral.pt
processed_sleepedf/tensors/SC4762E0-PSG.pt,W W W W W W W W W W W W W W W W W W W W W W W W W W W W W W W W W W W W W W W W W W W W W W N1 N1 N1 N1 N1 N1 N1 N1 N1 W W W W W W W W W W W W W W W W W W W W W W W W W W W W W W W W W W W W W W W W W W W W W W W W W W W W W W W W W W W W W W W W W W W W W W W W W W W W W W W W W W W W W W W W W W W W W W W W W W W W W W W W W W W W W W W W N1 N1 N1 W W W W N1 N1 N2 N1 N2 N2 N1 N2 N1 N2 N2 N2 N2 N2 N2 N2 N2 N2 N2 N1 N1 N2 N2 N2 N2 N2 N2 N2 N2 N2 N2 N2 N2 N2 W N1 N1 N1 N2 N1 N2 N2 N2 N2 N2 N2 N2 N2 N2 N1 N2 N2 N2 N2 N2 N2 W N1 W W W W W W W W W W W W W W W W W W W W W W W W W W W W W W W W W W W W W W W W W W W W W W W W W W W W W W W W W W W W W W W W W W W W W W W W W W W W W W W W W W W W W W W W W W W W W W W W W W W W W W W W W W W W W W W W W W W W W W W W W W W W W W W W W W W W W W W W W W W W W W W W W W W W W W W W N1 N1 N2 N2 N2 N2 W W W W W W W W W W W W W W W W W W W W W W W W W W W W W W W W W W W W W W W W W W W W W W W W W W W W W W W W W W W W W W W W W W W W W W W W W W W W W W W W W W W W W W W W W W W W W W W W W W W W W W W W W W W W W W W W W W W W W W W W W W W W W W W W W W W W W W W W W W W W W W W W W W W W W W W W W W W W W W W W W W W W W W W W W W W W W W W W W W W W W W W W W W W W W W W W W W W W W W W W W W W W W W W W W W W W W W W W W W W W W W W W W W W W W W W W W W W W W W W W W W W W W W W W W W W W W W W W W W W W W W W W W W W W W W W W W W W W W W W W W W W W W W W W W W W W W W W W W W W W W W W W W W W W W W W W W W W W W W W W W W W W W W W W W W W W W W W W W W W W W W W W W W W W W W W W W W W W W W W W W W W W W W W W W W W W W W W W W W W W W W W W W W W W W W W W W W W W W W W W W W W W W W W W W W W W W W W W W W W W W W W W W W W W W W W W W W W W W W W W W W W W W W W W W W W W W W W W W W W W W W W W W W W W W W W W W W W W W W W W W W W W W W W W W W W W W W W W W W W W W W W W W W W W W W W W W W W W W W W W W W W W W W W W W W W W W W W W W W W W W W W W W W W W W W W W W W W W W W W W W W W W W W W W W W W W W W W W W W W N1 N1 N1 N1 W W W W W W W W W W W W W W W W W W W W W W W W W W W W W W W W W W W W W W W W W W W W W W W W W W W W W W W W W W W W W W W W W W W W W W W W W W W W W W W W W W W W W W W W W W W W W W W W W W W W W W W W W W W W W W W W W W W W W W W W W W W W W W W W W W W W W W W W W W W W W W W W W W W W W W W W W W W W W W W W W W W W W W W W W W W W W W W W W W W W W W W W W W W W W W W W W W W W W W W W W W W W W W W W W W W W W W W W W W W W W W W W W W N1 N1 W N1 N1 N1 N2 N2 N2 N2 N1 N2 N2 N2 N1 N2 N2 N2 N1 N2 N2 N1 N2 N2 N1 N1 N1 N2 N2 N2 N2 N1 N2 N2 N2 N2 N2 N2 N2 N2 N2 N2 N2 N2 N2 N2 N2 N2 N2 N2 N2 N2 N2 N2 N2 W W W W W W W W W W W W W W W W W W W W W W W W W W W W W W W W W W W W W W W W W W W W W W W W W W W W W W W W W W W W W W W W W W W W W W W W W W W W N1 N1 N1 N1 N1 N1 N1 N1 N1 N1 N1 N1 N1 N1 N1 N2 N2 W N1 N1 N1 N1 N1 N1 W W N1 W W W W N1 W N1 N1 N1 W N1 N1 N2 N2 N2 N2 N2 N2 N2 N2 N2 N2 N2 N2 N2 N2 N2 N2 N2 N2 N2 N2 N2 N2 N2 N2 N2 N2 N2 N2 N2 N2 N2 N2 N2 N2 N2 N2 N2 N2 N2 N2 N2 N2 N2 N2 REM REM N1 REM REM N1 N1 REM N1 REM REM REM REM REM W W W W W W W W W W W W W W W W W W W W W W W W W W W W W W W W W W W W W W W W W W W W W N1 N1 REM REM N1 REM REM REM REM REM REM REM REM REM REM REM REM REM REM REM REM REM REM REM REM REM REM REM REM REM REM REM REM REM N1 REM REM REM REM REM W W W N1 N1 REM REM REM REM REM REM REM REM REM REM REM REM REM REM REM REM REM REM REM REM REM REM REM REM N1 REM REM REM REM REM REM REM REM REM REM N1 REM REM REM REM REM REM REM REM REM REM REM REM REM REM N2 N2 N2 REM N2 REM REM N2 N2 N2 N2 N2 N2 N2 N2 N2 N2 N2 REM N2 N2 N2 N2 N2 N2 N2 W N1 W W W W W W W W W W W W W W W W W W N1 N1 N1 N2 N2 N2 N2 REM N2 REM N2 REM REM REM REM REM REM REM REM REM REM REM REM REM REM REM REM REM REM REM REM REM REM REM REM REM REM REM REM REM REM REM REM N1 REM REM REM REM REM REM REM REM REM REM REM REM REM REM REM REM REM REM REM REM REM REM REM N1 REM REM REM REM REM REM REM REM W W N1 N1 REM REM REM REM REM N2 N2 REM N2 N2 REM REM REM REM REM REM REM REM REM N2 REM REM REM REM REM REM REM REM REM REM REM REM REM N2 N2 N2 REM N2 N2 N2 N2 N2 N2 N2 N2 N2 N2 N2 N2 N2 N2 REM N2 REM REM REM N2 REM REM REM REM REM REM REM REM N2 REM N2 N2 N2 N2 REM REM REM REM REM REM REM REM REM REM REM REM REM REM REM REM REM REM REM REM REM REM REM REM REM REM REM REM REM REM REM REM REM REM REM REM REM REM REM REM W N1 N1 N1 N1 REM N1 REM REM REM REM REM REM REM REM REM REM REM REM N1 REM N1 REM REM REM REM REM REM REM REM REM N1 REM REM REM REM REM REM REM REM N1 REM REM REM N1 REM REM N1 REM REM N1 REM REM REM REM REM REM REM W W W W W W W W W W W W W W W W W W W N1 N1 N1 N1 REM REM REM REM REM REM REM REM REM REM REM REM N1 REM REM N1 REM N1 REM REM REM N1 REM REM N1 REM REM REM N1 REM REM REM REM REM REM REM N1 REM REM REM W W N1 N1 N1 N1 W N1 N1 REM REM REM REM REM REM REM REM REM REM REM REM REM REM REM REM REM REM REM REM REM REM REM REM REM REM REM REM REM N1 REM REM REM REM REM REM REM REM REM REM REM REM REM REM REM REM REM REM REM REM REM REM REM REM REM REM REM REM N1 REM REM REM REM REM REM REM REM REM REM REM REM REM REM W W W W W W W W W W W W W W W W W W W W W W W W W W W W W W W W W W W W W W W W W W W W W W W W W W W W W W N1 N1 N1 N1 N1 N2 N2 N2 N2 N2 N2 N2 N2 N2 N2 N2 N2 N2 N2 N2 N2 N2 N2 N2 N2 N1 N1 N2 N1 N1 N2 N2 N1 N1 N2 N2 N2 N2 N2 N2 N2 N2 N2 N2 N2 N2 N2 N2 N2 N2 N2 N2 N2 N2 N2 N2 N1 N1 N2 N2 N2 N2 N2 N2 N2 N1 N2 N2 N2 N1 N2 N2 N2 N2 N2 N2 N2 N1 N2 N2 W W W W W W W W W W W W W W W W W W W W W W W W W W W N1 W W W W W W W W N1 W W W W W W W W W W W W W W W W W W W W W W W W W W W W W W W W W W W W W W W W W W W W W W W W W W W W W W W W W W W W W W W W W W W W W W W W W W W W W W W W W W W W W W W W W W W W W W W W W W W W W W W W W W W W W W W W W W W W W W W W W W W W W W W W W W W W W W W W W W W W W W W W W W W W W W W W W W W W W W W W W W W W W W W W W W W W W W W W W W W W W W W W W W W W W W W W W W W W W W W W W W W W W W W W W W W W W W W W W W W W W W W W W W W W W W W W W W W W W W W W W W W W W W W W W W W W W W W W W W W W W W W W W W W W W W W W W W W W W W W W W W W W W W W W W W W W W W W W W W W W W W W W W W W W W W W W W W W W W W W W W W W W W W W W W W W W W W W W W W W W W W W W W W W W W W W W W W W W W W W W W W W W W W W W W W W W W W W W W W W W W W W W W W W W W W W W W W W W W W W W W W W W W W W W W W W W W W W W W W W W W W W W W W W W W W W W W W W W N1 N1 N1 N1 W W N1 N1 N1 W N1 N1 N2 N2 N1 N2 N2 N1 N2 N1 N1 N1 N1 N1 N2 N1 N1 N1 N2 N1 N2 N2 N2 N2 N2 N2 W W W W W W W W W W W W,processed_sleepedf/spectral/SC4762E0-PSG_spectral.pt
processed_sleepedf/tensors/SC4771G0-PSG.pt,W W W W W W W W W W W W W W W W W W W W W W W W W W W W W W W W W W W W W W W W W W W W W W W W W W W W W W W W W W W W N1 N1 N1 N1 N1 N1 W W W W N1 W N1 W W W W W W W W W W W W W N1 N1 N1 W N1 N1 N1 W N1 N1 W W W W W W W W W N1 N1 N1 N1 W N1 N1 N1 N1 N1 N1 N1 N1 N1 N1 N1 W N1 N1 N1 N1 N1 N1 N2 N2 N2 N2 N2 N2 N2 N2 N2 N2 N2 N2 N2 N2 N2 N2 N2 N2 N2 N2 N2 N2 N2 N2 N2 N2 N2 N2 N2 N2 N2 N2 N2 N2 N2 N2 N1 N1 N1 N1 N1 N1 N1 N1 N1 N1 N1 N1 N1 N2 N2 N2 N2 N2 N2 N2 N2 N2 N2 N2 N2 N2 N2 N2 N2 N2 N2 N2 N2 N2 N2 N2 N2 N2 N2 N2 N2 N2 N2 N2 N2 N2 N2 N2 N2 N2 N2 N2 N2 N2 N2 N2 N2 N2 N2 N2 N2 N2 N2 N2 N2 N2 N2 N2 N2 N2 N2 N2 N2 N2 N2 N2 N2 N2 N2 N2 N2 N2 N2 N2 N2 N2 N2 N2 N2 N2 N2 N2 N2 N2 N2 N2 N2 N2 N2 N2 N2 N2 N2 N2 N2 N2 N2 N2 N2 N2 N2 N2 N2 N2 N2 N2 N3 N2 W W W N1 N2 N2 N2 N2 N2 N2 N2 N2 N2 N2 N2 N2 N2 N2 N2 N2 N2 REM REM REM REM REM REM REM REM REM REM REM REM REM REM REM REM REM W W W W W W W W N1 N1 W W W N1 N1 N1 N1 N1 N1 N1 N2 N2 N2 N2 N2 N2 N2 N2 N2 N2 N2 N2 N2 N2 N2 N2 N2 N2 N2 N2 N2 N2 N2 N2 N2 N2 N2 N2 N2 N2 N2 N2 N2 N2 N2 N2 N2 N2 N3 N2 N3 N2 N2 N2 N3 N2 N2 N2 N2 N2 N2 N2 N2 N2 N2 N2 N2 N2 N2 N2 N2 N2 N2 N2 N2 N2 N2 N2 N2 N2 N2 N2 N2 N2 N2 N2 N2 N2 N2 N2 N2 N2 N2 N2 N2 N2 N2 N2 N2 N2 N2 N2 N3 W N1 W W W W W W W W W W W W W W W W W W W W W W W W W W W W W W W W W W W W W W W W W W W W W W W W W W W W W W W W W W W W W W W W W W W W W W W W W W W W W W W W W W W W W W W W W W W W W W W W W W W N1 W W W W W W W W W W W W W W W W W W W W W W W W W W W W W W W N1 W W W W W W W W W W W W W W W W W N1 N1 N1 N1 N1 N1 N1 N1 N1 N1 N1 N1 N1 N1 N1 N1 N1 N1 REM REM REM REM W W W N1 W W W W W N1 N1 N1 N1 N1 N1 REM REM REM REM REM REM REM REM REM REM REM REM W N1 N1 N1 N1 N1 N1 REM REM REM REM REM REM REM REM REM REM REM REM REM REM REM REM REM REM REM REM REM REM REM REM REM W W W N1 W N1 W N1 N1 N1 N1 N1 N1 N1 N1 N1 N1 N1 N1 N1 N1 N1 N1 N1 N1 N1 N1 N1 N1 N1 N1 N1 N1 N1 N1 N1 N1 N1 N1 N1 N1 N1 N1 N1 N1 N1 N1 N1 N2 N2 N2 N2 N2 N2 N2 N2 N2 N2 N2 N2 N2 N2 N2 N2 N2 N2 N2 N2 N2 N2 N2 N2 N2 N2 N2 N2 N2 N2 N2 N2 N2 N2 N2 N2 N2 N2 N2 N2 N2 N2 N2 N2 N2 N2 N2 N2 N2 N2 N2 N2 N2 N2 N2 N2 N2 N2 N2 N2 N2 N2 N2 N2 N2 N2 N2 N2 N2 N2 N2 N2 N2 N2 N2 N2 N2 N2 N2 N2 N2 N2 N2 N2 N2 N2 N2 N2 N2 N2 N2 N2 N2 N2 N2 N2 N2 N2 N2 REM REM W W N1 W N1 N1 W W REM REM REM REM REM N2 N2 N2 N2 N2 N2 N2 N2 N2 N2 N2 N2 N1 N1 N1 N1 N1 N2 N2 N2 N2 N2 N2 N2 N2 N2 N2 N2 N2 N2 N2 N2 N2 N2 N2 N2 N2 N2 N2 N2 N2 N2 N2 N2 N2 N2 N2 N2 N2 N2 N2 N2 N2 N2 N2 N2 N2 N2 N2 N2 N2 N2 N2 N2 N2 N2 N2 N2 N2 N2 N2 N2 N2 N2 N2 N2 N2 N2 N2 N2 N2 N2 N2 N2 N2 N2 N2 N2 N2 N2 N2 N1 N1 N1 N1 N1 N1 N1 N1 N1 N1 N1 N1 N1 N1 N1 N1 W W W W W W W W N1 W N1 W N1 W N1 N1 W W N1 N1 N1 N1 W W W W W W W W N1 N1 N1 N1 N1 N1 N1 N1 N1 N1 W W N1 N1 N1 N1 N1 N2 N1 N1 N1 N1 N1 N1 N1 N1 N2 N1 N2 N2 N2 N2 N2 N1 N1 N1 N1 N1 N1 N1 N1 N1 N1 N1 N1 N1 N1 N1 W N1 N1 N1 N1 N1 N1 N1 N1 N1 N1 N1 N1 N1 N1 N1 N1 N1 N1 N1 N1 N1 N1 N1 N1 N1 N1 N2 N1 N1 N1 N1 N1 N1 N1 N1 N1 N1 N1 N1 N1 N1 N1 N1 N1 N1 N1 N1 N1 N1 N1 N1 N1 N2 N2 N2 N2 N1 N1 N1 N2 N2 N1 N1 N1 W W W W W W W W W W W W W W W W W W W N1 N1 N1 N1 N1 N1 N1 N1 N1 N1 N1 N1 N1 N1 N1 N1 N1 N1 N1 N1 N1 N1 REM REM REM REM REM REM W N1 W W N1 REM W W W N1 N1 N1 N1 N1 N1 N1 N1 N1 N1 REM REM W W N1 N1 N1 N1 N1 N1 N1 REM REM REM REM REM REM REM REM REM W N1 N1 REM REM REM REM REM REM REM REM REM REM W W W W W N1 REM REM REM REM REM REM REM REM REM REM REM REM REM REM REM REM W W W W W W W W N1 N1 N1 N1 N1 N1 N1 N1 N1 N1 N1 N1 N1 N1 N1 N1 W N1 N1 N1 N1 N1 N1 N1 N1 N1 N1 N1 N2 N1 N2 N1 N1 N1 N1 N1 N1 N1 N2 N2 N2 N2 N2 N2 N2 N2 N2 N2 N2 N2 N2 N2 N1 N1 W W W W N1 W W W W W W W W W W W W W W W W W W W W W W W W W W W W W W W W W W W W W W W W W W W W W W W W W W W W W W W W W W W W,processed_sleepedf/spectral/SC4771G0-PSG_spectral.pt
processed_sleepedf/tensors/SC4772G0-PSG.pt,W W W W W W W W W W W W W W W W W W W W W W W W W W W W W W W W W W W W W W W W W W W W W W W W W W W W W W W W W W W W N1 W W W W W W W W W W W W W W W W W W W W W W W W W W W W W W W W W W W W W W W W W W W W W W W W W W W W W W W W W W W W W W W W W W W W W W W W W W W W W W W W W W W W W W W W W W W W W W W W W W W W W W W W W W W W W W W W W W W W W W W W W W W W W W W W W W W W W W W W W W W W W W W W W W W W W W W W W W W W W W W W W W W W W W W W W W W W W W W W W W W W W W W W W W W W W W W W W W W W W W W W W W W W W W W W W W W W W W W W W W W W W W W W W W W W W W W W W W W W W W W W W W W W W W W W W W W W W W W W W W W W W W W W W W W W W W W W W W W W W W W W W W W W W W W N1 N1 N1 N1 N1 N1 N1 N1 N1 N1 N1 N1 N1 N1 W N1 N1 N1 N1 N1 N1 N1 N1 N1 W W N1 N1 N1 N1 N1 N1 N1 N1 N1 N2 N2 N2 N2 N2 N2 N2 N2 N2 N2 N2 N2 N2 N2 N2 N2 N2 N2 N2 N2 N2 N2 N2 N2 N2 N2 N2 N2 N2 N2 N2 N2 REM REM REM REM REM REM REM REM REM REM REM REM REM REM REM REM REM REM REM REM REM REM REM REM REM REM REM REM REM REM REM REM REM REM REM REM REM REM REM REM REM REM REM REM REM REM REM REM REM REM REM REM REM REM REM REM REM REM REM REM REM REM REM REM REM REM REM REM REM REM REM REM REM REM REM REM REM W W W W N1 W N1 W N1 N1 N1 N1 N1 N2 N2 N1 N2 N1 W W N1 N1 N1 N2 N2 N1 N2 N2 N2 N2 N2 N1 N2 N2 N1 N2 N1 N1 N1 N2 N2 N2 N2 N2 N2 N2 N2 N2 N2 N2 N2 N2 N2 N2 N2 N3 N3 N3 N3 N3 N2 N3 N3 N3 N3 N3 N2 N3 N3 N3 N3 N3 N3 N3 N3 N3 N2 N3 N3 N3 N3 N3 N3 N3 N3 N3 N3 N3 N2 N3 N3 N3 N3 N3 N3 N3 N3 N3 N3 N3 N3 N3 N3 N3 N3 N3 N3 N3 N3 N3 N3 N3 N2 N3 N3 N3 N3 N3 N3 N3 N3 N3 N3 N2 N2 N2 N3 N3 N2 N2 W N2 N2 N2 N3 N2 N3 N2 N2 N2 N2 N2 N2 N2 N2 N2 N2 N2 N2 N2 REM REM REM REM REM REM REM REM REM REM REM REM REM REM REM REM REM REM REM REM REM REM REM REM REM REM REM REM REM W W N2 N2 N2 N2 N2 N2 N2 N2 N2 N2 N2 N2 N2 N2 N2 N2 N2 N2 N2 N2 N2 N2 N2 N2 N2 N2 N2 N2 N2 N2 N2 N2 N2 N2 N2 N2 N2 N2 N2 N2 N2 N2 N2 N2 N2 N3 N2 N3 N2 N2 N2 N2 N2 N2 N2 N2 N2 N2 N2 N2 N2 N2 N2 N2 N2 N2 N2 N2 N2 N2 N2 N2 N2 N2 N2 N2 N3 N2 N3 N2 N2 N2 N2 N2 N2 W N2 N2 N2 N2 N2 N2 N2 N2 N2 N2 N2 N2 N2 N2 W N2 N2 N2 N2 N2 N2 N2 N2 N3 N2 N3 N2 REM N2 N2 N2 N2 N2 N2 N2 N2 N2 N2 N2 N2 N2 N2 N2 N2 N2 N2 N2 N2 N3 N2 N2 N2 N2 N2 N2 N2 N2 N2 N3 N2 N2 N2 N2 N2 N2 N3 N3 N3 N3 N3 N3 N2 N2 N3 N3 N2 N3 N2 N2 N2 N3 N2 N3 N3 W W W W W W W W W W W W W W W W W W W N2 N2 N2 N2 N2 REM REM REM REM REM REM REM REM REM REM REM REM REM REM REM REM REM W W W W W W W W N1 N1 N1 N1 N1 N1 N1 REM REM REM REM W N1 N1 N1 N1 N1 N1 REM REM REM REM REM W W N1 N1 N1 N1 N1 N1 N1 N1 N1 N1 N1 N1 N1 N1 N1 N1 N1 N1 N1 N1 N1 N1 N1 N1 N1 W W W W W W W W W W W W W W W W W W W W W W W W W W W W W W W W W W W W W W W W W W W W W W W W W W W W W W W W W W W W W W W W W W W W W W W W W W W W W W W W W W W W W W W W W W W W W W W W W W W W W W W W W W W W W W W W W W W W W W W W W W W W W W W W W W W W W W W W W W W W W W W W W W W W W W W W W W W W W W W N1 W W N1 W W W W W W W W W W W W W W W W W W W W W W W W W W W N1 N1 W W W W W W W W W W W W W W W W W W W W W W W W W W W W W N1 N1 W W W W W W W W W W W W W W W W W W W W W W W W W W W W W W W W W W W W W W W W W W W W W W W W W W W N1 W N1 W N1 W W W W W W W W W W W W W W W W N1 W N1 N1 W W W N1 W W W W W W W W N1 N1 W N1 W N1 N1 N1 N1 N1 N1 W W W W W W W W W W W W W W W W W W W W W W W W W W W W W W W W W W W W W W W W W W W W W W W W W W W W W W W W W W W W,processed_sleepedf/spectral/SC4772G0-PSG_spectral.pt
processed_sleepedf/tensors/SC4801G0-PSG.pt,W W W W W W W W W W W W W W W W W W W W W W W W W W W W W W W W W W W W W W W W W W W W W W W W W W W W W W W W W W W W N1 W W W N1 N1 W W N1 N1 N1 N1 N1 N1 N1 W W W W W W W W W N1 W N1 W W W W W W N1 W W W W W W N1 N1 N1 N1 N1 W W W W W W W W W W W W W W W W W N1 W W N1 W N1 W W W N1 W W N1 W W W W W N1 N1 N1 N1 N1 N1 N1 W N1 N2 N2 N2 N2 N2 N1 N2 N2 N2 N2 N2 N2 N2 N2 N2 N2 N2 N2 N2 N2 N2 N2 N2 N2 N2 N2 N2 N2 N2 N2 N2 N2 N2 N2 N2 N2 N2 N2 N2 N2 N2 N2 N2 N2 N2 N2 N2 N2 W N1 N1 N1 N2 N2 N2 N2 N2 N2 N2 N2 N2 N2 N2 N2 N2 N2 N2 N2 N2 N2 N2 N2 N2 N2 N2 N2 N2 N2 N2 N2 N2 N2 N2 N2 N2 N2 N2 N2 N2 N3 N2 N2 N2 N2 N2 N2 N2 N2 N2 N2 N2 N2 N2 N2 N3 N3 N2 N2 N3 N2 N2 N2 N2 N3 N2 N3 N2 N2 N2 N2 N1 N1 N1 N1 N1 REM REM REM REM REM REM REM REM REM REM REM REM W W N1 N1 N1 N2 N2 REM REM W N1 N1 N1 REM W N1 N1 N1 REM REM REM REM W W W W W N1 N2 N2 W N1 N1 N1 W N1 W N1 N1 N1 N1 N1 N1 N1 N1 N2 N2 N2 N2 N2 N2 N2 N2 N2 N2 N2 N2 N2 N2 N2 N2 N2 N2 N2 N2 N2 N2 N2 N2 N2 N2 N2 N2 N2 N2 N2 N2 N2 N2 N2 N2 N2 N2 N2 N3 N3 N3 N2 N2 N2 N2 N2 N2 N2 N2 N2 N2 N2 N2 N2 N2 N2 N2 N2 N2 N3 N2 N2 N2 N2 N2 N2 N2 N2 N2 N2 N2 N2 N2 N2 N2 N2 N2 N2 N2 N2 N2 N2 N2 N2 N2 N2 N2 N2 N2 N2 N2 N2 N2 N2 N2 N2 N2 N2 N2 N2 N2 N2 N2 N2 N2 N2 N2 N2 N2 N2 N2 N2 N2 N2 N3 N2 N2 N2 N2 N2 N2 N2 N2 N2 N2 N2 N2 N2 N2 N2 N2 N2 N2 N2 N2 N2 N2 N2 N2 N2 N2 N2 N2 N2 N2 N2 REM REM REM W W W W N1 N1 N1 N1 N1 N1 W W N1 N1 N1 N1 N1 N1 W W N1 REM REM REM REM REM REM W N1 N1 N1 REM REM REM REM REM REM REM REM REM REM REM REM REM REM REM REM W W N1 N1 W W W W W W W N1 W W W W N1 N1 N1 N1 N1 N1 N1 N1 N2 N2 N2 N2 N2 N2 N2 N2 N2 N2 N2 N2 N2 N2 N2 N2 N2 N2 N2 N2 N2 N2 N2 N2 N2 N2 N2 N2 N2 N2 N2 N2 N2 N2 N2 N2 N2 N2 N2 N2 N2 N2 N2 N2 N2 N2 N2 N2 N2 N2 N2 N2 N2 N2 N2 N2 N2 N2 N2 N2 N2 N2 N2 N2 N2 N2 N2 N2 N2 N2 N2 N2 N2 N2 N2 N3 N2 N3 N2 N2 N2 N2 N2 N2 N2 N2 N2 N2 N2 N2 N2 N2 N2 N2 N2 N2 N2 N2 N2 N2 N2 N2 N2 N2 N2 N2 N2 N2 N2 W N1 N1 N1 N2 N2 N2 N2 N2 N2 N2 W N1 REM REM REM REM REM REM REM REM REM REM REM REM REM W W W W W W W N1 N1 N1 N1 N1 N1 N1 N1 N2 N2 N2 N2 N2 N2 N2 N2 N2 N2 N2 N2 N2 N2 N2 N2 N2 N2 N2 N2 N2 N2 N2 N2 N2 N2 N2 N2 N2 N2 N2 N2 N2 N2 N2 N2 N2 N2 N2 N2 N2 N2 N2 N2 N2 N2 N2 N2 N2 N2 N2 N2 N2 N2 N2 N2 N2 N2 N2 N2 N2 N2 N2 N2 N2 N2 N2 N2 N2 N2 N2 N2 N2 W N1 N1 N2 N2 N2 N2 N2 N2 N2 N2 N2 N2 N2 N2 N2 N2 N2 N2 N2 W W W W W W W W W W W W N1 N1 N1 N2 N2 N2 N2 N2 N2 N2 N2 N2 N2 N2 N2 N2 N2 N2 N2 N2 N2 N2 N2 N2 W W W W W W W N1 N1 N1 N1 W N1 N1 N1 N1 W W W W W W N1 N1 N1 N1 N2 N2 N2 N2 N2 N2 N2 N2 N1 N1 REM REM REM REM W W W W W W W W W W W N1 N1 N1 N1 N1 REM REM REM REM REM REM REM REM REM REM REM REM REM W W W N1 W W N1 N1 N1 N1 N1 REM REM REM REM REM REM REM REM W W N1 N1 N1 N1 N1 REM REM REM REM REM REM REM REM REM REM W REM REM REM REM REM REM REM REM REM REM REM REM REM REM REM REM REM REM REM REM REM REM REM REM REM REM REM REM W N1 N1 N1 N1 N1 N1 N1 N1 N1 N1 N1 N1 N1 N1 W N1 N1 N1 N1 N1 N1 N1 N1 N2 N2 N2 N2 N2 N2 N2 N2 N2 W N1 N2 N2 N2 N2 N2 N2 N2 N2 N2 N2 N2 N2 N2 N2 N2 N2 REM REM REM REM REM REM REM REM REM REM REM REM REM REM REM REM REM REM W N1 N1 N1 N1 N1 N1 N1 N1 N1 N1 N1 N2 N2 N2 N2 N2 N2 N2 W N1 N1 N2 N2 N2 N2 N2 N2 N2 N2 W N1 N1 N1 N1 N1 N1 N1 N1 N1 N2 N2 N2 N2 N2 N2 N2 N2 N2 N2 N2 N2 N2 N2 N2 N2 N2 N2 N2 N2 N2 N2 N2 N2 N2 N2 N2 N2 N2 N2 N2 N2 N2 N2 N2 N2 N2 N2 N2 N2 N2 N2 N2 N2 N2 N2 N2 N2 N2 N2 N2 N2 N2 N2 N2 N2 N2 N2 N2 N2 N2 N2 W N1 N1 N1 N2 N2 N2 N2 N2 W W W N1 N1 W N1 N1 N1 W W W N1 N1 N1 W N1 N1 N1 N1 N1 N1 N1 N1 N1 N1 REM REM REM REM W W W W W N1 W W W W W W W W W W W W W W W W W W W W W W W W W W W W W W W W W W W W W W W W W W W W W W W W W W W W W W W W W W W W,processed_sleepedf/spectral/SC4801G0-PSG_spectral.pt
processed_sleepedf/tensors/SC4802G0-PSG.pt,W W W W W W W W W W W W W W W W W W W W W W W W W W W W W W W W W W W W W W W W W W W W W W W W W W W W W W W W W W W W N1 N1 N1 N1 N1 N1 N1 W N1 N1 N1 N1 N1 N1 N1 N1 N1 W W W W W W W N1 N1 N1 N1 N1 N1 N1 N1 N1 N1 N1 N1 W N1 N1 N1 N1 N1 N1 N1 N1 N1 N2 N1 N1 N2 N2 N2 N1 N2 N2 N2 N2 N1 N2 N2 N2 N2 N2 N2 N2 N2 N2 N2 N2 N2 N2 N2 N2 N2 N2 N2 N2 N2 N2 N2 W W W W W W W N1 N1 N1 N1 N1 N1 N1 N1 N1 N1 N1 N1 N2 N2 N2 N2 N2 N2 N1 W W W W W N1 N1 N1 N1 W N1 N1 N1 N1 N1 N2 N2 N2 N2 N2 N2 N2 N1 N1 N2 N2 N2 N1 N2 N2 N2 N2 N2 N2 N2 N2 N2 N2 N2 N2 N2 N2 N2 N2 N2 N2 N2 N2 N2 N2 N2 N2 N2 N2 N1 REM W REM REM REM REM REM REM REM REM REM W W N1 N1 REM REM REM REM REM REM REM REM W W W W W W W W W W W W W W W W W W W W W W W W W W W W W W W W W W W W W W W W W W W W W W W W W W W W W W W W W W W W W W W W W W W W W W W N1 N1 W W W W N1 N1 W W W W W W W W W W W W W N1 N1 N1 N1 N1 N1 N1 N1 N1 N1 N1 N2 N2 N2 N2 N2 N2 N2 N2 N2 N2 W N1 N2 N2 N2 N2 N2 N2 N2 N2 N2 N2 N2 N2 N2 N2 N2 N2 N2 W N1 N1 N1 N2 N2 N2 N2 N2 N2 N2 N2 N2 N2 N2 W W N1 N1 N1 N1 N1 N2 N2 N2 N2 N2 N2 N2 N2 N2 N2 N2 N2 N2 N2 N2 N2 N2 N2 N2 N2 N2 N2 N2 N2 N2 N2 N2 N2 N2 N2 N2 N2 N3 N2 N2 N2 N2 N2 N2 N2 N2 N2 N2 W W W N1 N1 N1 N1 N1 N1 N1 N1 N1 N2 N2 N2 N2 N2 N2 N2 N2 N2 N1 N1 N1 N2 N2 N2 N2 N2 N2 W N1 N1 N1 W W W N1 N1 W REM REM REM REM REM REM REM REM REM REM REM REM REM REM REM REM REM REM REM REM REM REM REM W W W W W W W W W W W W W N1 N1 W N1 N1 N1 N1 N1 N1 N1 N1 N2 N2 N2 N2 N2 N2 N2 N2 N2 N2 N2 N2 N2 N2 N2 W W W W W N1 N1 N2 N2 N2 N2 N2 N2 N2 N2 N2 N2 N2 N2 N2 N2 N2 N2 N2 N2 N2 N2 N2 N2 W W W N1 W N1 N1 N2 N2 N2 N2 N2 N2 N2 N2 N2 N2 N2 N2 N2 N2 N2 N2 N2 N1 N1 W N1 W N1 N1 N1 W W W N1 N1 N1 N1 N2 N2 N2 N2 N2 N2 N2 N2 N2 N2 N2 N2 N2 N2 N2 N1 N1 N2 N2 N2 N2 N2 N2 N2 N2 N2 N2 N2 N2 N2 N1 N1 W W W W W W W W W W W N1 N2 N2 N2 N2 N2 N2 N2 N2 N2 N2 N2 N2 N2 N2 N2 N2 N2 N2 N2 N2 N2 N2 N2 N2 N2 N2 N2 N2 N2 N2 N2 N2 N2 N2 N2 N2 N2 N2 N2 N2 N2 N2 N2 N2 N2 N2 N2 N2 N2 N2 N2 N2 N2 N2 N2 N2 N2 N2 N2 N2 N2 N2 N2 N2 N1 N1 N2 N2 N2 N2 N2 REM REM REM REM REM REM W REM REM REM REM REM REM REM REM REM REM REM REM REM REM REM REM REM REM REM REM REM REM REM REM REM REM REM REM REM REM REM REM REM REM REM REM REM REM REM REM W W W W N1 N1 N1 N1 N1 N1 N1 N1 N2 N2 N2 N2 N2 N2 N2 N2 N2 N2 N1 N1 N1 W REM REM REM REM REM REM W REM REM REM REM REM REM REM REM W W W W W W N1 N1 N1 N1 N1 N2 N2 N2 N2 W N1 N1 N1 W W N1 N1 N2 N2 N2 N2 N2 N2 N2 N2 N2 N2 N2 N2 N2 N2 N2 N2 N2 N2 N2 N2 N2 N2 N2 N2 N2 N2 N2 N2 N2 N2 N2 N2 N2 N2 N2 W W N1 N1 N1 N1 N2 N2 N2 N2 N2 N2 N2 N2 N2 N2 N2 W N1 N1 N1 N1 N2 N2 N2 N2 N2 N2 N2 N2 N2 N2 N2 N2 N2 N2 N2 N2 N2 N2 N2 N2 N2 N2 N2 N2 N2 N2 N3 N2 N2 N2 N3 N1 N2 N2 N2 N2 N2 N2 N2 N2 N2 N2 N2 N2 N2 N2 N2 N2 N2 N2 REM REM REM REM REM REM REM REM REM REM REM REM W W W W W W W W W W N1 N1 N1 N1 N1 N1 N1 N1 N2 N2 N2 REM REM REM REM REM REM REM W N1 N2 N2 N2 N2 REM REM REM REM REM REM REM W W N1 N1 N1 N2 N2 N2 REM REM REM REM W N1 N1 N1 N1 N2 N2 N2 REM REM REM REM REM W W W N1 N1 N1 W N1 N1 N1 N1 N2 W N1 N1 N1 N1 N1 N2 N2 N2 N2 N2 N2 N2 N2 N2 N2 N2 N2 N2 N2 N2 N2 N2 N2 N2 N1 N2 N2 N2 N2 N2 N2 N2 N2 N2 N2 N2 N1 N2 N2 N2 N2 N2 N2 N2 N2 N2 N2 N2 N2 N2 N2 N2 N2 N2 N2 N2 N2 N2 N2 N2 N2 N2 N2 N2 N2 N2 N2 N2 N2 N2 N2 N2 N2 N2 N2 N2 N2 N2 N2 N2 N2 N2 N2 N2 N2 N2 N2 N2 N2 N2 N2 N2 N2 N2 N2 N2 N2 N2 N2 N2 N2 N2 N2 N3 N3 N3 N2 N2 N2 N2 N2 N2 W W W W W W W W W W W W W W W W W W W W N1 N1 W W W W W W W W W W W W W W W W W W W W W W W W W W W W W W W W W W W W W W W W W W W W W W W W W W W W W W W W W W W W,processed_sleepedf/spectral/SC4802G0-PSG_spectral.pt
processed_sleepedf/tensors/SC4811G0-PSG.pt,W W W W W W W W W W W W W W W W W W W W W W W W W W W W W W W W W W W W W W W W W W W W W W W W W W W W W W W W W W W W N2 N2 N2 N2 N2 N1 W N1 N1 N2 N2 N2 N2 N2 N2 N2 N2 W N2 N2 N2 N2 W N1 W W W W W W W W W W W W W W W W W W W W W W W W W W W W W W W W W W W W W W W N1 W W W W W W W W W W W W W W W W W W W W W W W W W W W W W W W W W W W W W W W W W W W W W W W W W N1 W N1 W W W W W W W W W W W W W W W W W W W W W W W W W W W W W W W W W W W W N1 N1 N1 N1 N2 N2 N2 N2 N2 N2 N2 N2 N2 N2 N2 N2 N2 N2 N2 N2 N2 N2 N2 N2 N3 N2 N3 N3 N3 N2 N2 N3 N2 N2 N1 W W W N1 W W W N1 N1 N1 N1 N1 N2 N2 N2 N2 N2 N2 N2 N2 N2 N2 N2 N2 N2 N2 N2 N2 N3 N2 N2 N3 N3 N3 N3 N2 N3 N3 N3 N3 N3 N3 N3 N3 N3 N3 N3 N3 N3 N3 N3 N3 N3 N3 N3 N2 N2 N3 N3 N2 N2 N2 N2 N2 N2 N2 N2 N2 N2 N2 N2 N2 N2 N2 N2 N2 N2 N2 N2 REM REM REM REM W N1 N2 N2 REM REM REM REM REM REM REM REM REM REM REM REM REM REM REM REM REM REM REM REM REM REM REM REM REM REM REM REM REM REM REM REM REM REM REM REM N1 REM REM N1 REM REM REM REM REM REM REM REM REM REM REM REM REM REM REM REM N1 REM N2 N1 REM N2 N2 N2 N2 N2 N2 N2 N2 N2 N2 N2 N2 N2 N2 N2 N2 N2 N2 N2 N2 N2 N2 N2 N3 N2 N3 N2 N3 N3 N3 N3 N3 N3 N3 N3 N3 N3 N3 N3 N3 N3 N3 N3 N3 N3 N3 N3 N3 N3 N3 N3 N3 N3 N3 N3 N3 N3 N3 N3 N3 N3 N3 N3 N3 N3 N3 N3 N3 N3 N3 N3 N2 N2 N2 N2 N2 N2 N2 N2 N3 N2 N2 N2 N2 N3 N2 N3 N2 N2 N2 N3 N3 N3 N3 N2 N3 N3 N3 N3 N3 N3 N3 N3 N3 N3 N3 W W N1 N2 N2 W N1 W N1 N1 N1 N2 N2 N2 N1 N2 N2 N2 N2 N2 N2 N2 N2 N2 N2 N2 N2 N2 N2 N2 N2 N2 N2 N2 N2 N2 N2 N2 N2 N2 N2 N2 N2 N2 N2 N2 N2 N2 N2 N2 N2 N2 N2 N2 N2 N2 N2 N2 N2 N2 N2 N2 N2 N2 N3 N2 N2 N3 N2 N3 N3 N2 W W W W W N1 N1 N1 N2 N2 N2 N2 N2 N2 N2 N2 N2 N2 N2 N2 REM REM REM N1 REM REM REM REM REM REM N1 N1 REM REM REM REM REM REM REM N1 REM REM REM REM REM REM REM REM W W W N1 N1 W N1 N2 N2 N2 N2 N2 N2 N1 N2 N2 N2 N1 N2 N2 N2 N2 N2 N2 N2 N2 N2 N2 N2 N2 N2 N2 N2 N2 N2 N2 N2 N2 N2 N2 N2 N2 N2 N3 N2 N2 N2 N2 N2 N2 N2 N2 N2 N2 N2 N2 N2 N2 N2 N2 N3 N2 N2 N2 N2 N3 N2 N2 N3 N2 N2 N2 N2 N3 N2 N2 N2 N2 N3 N2 N3 N2 N2 N2 N2 N3 N2 N2 N2 N2 N3 N2 N3 N3 N2 N2 N2 N2 N3 N3 N3 N3 N3 N3 N3 N3 N3 N3 N2 N2 N2 N2 N2 N2 N1 N2 N2 N2 N2 N2 N2 N2 N2 N2 N2 N2 N2 N2 N2 N2 N2 N2 N2 N2 N2 N2 N2 N2 N2 N2 N2 N2 N2 N2 N2 N2 N3 N2 N2 N2 N2 N1 N2 N2 N2 N2 N2 N2 N2 N2 N2 N2 N2 N2 N2 N2 N2 N2 N2 N2 N2 N2 N2 N2 N2 N2 N2 N2 N2 N2 N2 N2 N2 N2 N2 N2 N2 N2 N2 N2 N2 N2 N2 N2 N2 N2 N2 N2 REM REM REM N1 W REM REM REM REM REM REM REM REM REM REM REM REM REM W W N1 REM REM REM REM REM REM REM REM REM REM REM REM REM REM N1 W W W W W W W W W W W W W W W W W W W W W W W W W W W W W W W W W W W W W W W W W N1 W W W W W W W W W W W W N1 W N1 N1 N1 N1 W N1 N1 N1 N1 N1 N2 N2 N2 N1 N1 N1 N1 N2 N1 N2 N2 N2 N2 N2 N2 N2 N2 N2 N2 N2 N2 N2 N2 N2 N2 N2 N2 N2 N2 N2 N2 N2 W W N1 N2 N2 W N1 N2 N2 N2 N2 N2 N2 N2 N2 N2 N2 N2 N2 N2 N2 N2 N2 N2 N2 N2 N2 N2 N2 N2 N2 N2 N2 N2 N2 N2 N2 N2 N2 N2 N2 N2 N2 N2 N2 N2 N2 N2 N2 N2 N2 N2 N2 N2 N2 N1 W W N1 N1 N1 N1 N2 N2 N2 N2 N2 N2 N2 REM REM REM REM REM REM REM REM REM REM REM REM REM REM REM REM N1 REM REM REM REM REM REM REM W N1 N1 N1 N1 N1 REM REM REM REM REM REM REM REM REM REM REM REM W N1 W W W W W N1 N2 N2 N2 N2 N2 N2 N2 N2 N2 N2 N2 N2 N1 N2 N1 W N1 N2 N2 N2 N2 N2 N2 N2 N2 N2 N2 N2 N2 N2 W N1 N2 N2 N2 N2 N2 N2 N2 N2 N2 N2 N2 N2 N2 N2 N2 N2 N2 N2 N2 N2 N2 N2 N2 N2 N2 N2 N2 N2 N2 N2 N2 N2 N2 N2 N2 N2 N2 N2 N2 N2 N2 N2 N2 N2 REM REM REM REM REM REM REM REM REM REM REM REM REM REM REM REM REM REM REM REM REM REM N1 REM REM REM REM REM REM REM N2 N2 REM REM REM REM REM REM REM REM REM REM REM REM REM REM REM REM REM N1 N1 REM N1 W W W W W W W W W W W W W W W W W W W N1 W N1 N1 N2 N2 N2 N2 N2 N2 N2 N2 N2 W W W W W W W W W W W W W W W W W W W W W W W W W W W W W W W W W W W W W W W W W W W W W W W W W W W W W W W W W W W W,processed_sleepedf/spectral/SC4811G0-PSG_spectral.pt
processed_sleepedf/tensors/SC4812G0-PSG.pt,W W W W W W W W W W W W W W W W W W W W W W W W W W W W W W W W W W W W W W W W W W W W W W W W W W W W W W W W W W W W N1 N1 W W W W W W W W W W W W W W W W W W W W W W W W W W W W W W W W W W W W W W W W W W W W W W W W W W W W W W W W W W W W W W W W W W W W W W W W W W W W W W W W N1 N1 N1 N1 N1 N1 N1 N1 N1 N1 N1 N1 N1 W W W W W W W W W W W W W W W N1 N1 N1 N1 N1 N1 N1 N1 N1 N2 N2 N2 N2 N2 N2 N2 N2 N2 N2 N2 N2 N2 N2 N2 N2 N2 N2 N2 N2 N2 N2 N2 N2 N2 N2 N2 N3 N2 N2 N2 N2 N2 N2 N2 N2 N2 N3 N2 N2 N2 N3 N3 N3 N3 N2 N1 N1 N1 N1 N1 N1 N1 N2 N2 N2 N2 N2 N2 N2 N2 N2 N2 N2 N2 N2 N2 N2 N2 N2 N2 N2 N2 REM REM REM REM REM REM REM REM REM REM REM REM REM REM REM REM REM REM W N1 N1 N1 N1 N1 N1 N2 N1 W W W N1 N1 N1 N1 N1 N1 N2 N2 N2 N2 N2 N2 N2 N2 N2 N2 N2 N2 N2 N2 N2 N2 N2 N2 N2 N2 N2 N2 N2 N3 N3 N3 N3 N3 N3 N3 N3 N3 N3 N3 N3 N3 N3 N3 N3 N3 N3 N3 N3 N3 N3 N3 N3 N3 N3 N3 N3 N3 N3 N3 N3 N3 N3 N3 N3 N3 N3 N3 N3 N3 N3 N3 N3 N3 N3 N3 N3 N3 N3 N3 N3 N3 N3 N3 N3 N3 N2 N2 N2 N2 N2 N2 N2 N2 N2 N2 N2 N2 N2 N2 REM REM REM REM REM REM W N1 N1 REM REM REM REM REM REM REM REM REM REM REM REM REM REM REM REM REM REM REM REM REM REM REM REM REM REM REM REM REM REM REM REM REM REM REM REM REM REM REM REM REM REM REM REM N1 N1 W N1 N2 N2 N2 W N1 N1 N1 N1 N1 N2 N2 N2 N2 REM REM REM N2 N2 N2 N2 N2 REM REM REM REM REM REM REM REM REM N2 N2 N2 N2 N2 N2 N2 N2 N2 N2 N2 N2 N2 N2 N2 N2 N2 N2 N2 N2 N2 N2 N2 N2 N2 N2 N2 N2 N2 N2 N2 N2 N2 N2 N2 N2 N2 N2 N2 N2 N3 N3 N2 N3 N3 N3 N3 N3 N3 N2 N3 N3 N3 N2 N3 N3 N3 N3 N2 N3 N3 N3 N3 N3 N3 N3 N3 N3 N2 N2 N3 N3 N3 N3 N2 N2 N3 N3 N2 N3 N2 N3 N3 N2 N3 N3 N3 N2 N2 N3 W W W W W W W W W N1 N1 N1 N1 N1 N1 N1 N1 N1 N1 N1 N1 N2 N2 N2 N2 N2 N2 N2 N2 N2 N2 N2 N2 N2 N2 N2 N2 W N1 N1 N2 N2 N2 N2 N2 N2 N2 N2 N2 N2 N2 N2 N2 N2 N2 N2 N2 N2 N2 N2 N2 N2 N2 N2 N2 N2 N2 N2 N2 N2 N2 N2 N2 N2 N2 N2 N2 N2 N2 N2 N2 N2 N2 N2 N2 N2 N2 N2 N2 N2 N2 N2 N2 REM REM REM REM REM REM REM REM REM REM W N1 REM REM REM REM REM REM REM REM REM REM REM W W W W W N1 N2 N1 N1 N1 N1 N1 N1 N1 N1 N1 N1 N1 N1 N1 N1 N1 N1 N1 N1 W N1 N1 N1 N1 N1 N1 N1 W N1 N2 N2 N2 N2 N2 N2 N2 N2 N2 N2 N2 N2 N2 N2 N2 N2 N2 N2 N2 N1 N1 W W W W N1 W W W W W W W W W W N1 N1 N1 N1 W W W W W W W W W W W W N1 N1 N1 N1 N1 W W W N1 W W W W W W W W W W W W W W W W W W W W W N1 N1 N1 N1 W W W W W W W W W W W W W W W W W W W W W W W W W W W W W W W W W W W W W W W W W W W W W W W W W W W W W W W W W W W W W W W W W W W W W W W W W W W W W W W W W W W W W W W W W W W W W W W W W W W W W W W W W W W W W W W W W W W W W W W W W W W W W W W W W W W W W W W W W W W W W W W W W W W W W W W W W N1 W W N1 W W N1 W N1 N1 W W W N1 N1 N2 N2 N2 N2 N2 N2 N2 N2 N2 N2 N2 N2 REM REM REM REM REM REM REM N1 REM REM REM REM REM REM REM REM REM REM REM REM REM REM REM REM REM REM REM REM REM REM REM REM REM REM REM REM REM N1 REM N2 N2 N2 N2 N2 N2 N2 N2 N2 N2 N2 N2 N2 N2 N2 N2 N2 N2 N2 N2 N2 N2 N2 N2 N2 N2 N2 N2 N2 N2 N2 N2 N2 N2 N2 N2 N2 N2 N2 N2 N2 N2 N2 N2 N2 N2 N2 N2 N2 N2 N2 N2 N3 N2 N2 N3 N2 N2 N2 N2 N2 N2 N2 W W W N1 N1 N1 N1 N1 N2 N2 W W N1 N1 N1 N1 N1 N2 N2 N2 N2 N2 N2 N2 W N2 N2 N2 N1 N1 W N1 N2 N2 N2 N1 N1 N2 N2 N2 N2 N2 N2 N2 N1 W W W W W W W W W W W W W W W W W W W W W W W W W W W W W W W W W W W W W W W W W W W W W W W W W W W W W W W W W W W W,processed_sleepedf/spectral/SC4812G0-PSG_spectral.pt
processed_sleepedf/tensors/SC4821G0-PSG.pt,W W W W W W W W W W W W W W W W W W W W W W W W W W W W W W W W W W W W W W W W W W W W W W W W W W W W W W W W W W W W N1 N1 N1 N1 N1 W W W W W W W W W W W W W W W W W W W W W W W W W W W W W W W W W W W W W W W W W W W W W W W W W W W W W W W W W W W W W W W W W W W W W W W W W W W W W W W W W W W W W W W W W W W W W W W W W W W W W W W W W W W W W W W W W W W W W W W W W W W W W W W W W W W W W W W W W W W W W W W W W W W W W W W W W W W W W W W W W W W W W W W W W W W W W W W W W W W W W W W W W W W W W W W W W W W W W W W W W W W W W W W W W W W W W W W W W W W W W W W W W W W W W W W W W W W W W W W W W W W W W W W W W W W W W W W W W W W W W W W W W W W W W W W W W W W W W W W W W W W W W W W W W W W W W W W W W W W W W W W W W W W W W W W W W W W W W W W W W W W W W W W W W W W W W W W W W W W W W W W W W W W W W W W W W W W W W W W W W W W W W W W W W W W W W W W W W W W W W W W W W W W W W W W W W W W W W W W W W W W W W W W W W W W W W W W W W W W W W W W W W W W W W W W W W W W W W W W W W W W W W W W W W W W W W W W W W W W W W W W W W W W W W W W W W W W W W W W W W W W W W W W W W W W W W W W W W W W W W W W W W W W W W W W W W W W W W W W W W W W W W W W W W W W W W W W W W W W W W W W W W W W W W W W W W W W W W W W W W W W W W W W W W W W W W W W W W W W W W W W W W W W W W W W W W W W W W W W W W W W W W W W W W W W W W W W W W W W W W W W W W W W W W W W W W W W W W W W W W W W W W W W W W W W W W W W W W W W W W W W W W W W W W W W W N1 N1 N1 N1 W W N1 N1 N1 N1 N1 N1 N1 N1 N1 N1 N1 N1 N1 N1 N1 N2 N2 N2 N2 N2 N2 N2 N2 N2 N2 N2 N2 N2 N2 N2 N2 N2 N2 N3 N3 N3 N3 N2 N2 N2 N2 N2 N2 N2 N2 N2 N3 N2 N3 N3 N3 N3 N3 N3 N3 N3 N3 N3 N3 N3 N3 N3 N2 N3 N3 N3 N3 N3 N3 N3 N3 N3 N3 N3 N3 N3 N3 N3 N3 N3 N3 N3 N3 N3 N3 N3 N3 N3 N3 N3 N3 N3 N3 N3 N3 N3 N3 N3 N3 N3 N3 N3 N3 N3 N3 N3 N3 N3 N3 N2 N2 N2 N3 N3 N3 N3 N3 N3 N3 N3 N3 N3 N3 N3 N3 N3 N3 N3 N3 N3 N3 N3 N3 N3 N3 N3 N3 N3 N3 N3 N3 N3 N3 N3 N2 N2 N2 W N1 N1 N2 N2 REM REM REM REM REM REM REM REM REM REM REM REM REM REM REM REM REM REM REM REM REM REM REM REM REM REM REM REM REM REM REM REM REM REM REM REM W W N1 N2 N2 N2 N2 N2 N2 N2 N2 N2 N2 N2 N2 N2 N2 N2 N2 N2 N2 W N2 W N2 N2 N2 N2 N2 N2 N2 N2 N2 N2 N2 N2 N2 N2 N2 N2 N2 N2 N2 N2 N2 N2 N2 N2 N2 N2 N2 N2 N2 N2 N2 N2 N2 N2 N2 N2 N3 N2 N2 N3 N3 N3 N3 N2 N3 N3 W N1 N1 N2 N2 N2 N2 N2 N2 N2 N2 N2 N2 N2 N2 N2 N2 N2 N2 N2 N2 N2 N2 N2 N2 N2 N2 N2 N2 N2 N3 N2 N2 N2 N2 N2 N2 N2 N2 N2 N2 N3 N3 N3 N2 N2 N3 N3 N3 N3 N3 N3 N3 N3 N3 N3 N3 N3 N2 N2 N3 N3 N3 N3 N3 N3 N3 N3 N3 N2 N3 N3 N3 N3 N3 N3 N3 N3 N3 N3 N3 N3 N3 N3 N3 N3 N3 N3 N3 N3 N3 N3 N3 N3 W W W W N1 W W N1 N1 N1 N1 N1 N1 N1 REM REM REM REM REM REM REM REM REM REM REM REM REM REM REM REM REM REM REM REM REM W W W N1 N1 N1 N2 REM REM REM REM REM REM REM REM REM REM REM REM REM REM REM REM REM REM REM W N1 N2 N2 N2 N2 N2 N2 N2 N2 N2 N2 N2 N2 N2 N2 N2 N2 N2 N2 N2 N2 N2 N2 N2 N2 N2 N2 N2 N2 N2 N2 N2 N2 N2 N2 N2 N2 N2 N2 N2 N2 N2 N2 N2 N2 N2 N2 N2 N2 N2 N2 N2 N2 W W W N1 N1 N1 N1 N2 N2 N2 N2 N2 N2 N2 N2 N2 N2 W N1 N2 N2 N2 N2 N2 N2 N2 N2 N2 N2 N2 N2 N2 N2 N2 N2 N2 N2 N2 N2 N2 N2 N2 N2 N3 N3 N3 N2 N2 N2 N2 N2 N2 N2 N2 N2 N2 N2 N2 N2 N2 N2 N2 N2 N2 N2 N2 N2 N2 N2 N2 N2 N2 N2 N2 N2 N2 W N1 N2 N2 N2 W N1 N1 N2 N2 N2 N2 N2 N2 N2 N2 N2 N2 N2 W N2 N2 N2 W N2 N2 N2 N2 N2 N2 N2 N2 N2 N2 N2 N2 N2 N2 N2 N2 N2 N2 N2 N2 N2 N2 W N1 N1 N2 N2 N2 N2 N2 N2 N2 N2 REM REM REM REM REM REM REM REM REM REM REM REM REM REM REM REM REM REM REM REM REM REM REM REM REM REM REM REM REM REM REM REM REM REM REM REM REM REM REM REM REM REM REM REM REM REM REM REM W W W W N1 N1 N1 N1 REM REM REM REM REM REM REM REM REM REM REM REM REM REM REM REM REM REM REM REM REM REM REM REM REM N2 N2 N2 N2 N2 N2 N2 N2 N2 N2 N2 N2 N2 N2 N2 N2 N2 N2 N2 N2 N2 N2 N2 N2 N2 N2 N2 N2 W W W W W W W W N1 N1 N2 N2 N2 N2 N2 N2 N2 N2 N2 N2 N2 N2 N2 N2 N2 N2 N2 N2 N2 N2 N2 N2 N2 N2 W N1 N1 N1 N2 N2 N2 N2 N2 N2 N2 N2 N2 N2 N2 N2 N2 N2 N2 N2 N2 N2 N2 N2 N2 N2 N2 N2 N2 N2 N2 N2 N2 N2 N2 N2 N2 N3 N2 N2 N2 N3 N2 N3 N3 N3 N3 W N1 N1 N1 N2 N2 N2 N2 N2 N2 N2 N2 N2 N2 N2 N2 N2 N2 N2 N2 N2 REM REM REM REM REM REM REM REM REM REM REM REM REM REM REM REM REM REM REM REM REM REM REM REM REM REM REM REM REM REM REM REM REM REM REM REM REM REM REM REM REM REM REM REM REM REM REM REM REM REM REM REM REM REM REM REM REM REM REM REM REM REM REM REM REM REM REM REM REM REM REM REM REM REM REM REM REM REM REM W W W W W W W W N1 N1 N1 W W W W W W W W W W W W W W W W W W W W W W W W W W W W W W W W W W W W W W W W W W W W W W W W W W W W W W W W W W W W,processed_sleepedf/spectral/SC4821G0-PSG_spectral.pt
processed_sleepedf/tensors/SC4822G0-PSG.pt,W W W W W W W W W W W W W W W W W W W W W W W W W W W W W W W W W W W W W W W W W W W W W W W W W W W W W W W W W W W W N1 W W W W W W W W W W W W W W W W W W W W W W W W W W W W W W W W W W W W W W W W W W W W W W W W W W W W W W W W W W W W W W W W W W W W W W W W W W W W W W W W W W W W W W W W W W W W W W W W W W W W W W W W W W W W W W W W W W W W W W W W W W W W W W W W W W W W W W W W W W W W W W W W W W W W W W W W W W W W W W W W W W W W W W W W W W W W W W W W W W W W W W W W W W W W W W W W W W W W W W W W W W W W W W W W W W W W W W W W W W W W W W W W W W W W W W W W W W W W W W W W W W W W W W W W W W W W W W W W W W W W W W W W W W W W W W W W W W W W W W W W W W W W W W W W W N1 N1 N1 N1 N1 N1 N1 W W W N1 N1 N1 N1 N1 N2 N2 N2 N2 N2 N2 N2 N2 N2 N2 N2 N2 N2 N2 N2 N2 N2 N2 N2 N2 N2 N2 N2 N2 N2 N2 N2 N2 N2 N2 N3 N3 N3 N3 W N1 N1 N2 N2 N2 N2 N2 N3 N2 N2 N3 N3 N3 N3 N3 N3 N3 N3 N3 N3 N3 N3 N3 N3 N3 N3 N3 N3 N3 N3 N3 N3 N3 N3 N3 N3 N3 N3 N3 N3 N3 N3 N1 N1 N1 N1 N1 N1 N2 N2 N2 N2 N2 N3 N2 N2 N3 N2 N2 N3 N2 N2 N2 N2 N2 N2 N2 N2 N2 N2 N2 N2 N3 N2 N2 N2 N2 N2 N2 N3 N3 N3 N2 N2 N2 N2 N3 N3 N3 N3 N3 N3 N3 N3 N3 N3 N3 N3 N3 N3 N3 N3 N3 N1 N1 N1 N1 N1 N1 N1 N2 N2 N2 N2 N2 N2 N2 REM REM REM REM REM REM REM REM REM REM REM REM REM REM REM REM REM REM REM REM REM REM REM REM REM REM REM REM REM REM REM REM REM REM REM REM REM REM REM REM REM REM REM REM REM W N1 N1 N2 N2 N2 N2 N2 N2 N2 N2 N2 N2 N2 N2 N2 N2 N2 N2 N2 N2 N2 N2 N2 N2 N2 W N1 N1 N2 N2 N2 N2 N2 N2 N2 N2 N2 N3 N2 N3 N2 N2 N2 N3 N3 N3 N3 W W W W W N1 N1 N1 N1 N1 N1 N2 N2 N2 N2 W N1 N1 N1 N2 N2 N2 N2 N2 N2 N2 N2 N2 N2 N2 W N1 N2 N2 N2 N2 N2 N2 N2 N2 N2 N2 N2 N2 N2 N2 N2 N2 N3 N2 N3 N3 N3 N2 N3 N2 N3 N3 N3 N3 N3 N3 N3 N3 N3 N3 N3 N3 N3 N3 N3 N3 N3 N3 N3 N3 N3 N3 N3 N3 N3 N3 N3 N3 N3 N3 N3 N3 N3 N3 N3 N3 N3 N3 N3 W N1 N2 N2 N2 N2 N2 N2 N2 N2 N2 N2 N2 REM REM REM REM REM REM REM REM REM REM REM REM REM REM REM REM REM REM REM REM REM REM REM REM W N2 N2 N2 N2 N2 N2 N2 N2 N2 N2 N2 N2 N2 N2 N2 N2 N2 N2 N2 N2 N2 N2 N2 N2 N2 N2 N2 N2 N2 N2 N2 N2 N2 N2 N2 N2 N2 N2 N2 N2 N3 N3 N2 N2 N2 N2 N2 N2 N2 N2 N2 N2 N2 N2 N2 N2 N2 N2 N2 N2 N2 N2 N2 N2 N2 N2 N2 N2 N2 N2 N2 N2 N3 N2 N2 N3 N3 N3 N3 N3 N3 N3 N3 N3 N3 N3 N3 N3 N3 N3 N3 N3 N3 W W W W N1 N1 N2 N2 N2 N2 N2 N2 N2 N2 W N1 N1 N2 N2 N2 REM REM REM REM REM REM REM REM REM REM REM REM REM REM REM REM REM REM REM REM REM REM REM REM REM REM REM REM REM REM REM REM REM REM REM REM REM REM REM REM REM REM REM REM REM REM REM REM REM W N1 N1 N1 N1 REM REM REM REM REM REM REM REM REM REM REM REM REM REM REM REM REM REM REM REM REM REM REM REM REM W W N1 N2 N2 N2 N2 N2 N2 N2 N2 N2 N2 N2 N2 N2 N2 N2 N2 N2 N2 N2 N2 N2 N2 N2 N2 N2 N2 N2 N2 N2 N2 N2 N2 N2 N2 N2 N2 N2 N2 N2 N2 N2 W W W W N1 N1 N1 N2 N2 N2 N2 N2 N2 N2 N2 N2 N2 N2 N2 N2 N2 N2 N2 N2 N2 N2 N2 N2 N2 N2 N2 N2 N2 W N1 N2 N2 N2 N2 N2 N2 N2 N2 N2 N2 N2 N2 N2 N2 N2 N2 N2 N2 N2 N2 N2 N2 N2 N2 N2 N2 N2 N2 N2 N2 N3 N3 N2 N3 N3 N3 N3 N3 N3 N3 N3 N3 N3 N3 N3 N3 N3 N3 N3 N3 N3 N3 N3 N3 N3 N2 N2 N2 W W N1 W N1 N1 N1 N1 REM REM REM REM REM REM REM REM REM REM REM REM REM REM REM REM REM REM REM REM REM REM REM REM REM REM REM REM REM REM REM REM REM W N1 N2 N2 N2 N2 N2 N2 N2 N2 N1 N1 N1 N1 N1 N1 W N1 N1 N1 N2 N2 N2 N2 N2 N2 N2 N2 N2 N2 N2 N2 N2 N2 N2 N2 N2 N2 N2 N2 N2 N2 N2 N2 N2 N2 N2 N2 N2 N2 N2 N2 N2 N2 N2 N2 REM REM REM W W N1 N1 N1 W W W W W W W W W W W W W W W W W W W W W W N1 N1 N1 N1 N1 N1 N1 N1 N2 N2 N2 N2 N2 N2 N2 N2 N2 N2 N2 N2 N2 N1 N1 N1 N1 N1 N1 N2 N2 W N1 N1 N1 N1 N1 N1 N1 W W W N1 N1 W W W W N1 N1 W W W W N1 N1 N1 W W N1 W W W W W W W W W W W W W W N1 N1 N1 N1 N1 N1 N1 N2 N1 N1 N1 W N1 N1 W W W W W W W W W W W W N1 W W W N1 N1 N1 N1 N1 W W W W W W W W W W W W W W W W W W W W W W W W W W W W W W W W W W W W W W W W W W W W W W W W W W W W W W W W W W W W,processed_sleepedf/spectral/SC4822G0-PSG_spectral.pt
processed_sleepedf/tensors/ST7011J0-PSG.pt,W W W W W W W W W W W W W W W W W W W W W W W W W W W W W W W W W W W W W W W W W W W W W W W W W W W W N1 N1 N1 N2 N2 N2 N2 N2 N2 N2 N2 N2 N2 N2 N2 N2 N2 N2 N2 N2 N2 N2 N1 N1 N1 N1 N2 N2 N3 N3 N1 N2 N2 N2 N2 N2 N3 N3 N3 N2 N1 N2 N2 N2 W W W W N1 N1 N2 N2 N2 N2 N2 N2 N2 N2 W W W W W W W W N2 N2 N3 N2 N1 N1 W W W N1 N1 N1 N1 N2 N1 N1 N2 N2 N1 N1 N1 W W W N1 N2 N2 N2 N2 N2 N3 N2 N2 N2 N2 N2 N2 N3 N3 N2 REM REM REM REM N2 N2 N2 N2 N2 N2 N2 N2 N2 N2 N1 N1 N1 N1 N1 N1 N1 N1 N2 N2 N2 N2 N2 N2 N2 N2 N1 W W W W W W W W W W W W W W N1 N2 N2 N2 N2 N2 N3 N2 N2 N2 N3 N3 N2 N2 N2 N2 N2 N2 N2 N2 N2 N3 N2 N3 N2 N2 N2 N2 N2 N3 N3 N2 N1 N1 N2 N2 N2 N2 N2 N2 N2 N3 N2 N2 N2 N2 N2 N2 N2 N2 N2 N3 N3 N2 N3 N3 N2 N3 N1 N2 N2 N2 N2 N2 N2 N2 N2 N2 N1 N1 N2 N2 N2 N2 N2 N2 N3 N3 N2 N3 N2 N2 N3 N3 N2 N2 REM REM REM REM REM REM REM REM W W W N1 W N1 W W W N1 N1 N2 N2 N2 N2 N2 N2 N2 N2 N2 N2 N2 N2 N2 N2 N2 N2 N2 N2 N2 N2 N2 N3 N2 N2 N3 N3 N2 N2 N2 N2 N2 N3 N2 N2 N2 N2 N2 N2 N2 N2 N2 N2 N2 N2 N2 N1 N2 N2 N2 N2 N2 N2 N3 N2 N2 N3 N3 N3 N2 N2 N3 N3 N3 N3 N3 N3 N3 N3 N3 N3 N3 N3 N3 N3 N3 N3 N3 N3 N3 N3 N3 N3 N3 N3 N3 N3 N3 N3 N3 N3 N3 N3 N3 N3 N3 N3 N3 N3 N3 N2 REM REM REM REM REM REM REM REM W W N1 N2 N2 REM REM REM REM REM REM REM REM REM REM REM REM REM REM N1 N1 N2 N2 N2 N2 W W W W W W W W W W W N1 N1 N1 N2 N2 N1 N1 N2 N2 N2 N2 N2 N2 N2 N2 N2 N2 N2 N2 N2 N2 N2 N2 N2 N2 N2 N2 N2 N2 N3 N2 N3 N3 N3 N2 N3 N3 N2 N2 N2 N3 N3 N2 N3 N2 N2 N2 N2 N2 N3 N2 N2 N2 N2 N1 N1 N1 W W W N1 W W W W W W W W N1 N1 N2 N2 N2 N2 N2 N2 N2 N2 N2 N2 N2 N2 N2 N2 N2 N2 W N1 N1 N2 N2 N2 N2 N2 N2 N2 N2 N2 N2 N2 N2 N2 N2 N2 N2 N2 N2 N2 N2 N2 N2 N2 N2 N2 N2 N2 N2 N2 N2 N2 N3 N2 N2 N2 N2 N2 N2 N2 N2 N3 N2 N2 N2 N2 N2 N2 N2 N2 W W W N1 W W W W W W W W W W W W W W W W W W N1 N1 N1 W N1 W W N1 N1 N1 N1 W W W W W W W N1 N1 N2 N1 N1 N2 N2 N2 N2 N2 N2 N2 N2 N2 N2 N2 N2 N2 N2 N2 N2 N2 N2 N2 N2 N2 N2 N2 N2 N2 N2 N2 N2 N2 N2 N2 N2 N2 N2 N2 N2 N2 N2 W W W W W W W W W N1 N1 N1 N2 N2 N1 N1 N2 N1 N2 N2 N2 N2 N2 N2 N2 N2 N2 N2 N2 N2 N2 N2 N2 N2 N2 N2 N2 N1 N1 N2 N2 N2 N2 N2 N2 N2 N2 N2 N2 N2 N2 N2 N2 N2 N2 N2 N2 N2 N2 N2 N2 N2 N2 N2 N2 N2 N2 N2 N2 N2 N2 N2 W N1 N1 N2 N2 N2 N2 N2 N2 N2 N2 N2 N2 N2 N2 N3 N2 N2 N2 N2 N2 N2 N2 REM REM REM REM REM REM REM REM REM REM REM REM REM REM REM REM REM REM REM REM REM REM REM REM N1 REM REM REM REM REM REM REM REM REM REM REM REM REM REM W N1 N1 N2 N2 N2 N2 REM REM REM REM REM REM REM REM W N1 N1 N2 N2 N2 N2 N2 REM REM REM REM REM REM REM N1 N2 N2 REM REM REM REM REM REM REM REM N1 N2 N2 N2 N2 REM REM REM REM REM REM REM REM REM REM REM REM REM REM REM REM REM REM REM REM REM REM REM REM REM REM REM W N1 N2 N2 N2 N2 N2 N2 N2 N2 N2 N2 N2 N2 N2 N2 N2 N2 N3 N3 N3 N3 N3 N3 N3 N3 N2 N3 N3 N3 N3 N3 N3 N3 N3 N3 N3 N3 N3 N3 N3 N3 N3 N3 N3 N3 N3 N3 N3 N2 N2 N2 N2 N2 N2 N2 N2 N2 N3 N2 N2 N2 N2 N2 N2 N3 N2 N2 N2 N2 N2 N3 N2 N3 N3 N3 N3 N3 N3 N3 N3 N2 N1 N2 N2 N2 N1 N1 N1 N2 N1 N1 N2 N2 N2 N2 N2 N2 N2 N2 N2 N1 N2 N2 N2 N2 N2 N2 N2 N2 N2 N2 N2 N2 N2 N2 N2 N2 N2 N2 N2 N2 N2 N2 N2 N2 N2 N2 N2 N3 N3 N2 N2 N2 N2 N2 N2 N2 N2 N3 N2 N2 N2 N2 N2 N3 N3 N2 N3 N3 N3 N2 N2 N2 W W N1 N2 N2 N2 N2 N1 N2 N2 N2 N1 N1 N2 N2 W W W W W W W W W W W W W W W W W W W W W W W W W W W W W W W W W W W W W W W W W W,processed_sleepedf/spectral/ST7011J0-PSG_spectral.pt
processed_sleepedf/tensors/ST7012J0-PSG.pt,W W W W W W W W W W W W W W W W W W W W W W N1 N1 N1 N1 N1 N1 N1 N1 N2 N2 N1 N2 N2 N2 N2 N2 N2 N2 N2 N2 N2 N2 N2 N2 N2 N2 N2 N2 N2 N2 N2 N2 N2 N2 N2 N2 N2 N2 N2 N3 N2 N3 N3 N3 N2 N2 N2 N2 N2 N3 N2 N3 N3 N3 N2 N3 N3 N3 N3 N3 N3 N2 N3 N2 N3 N2 N3 N2 N2 N2 N2 N3 N2 N2 N2 W W N1 N2 N2 N2 N2 N2 N2 N2 N1 N2 N2 N2 N2 N2 N2 N2 N2 N2 N2 N2 N2 N2 N2 N2 N2 N2 N2 N2 N2 N2 N2 N2 N2 N2 N2 N2 N2 N2 N2 N2 N2 N2 N2 N2 N2 N2 N2 N2 N2 N2 N2 N2 N2 N2 N2 N2 N2 N2 N2 N2 N2 N2 N2 N2 N2 N2 N2 N2 N2 N2 N2 N2 N2 N1 N2 N2 N2 N2 N2 N2 N2 N2 N2 N2 N2 N2 N2 N2 N2 N2 N2 N2 N2 N2 N2 N2 N2 N2 REM REM REM REM REM REM REM REM REM REM REM REM REM REM REM REM N2 N2 N2 N2 N2 N2 N2 N2 N2 N2 N2 N2 N2 N2 N2 N1 W W W W W N1 N1 N2 N2 N2 N2 N2 N2 N2 N2 N2 N2 N2 N2 N2 N2 N2 N2 N2 N2 N2 N2 N2 N2 N2 N2 N2 N2 N2 N2 N2 N2 N2 N2 N2 N2 N2 N2 N2 N2 N2 N2 N2 N2 N2 N2 N2 N2 N2 N2 N2 N2 N2 N2 N2 N2 N2 N2 N3 N2 N2 N2 N2 N2 N2 N2 N2 N2 N3 N2 N2 N3 N3 N2 N3 N2 N2 N3 N3 N2 N2 N2 N2 N3 N3 N3 N3 N3 N3 N3 N3 N3 N3 N3 N2 N2 N3 N2 N2 N3 N2 N2 N2 N3 N2 N2 N2 N2 N2 N2 N2 N2 N2 N2 N2 N2 N3 N2 N2 N2 N2 N2 N2 N2 N2 N1 N2 N2 N2 N2 N2 N2 N2 N1 N2 N2 N2 N2 N2 N2 N2 N2 N2 N2 N2 N2 N2 N2 N2 N2 N2 N2 N1 N2 N2 N2 N2 N2 N2 N2 N2 N2 N2 N2 N2 N2 N2 N2 N2 N2 N2 N2 N2 N2 N2 N2 N2 N2 N2 N2 N2 N2 N2 N2 N2 N2 N2 N2 N2 N2 REM REM REM REM REM REM REM REM REM REM REM REM REM REM REM W N1 REM REM REM REM REM REM REM REM REM REM REM REM REM REM REM REM REM REM REM REM REM REM REM REM REM REM REM REM REM REM REM REM REM REM REM REM REM REM REM REM N1 N1 REM REM REM REM REM REM REM REM REM REM REM REM REM REM REM REM REM REM REM REM REM REM REM REM REM REM REM REM REM REM N2 N2 N2 N2 N2 N2 N2 N2 N2 N2 N2 N2 N2 N2 N2 N2 N2 N2 N2 N2 N2 N2 N2 N2 N2 N2 N2 N2 N2 N2 N2 N2 N2 N2 N2 N2 N3 N3 N3 N2 N3 N3 N3 N3 N2 N2 N3 N3 N3 N2 N2 N3 N3 N3 N3 N3 N3 N3 N3 N3 N3 N3 N3 N3 N3 N3 N3 N3 N3 N3 N3 N3 N3 N3 N3 N3 N2 N1 N2 N2 N2 N2 N2 N2 N2 N2 N2 N2 N2 N2 N2 N3 N3 N2 N2 N2 N2 N2 N2 N2 N3 N2 N2 N2 N2 N2 N2 N2 N2 N3 N2 N2 N2 N2 N2 N2 N2 N2 N2 N2 N2 N3 N2 N3 N3 N2 N2 N2 N2 N2 N3 N2 N3 N2 N3 N3 N2 N2 N2 N3 N3 N3 N3 N2 N2 N2 N2 N2 N2 N2 N2 N2 N3 N2 N3 N3 N3 N2 N2 N2 N2 N3 N2 N2 N2 N2 N2 N2 N2 N2 N2 N2 N2 N3 N2 N3 N3 N3 N2 N3 N3 N2 N2 N2 N2 N3 N2 N2 N2 N2 N2 N2 N2 REM REM REM N1 N1 N1 N2 N1 REM W W N1 N2 N2 N2 N2 N2 N2 REM REM N1 N1 N1 N1 REM REM REM REM REM REM REM REM REM REM REM W N1 N2 N2 N2 N2 REM REM REM REM REM REM REM REM REM REM REM REM N1 N1 N1 N2 N2 N2 N2 N2 N2 N2 N2 REM REM REM REM REM REM REM REM REM REM N1 N1 REM REM REM REM REM REM REM REM REM REM N1 N1 N2 REM REM REM REM REM REM REM REM REM REM REM N1 N1 N1 W W W W W W W W W W W W W N1 N1 N1 N1 N1 N1 N1 N2 N2 N2 N2 N2 N2 N2 N2 N2 N2 N2 N2 N2 N2 N2 N2 N2 N2 N2 N2 N2 N2 N2 N2 N2 N2 N2 N2 N2 N2 N2 N2 N2 N2 N2 N2 N2 N2 N2 N2 N2 N2 N2 N2 N2 N2 N2 N2 N2 N2 N2 N2 N2 N2 N2 N2 N2 N2 N2 N2 N2 N2 N2 N3 N2 N2 N3 N3 N3 N2 N2 N2 N2 N2 N2 N2 N2 N2 N2 N2 N2 N2 N2 N2 N2 N2 N2 N3 N2 N2 N2 N2 N2 N3 N2 N3 N2 N2 N2 N2 N2 N2 N2 N2 N2 N2 N2 N2 N2 N2 REM REM REM REM REM REM REM REM REM REM W N1 N1 N2 N2 N2 REM N1 REM REM REM REM REM REM REM REM N1 N1 N1 N1 N2 N2 N2 N2 N2 N2 N2 N2 N2 W W W W W W W W W W W W N1 N1 W W N1 W N1 N1 W W W W N1 W W W W W W W W W W W W W W W W W W W W W W W W W W W W W W W W W W W W W,processed_sleepedf/spectral/ST7012J0-PSG_spectral.pt
processed_sleepedf/tensors/ST7021J0-PSG.pt,W W W W W W W W W W W W W W W W W W W W W N1 N1 N1 N1 W W W W W W N1 N1 N1 N1 N1 N2 N2 N2 N2 N2 W N1 N2 N2 N1 N2 N2 N2 W N1 N2 N2 N2 N2 N2 N2 N1 N2 N2 N2 N2 N2 N2 N2 N2 N2 W N2 N2 N2 N2 N2 N2 N2 N2 N2 N3 N3 N3 N3 N3 N3 N3 N3 N3 N3 N3 N3 N3 N3 N3 N3 N3 N3 N2 N2 N2 N3 N3 N3 N3 N3 N3 N3 N3 N3 N3 N3 N3 N3 N3 N3 N3 N3 N3 N3 N3 N3 N3 N3 N3 N3 N3 N3 N3 N3 N3 N3 N3 N3 N3 N3 N3 N3 N3 N3 N3 N3 N3 N3 N3 N3 N3 N3 N3 N3 N3 N3 N3 N3 N3 N3 N3 N3 N3 N3 N3 N3 N3 N3 N3 N3 N3 N3 N3 N3 N3 N3 N3 N3 N3 N3 N3 N3 N3 N3 N3 N3 N3 N3 N3 N3 N3 N3 N3 N3 N3 N3 N3 N3 W W N2 N2 N2 N2 N2 W N2 N2 N2 N2 N2 N2 N2 N2 N2 N2 N2 N2 N2 N2 N2 N2 N2 N2 N2 N2 N2 N2 N2 N2 N2 N2 N2 N2 N2 N2 N2 N2 N2 N2 N2 W N1 N2 N2 N2 N2 N2 N2 N2 N2 N2 N2 N2 N2 N2 N2 N2 N2 N2 N3 N3 N3 N3 N3 N3 N3 N3 N3 N3 N3 N3 N3 N3 N3 N3 N3 N3 N3 N3 N3 N3 N3 N3 N3 N3 N3 N3 N3 N3 N3 N3 N3 N3 N3 N3 N3 N3 N3 N3 N3 N3 N3 N3 N3 N3 N3 N3 N3 N3 N3 N3 N3 N3 N3 N3 N3 N3 N3 N3 N3 N3 N3 N3 N3 N3 N3 N3 N3 N3 N3 N3 N3 N3 N3 N3 N3 N3 N3 N3 N3 N3 N3 N3 N3 N3 N3 N3 N3 N1 N2 N2 N2 N2 N2 N2 N2 N2 N2 W N2 N2 N2 N2 N2 N2 N2 N2 N2 N2 N2 N2 N2 REM REM REM REM REM REM REM REM REM REM REM REM REM REM REM N1 N2 REM REM REM REM REM REM REM REM REM REM REM REM N2 N2 REM REM REM REM REM REM REM REM REM REM REM REM REM REM REM REM REM W N1 N2 N2 N1 N2 N2 N2 N2 N2 N2 N2 N2 N2 N2 N2 N2 N2 N2 N2 N2 N2 N2 N2 N2 N2 N2 N2 N2 N2 N2 N2 N2 N2 N2 N2 N2 N2 N2 N2 N2 N2 N2 N2 N2 N2 N2 N2 N3 N2 N2 N2 N2 N2 N2 N2 N2 W W W N2 N2 N2 N2 N2 N2 N2 N2 N2 N2 N2 N2 N2 N2 N2 N2 N2 N2 W W N2 N2 N2 N2 N2 N2 N2 N2 N2 N2 N2 N2 N2 N2 N2 N2 N2 N2 N2 N2 N2 N2 N1 N2 N2 N2 N2 N2 N2 N2 N2 N2 N2 N2 N2 N2 N2 N2 N2 N2 N2 N2 N2 N2 N3 N2 N3 N2 N3 N2 N2 W W N1 N2 N2 N2 N2 N2 N2 N2 N2 N2 N2 N2 N2 N2 N2 N2 N2 N2 N2 N2 N2 N2 REM REM REM REM REM REM REM REM REM REM REM REM REM REM REM REM REM REM REM REM REM REM REM REM REM REM REM REM REM REM REM REM REM REM REM REM REM REM REM REM W W REM REM REM REM REM REM REM REM REM REM REM REM REM N1 N1 N1 N1 N2 N2 N2 N2 N2 N2 N2 N2 N2 N2 N2 N2 N2 N2 N2 N2 N2 N2 N2 N2 N2 N2 N2 N2 N2 N2 N2 N2 N2 W N1 N2 N2 N2 N2 N2 N2 N2 N2 N2 N2 N2 N2 N2 N3 N2 N2 N2 N2 N2 N2 N1 N2 N2 N2 N2 N2 N3 N2 N2 N2 N2 N2 N2 N2 N2 N2 N3 N3 N3 N3 N2 N2 N3 N2 N2 N2 N2 N3 N3 N3 N2 N2 N2 N3 N3 N3 N2 N3 W N1 N2 N2 N2 N2 N2 N2 N3 N2 N2 N2 N2 REM REM REM REM REM REM REM REM REM REM REM REM REM REM REM REM REM REM REM REM REM REM REM REM REM REM W N1 N1 N1 REM REM REM REM REM REM REM REM REM REM REM W N1 N1 REM REM W N1 N1 REM REM REM REM REM REM REM REM REM REM REM N1 REM REM REM REM REM REM REM REM REM REM REM REM W N1 N2 N2 N2 N2 N2 N2 REM REM REM REM REM REM REM REM REM REM REM REM N1 REM REM REM REM REM W W N1 N1 N1 N2 N2 N2 W N1 N2 N2 N2 N2 N2 N2 N2 N2 N2 N2 N2 N2 N2 N2 N2 N2 N2 N2 N2 N2 N2 N2 N2 N2 N2 N2 N2 N2 N2 N2 N2 N2 N2 N2 N2 N2 N2 N2 N2 N2 N2 N2 N2 N2 N2 N2 N2 N2 N2 N2 N2 N2 N2 W W W N1 N1 N1 N2 N2 N2 N2 N2 N2 N2 N2 N2 N2 W W W W W W W W W W W W,processed_sleepedf/spectral/ST7021J0-PSG_spectral.pt
processed_sleepedf/tensors/ST7022J0-PSG.pt,W W W W W W W W W W W W W W W W W W W W W N1 N1 N1 N1 N1 N1 N1 N1 N1 W W W N1 N1 N1 N1 N1 N1 N1 N2 N2 N2 N2 N2 N2 N2 N2 N2 N2 N2 N2 N2 N2 N2 N2 N2 N2 N2 N2 N2 N3 N3 N3 N3 N3 N3 N3 N3 N2 N2 N3 N2 N2 N3 N3 N3 N3 N3 N3 N3 N3 N3 N3 N3 N3 N3 N3 N3 N3 N3 N3 N3 N3 N3 N3 N3 N3 N3 N3 N3 N3 N3 N3 N3 N3 N3 N3 N3 N3 N3 W N1 W N1 N2 N2 N2 N2 N2 N2 N2 N2 N2 N2 N2 N2 N2 N3 N3 N3 N3 N3 N3 N3 N3 N3 N3 N3 N3 N3 N3 N3 N3 N3 N3 N3 N3 N3 N3 N3 N3 N2 N3 N3 N3 N3 N3 N3 N3 N3 N3 N3 N3 N3 N3 N3 N2 N2 N2 N3 N2 N3 N2 N3 N3 N3 N3 N3 N3 N3 N3 N3 N3 N3 N3 N3 N3 N3 N3 N3 N3 N3 N2 N2 N2 N2 N2 REM REM REM REM REM REM REM REM REM REM REM REM REM REM REM REM REM REM W N1 N2 N2 N2 N2 N2 N2 N2 N2 W N1 N2 N2 N2 N2 N2 N2 N2 N2 N2 N3 N3 N3 N3 N3 N3 N3 N3 N3 N3 N3 N2 W N2 N2 N2 N2 N1 N2 N2 N2 N2 N2 N2 N3 N3 N3 N3 N3 N3 N3 N3 N3 N3 N3 N3 N3 N3 N3 N3 N3 N3 N3 N3 N3 N3 N3 N3 N3 N3 N3 N3 N3 N3 N3 N3 N3 N3 N3 N3 N3 N3 N3 N3 N3 N3 N3 N3 N3 N3 N3 N3 N3 N3 N3 N3 N3 N3 N3 N3 N3 N3 N3 N3 N3 N3 N3 N3 N3 N3 N3 N3 N3 N3 N3 N3 N3 N3 N3 N3 N3 N3 N3 N3 N3 N3 N3 N3 N3 N3 N3 N3 N3 N3 N3 N3 N3 N3 N3 N3 N3 N3 N3 N3 N3 N3 N3 N3 W W N1 N1 N2 W N2 N1 N1 N1 N2 N2 N2 N2 N2 W W N2 N2 N3 REM REM REM REM REM REM REM REM REM REM REM REM REM REM REM REM REM REM REM REM REM N1 N1 N1 REM REM REM REM REM REM REM REM N1 N1 N2 N2 N2 N1 N2 N2 N2 N2 N2 N2 N2 N2 N2 N2 N1 N1 N2 N2 N2 N2 N2 N2 N2 N2 N2 N2 N2 N2 N2 N2 N2 N2 N2 N2 W N2 N2 N2 N2 N2 N2 N2 N2 N2 N2 N2 N2 N2 N3 N2 W W N2 N2 N2 N2 N2 N2 N2 N2 N2 N2 N3 N2 N3 N3 N2 N3 N3 N2 N3 N2 N2 N2 N2 N3 N2 W N1 N2 N2 N2 N2 N2 N2 N2 N2 N2 N2 N2 N2 N2 N2 N3 N3 N3 N3 N3 N3 N3 N3 N3 N3 N3 N3 N3 N3 N3 N3 N3 N3 N3 N3 N3 N3 N3 N3 N3 N3 N3 N3 N3 N3 N3 N3 N3 N3 N3 N3 N3 REM W N1 N2 N2 REM REM REM REM REM REM REM REM REM REM REM REM REM REM REM REM REM REM REM REM REM REM REM REM REM REM REM REM REM REM REM REM REM REM REM W W N1 N1 W W N1 N1 N1 N1 N2 N2 N2 N2 N2 N2 N2 N2 N2 N1 N1 N2 N2 N2 N2 N2 N2 N2 N2 N2 N2 N2 N2 N2 N2 N2 N2 N2 N2 W W N2 N2 N2 N2 N2 N2 N2 N2 N2 N2 N2 N2 N2 N2 N2 N2 N2 N2 N2 N2 N2 N2 N2 N2 N2 N3 N2 N2 N2 N2 W N2 N3 N2 N2 N2 N2 N2 N2 N3 N3 N2 N2 N2 N2 N2 N2 N2 N2 N2 REM REM REM REM REM REM REM REM REM REM REM REM REM REM REM REM REM REM REM REM REM REM REM REM REM REM N1 N1 REM REM REM REM REM REM REM REM N1 N1 N1 N2 N2 N2 N2 N2 N2 N2 N2 N2 N2 N2 N2 N2 N2 N2 REM REM REM N1 N2 N2 W W N1 N1 N2 N2 N2 N2 N2 N2 N2 N2 N2 N2 N2 N2 N2 N2 N2 N2 N2 N2 N2 N2 N2 N2 N1 N2 N2 N2 N2 N2 N2 N2 N2 N2 N2 N2 N1 N2 N2 N2 N2 N2 N2 N2 N2 N2 N2 N2 N3 N2 N2 N2 N2 N2 N2 N2 N3 N3 N2 N2 N2 N3 N2 N2 N3 N2 N3 N3 N3 N2 N3 N3 N3 N3 N3 N3 N1 N2 N2 N2 N2 N2 N2 N2 N2 N2 N2 N2 N2 W N1 N2 N2 REM REM REM REM REM REM REM REM REM REM REM REM REM REM REM REM REM REM REM REM REM REM REM REM REM REM REM REM REM N1 N1 N1 N1 REM REM REM REM REM REM REM REM REM REM N1 N1 N1 N1 N1 N1 N1 N1 N1 N1 N2 N2 N2 N2 N2 N2 N2 N2 N2 N2 N2 N2 N2 N2 N2 N2 N2 N2 N1 N2 N2 N2 N2 N2 N2 N2 N2 N2 W W W W W N1 N1 N1 W W W W W W W W W W W W W W W W W W W W,processed_sleepedf/spectral/ST7022J0-PSG_spectral.pt
processed_sleepedf/tensors/ST7041J0-PSG.pt,N1 N1 N1 N1 N1 N1 N2 N2 N2 N2 N2 N2 N2 N2 N2 N2 N2 N2 N2 N2 N2 N2 N2 N2 N2 N2 N3 N2 N2 W W N1 N1 N1 N1 N2 N2 N2 N2 N2 N2 N2 N2 N2 N2 N2 N2 N2 N2 N2 N2 N2 N2 N2 N2 N3 N2 N3 N3 N3 N3 N3 N3 N2 N3 N3 N3 N3 N3 N3 N3 N3 N3 N3 N3 N3 N3 N3 N3 N3 N3 N3 N3 N3 N3 N3 N3 N3 N3 N3 N3 N3 N3 N3 N3 N3 N3 N3 N3 N3 N3 N3 N3 N3 N3 N3 N3 N3 N3 N3 N3 N3 N3 N3 N3 N3 N3 N3 N3 N3 N3 N3 N3 N3 N3 N3 N3 N1 N2 N2 N2 N2 N2 N2 N2 N2 N2 N2 N2 N2 N2 N2 N2 N2 N2 N2 N2 N2 N2 N2 N2 N2 N2 N2 REM REM REM REM REM REM REM REM REM REM REM REM W N1 N1 N2 N2 N2 N2 N2 N2 N2 N2 N2 N2 N2 N2 N2 N2 N2 N2 N2 N2 N2 N2 N2 N2 N2 N2 N2 N2 N2 N2 N2 N2 N2 N2 N2 N2 N2 N2 N2 N2 N2 N2 N2 N2 N2 N3 N2 N2 N3 N3 N3 N3 N3 N3 N3 N3 N3 N3 N3 N3 N3 N3 N3 N3 N3 N3 N3 N3 N3 N3 N3 N3 N3 N3 N3 N3 N3 N3 N3 N3 N3 N3 N3 N3 N3 N3 N3 N3 N3 N3 N3 N2 N3 N3 N3 N3 N3 N3 N3 N3 N3 N3 N3 N3 N1 N1 N1 N2 N2 N1 N2 N2 N2 N2 W W N1 N2 N2 N2 N2 N2 N2 N2 N2 N2 N2 N2 N2 N2 N2 N2 N2 N2 N2 REM REM REM REM N1 N1 N1 N2 N2 N2 N2 N2 N2 N2 N2 N2 N2 N2 N2 N2 N2 N2 N2 N2 N2 N2 N2 N2 N2 N2 N2 N2 W N1 W N1 N1 N2 N2 N2 N2 N2 N2 N2 N2 N2 N2 N2 N2 N2 N2 N2 N2 N2 N2 N2 N2 N2 N1 W N1 N1 N1 N1 N1 N2 N2 N2 N2 N2 N2 N2 N2 N2 N2 N2 N2 N2 N2 N2 REM REM REM REM REM REM REM REM REM REM REM REM REM REM REM REM REM REM REM REM REM REM REM REM REM REM REM REM REM REM REM REM REM REM REM REM REM REM REM REM REM REM REM REM REM REM REM REM REM REM REM REM REM REM REM REM REM REM REM REM REM REM REM REM REM REM REM REM REM REM REM REM REM REM REM N2 N2 N2 N2 N2 N2 W N1 N2 N2 N2 N2 N2 N2 N2 N2 N2 N2 N2 N2 N2 N2 N2 N2 N2 N2 N2 N2 N2 N2 N2 N2 N2 N2 N2 N2 N2 N2 N2 N2 N2 N2 N2 N2 N2 N2 N2 N2 N2 N2 N2 N2 N2 N2 N2 N2 N2 N2 N2 N2 N2 N2 N2 N3 N2 N2 N3 W N1 N2 N2 N2 N2 N2 N2 N2 N2 N2 N2 N2 N2 N2 N2 N2 N2 N2 N2 N2 N2 N2 N2 N2 N2 N2 N2 N2 N2 N2 N2 N2 N2 N2 N2 N2 N2 N2 N2 N2 N2 N2 N2 N2 N2 N2 N2 N2 N2 N2 N2 N2 N2 N2 N2 N2 N2 N2 N2 N2 N2 N2 N2 N2 N2 N2 N2 N2 N2 N3 N2 N2 N2 N2 N2 N2 N2 N2 N3 N2 N2 N3 W N1 N2 W N1 N1 N1 N1 N1 N2 N2 N2 W N1 N2 REM REM REM REM REM REM REM REM REM REM REM REM REM REM REM REM REM REM REM REM REM REM REM REM REM REM REM REM REM REM REM REM REM REM REM REM REM REM REM REM REM REM REM REM REM REM REM REM REM REM REM REM REM REM REM REM REM REM REM REM REM REM REM N2 N2 N2 N2 N2 N2 N2 N2 N2 N2 N2 N2 N2 N2 N2 N2 N2 N2 N2 N2 N1 N2 N2 N2 N2 N2 N2 N2 N2 N2 N2 N2 N2 N2 N2 N2 N2 N2 N2 N1 N1 N2 N2 N2 N2 N2 N2 N2 N2 N2 N2 N2 N2 N2 N2 N2 N2 N2 N2 N2 N2 N2 N2 N2 N2 N2 N2 N2 N2 N2 N2 N2 N2 N2 N2 N2 N2 N2 N2 N2 N2 N2 N2 N2 N2 N2 N2 N2 N2 N2 N2 N2 N2 N2 N2 N2 N2 N2 N2 N2 N2 N2 N2 N2 N2 N2 N2 N2 W N1 W N1 W N1 N1 W W N1 N1 N1 N1 N1 N2 N2 N1 N1 N2 N2 N2 N2 N2 REM REM REM REM REM REM REM REM REM REM REM REM REM REM REM REM REM REM REM REM REM REM REM REM REM REM REM REM REM REM REM REM REM REM REM REM REM REM REM REM REM REM REM REM REM REM REM REM REM REM REM REM REM REM REM REM REM REM REM W W N1 REM REM REM REM REM W W W N1 N1 N1 W N1 N1 N1 N1 N1 N1 N1 N1 N1 N2 N2 N2 N2 N2 N2 N2 N2 N2 N2 N2 N2 N2 N2 N2 N2 N2 N2 N2 N2 N2 N2 N2 N2 N2 N2 N2 N2 N2 N2 N2 N2 N2 N2 N2 N2 N2 N2 N2 N2 N2 N2 N2 N2 N2 N2 N2 N2 N2 N2 N2 N2 N2 N2 N2 N2 N2 N2 N2 N2 N2 N2 N2 N2 N2 N2 N2 N2 N2 N2 N2 N2 N2 N2 N2 N2 N2 W W W W W W W W W W W W W W W W W W W W W W W W W W W W W W W,processed_sleepedf/spectral/ST7041J0-PSG_spectral.pt
processed_sleepedf/tensors/ST7042J0-PSG.pt,N1 N1 N1 W W W N1 N1 N1 N1 N1 N1 N1 N1 N2 N2 N2 N2 N2 N2 N2 N2 N2 N2 N2 N2 N2 N2 N2 N2 N2 N2 N2 N2 N2 N3 N2 N2 N2 N2 N2 N2 N2 N2 N2 N2 N2 N2 N3 N3 N2 N2 N3 N3 N3 N3 N3 N3 N3 N2 N3 N3 N2 N3 N3 N3 N3 N3 N3 N3 N3 N3 N3 N3 N3 N3 N3 N3 N3 N3 N3 N3 N3 N3 N3 N3 N3 N3 N3 N3 N3 N3 N3 N3 N3 N3 N3 N3 N3 N3 N3 N3 N3 N3 N3 N3 N3 N3 N3 N3 N3 N3 N3 N3 N3 N3 N3 N3 N3 N3 N3 N3 N3 N3 N3 N3 N3 N3 N3 N3 N2 N2 N2 N2 N2 N2 N2 N2 N2 N2 N2 N2 N2 N2 N2 N2 N2 N2 N2 N2 N2 N2 N1 N2 N2 N2 N2 N2 N2 N2 N2 N2 N2 N2 N2 N2 N2 N2 N2 N2 N2 N2 N2 N2 N2 N2 N2 N2 N2 N2 N2 N2 N2 N2 N2 N2 N2 N2 N2 N2 N2 N2 N2 N2 N2 N2 N2 N2 N2 N2 N2 N2 N2 N2 N2 N2 N2 N2 N2 N2 N2 N2 N2 N2 N3 N2 N3 N3 N3 N3 N3 N2 N2 N3 N2 N2 N2 N2 N2 N2 N3 N3 N3 N3 N3 N3 N3 N3 N3 N3 N3 N3 N3 W N1 N2 N2 N2 N2 N2 N2 N2 N2 N2 N2 N2 N2 N2 N2 N2 N3 N3 N2 N3 N3 N2 N2 N3 N2 N3 N3 N3 N3 N3 N3 N2 N3 N3 N3 N3 N3 N3 N3 N3 N3 N2 N2 N3 N3 N3 N1 N2 N2 N2 N2 N2 N2 N2 N2 N2 N2 N2 W N1 N2 N2 N2 N2 N2 N2 N2 N2 N2 N2 N2 N2 N2 N2 N2 N2 N2 N2 N2 N2 N2 N2 N2 N2 N2 N2 N2 N2 N2 W N1 N2 N2 N2 N2 N2 N2 N2 N2 N2 N2 N2 REM REM REM REM REM REM REM REM REM REM REM REM REM REM REM REM REM REM REM REM REM REM REM REM REM REM REM REM REM REM REM REM REM N2 N2 N2 N2 N2 N2 N2 N2 N2 N2 N2 N2 N2 N2 N2 N2 N2 N2 N2 N2 N2 N2 N2 N2 N2 N2 N2 N2 N2 N2 N2 N2 N2 N2 N2 N2 N2 N2 N2 N2 N2 N2 N2 N2 N2 N2 N2 N2 N2 N2 N2 N2 N2 N2 N2 N2 N2 N2 N2 N2 N2 N2 N2 N2 N2 N2 W N1 N2 N2 N2 N2 N2 N2 N2 N2 N2 N2 N2 N2 N2 N2 N2 N2 N2 N1 N2 N2 N2 N2 N2 N2 N2 N2 N2 N2 N2 N2 N2 N2 N2 N2 N2 N2 N2 N2 N2 N2 N2 N2 N2 N2 N2 N2 N2 N2 N2 N2 N2 N2 N2 N2 N2 N2 N2 N2 N2 N2 N2 N2 N2 N2 N2 N2 N2 N2 N2 N2 N2 N2 N2 N2 N2 N2 W W N1 N2 N2 N2 N2 N2 N2 N2 N2 N2 N2 N2 N2 N2 N2 REM REM REM REM REM REM REM REM REM REM REM REM REM REM REM REM REM REM REM REM REM REM REM REM REM REM REM REM REM REM REM REM REM REM REM REM REM REM REM REM REM REM REM REM REM REM REM REM REM N1 N2 N2 N2 N2 N2 N2 N2 N2 N2 N2 N2 N2 W N1 N1 N2 N2 N2 N2 N2 N2 N2 N2 N2 N1 N2 N2 N2 N2 N1 N2 N2 N2 N2 N2 N2 N2 N2 N2 N2 N2 N2 N2 N2 N2 N2 N2 N2 N2 N2 N2 N2 N2 N2 N2 N2 N2 N2 N2 N2 N2 N2 N2 N2 N2 N2 N2 N2 N2 N2 N2 N2 N2 N2 N2 N2 N2 N2 N2 N2 N2 N2 N2 N2 N2 N2 N2 N2 W N1 N1 N1 N2 N2 N2 N2 N2 N2 N2 N2 N2 N2 N2 N2 N2 N2 N2 N2 N2 N2 N2 N2 N2 N2 N2 N2 W N1 N1 N2 N2 N2 N2 N2 W W W N1 N1 N1 W N1 N1 N1 N2 N2 N2 N2 N2 N2 N2 REM REM REM REM REM REM REM REM REM REM REM REM REM REM REM REM REM REM REM REM REM REM REM REM REM REM REM REM REM REM REM REM REM REM REM REM REM REM REM REM REM REM REM REM REM REM REM REM REM REM REM REM REM REM REM REM REM REM REM REM REM REM REM REM REM REM REM REM REM REM REM REM REM REM REM REM REM REM REM REM REM REM REM REM REM REM REM REM REM REM REM REM N2 N2 N2 N2 N2 N2 N2 N2 N2 N2 N2 N2 N2 N2 N2 N2 N2 N2 N2 N2 N2 N2 N2 N2 N2 N2 N2 N2 N2 N2 N2 N2 N2 N2 N2 N2 N2 N2 N2 N2 N2 N2 N2 N2 N2 N2 N2 N2 N2 N2 N2 N2 N2 N2 N2 N2 N2 N2 N2 N2 N2 N2 N2 N2 N2 N2 N2 N2 N2 N2 N2 N2 N2 N2 N2 N2 N2 N2 N2 N2 N2 W W N1 N2 N1 N1 N2 N2 N2 N2 N2 N2 N2 N2 N2 N2 N2 N2 N2 N2 N2 N2 N2 N2 N2 N2 N2 N2 N2 N2 N2 N2 N2 N2 N2 N2 N2 N2 N2 N2 REM REM REM REM REM REM REM REM REM REM REM REM REM REM REM REM REM REM REM REM REM REM REM REM REM REM REM REM REM REM REM REM REM REM REM REM REM REM REM REM REM REM N2 N2 N2 N2 N2 N2 N2 N2 N1 N2 N2 N2 N2 N2 N2 N2 N2 N2 N2 N2 N2 N1 N1 W W N1 N1 W W W N1 N1 N1 N1 W N1 N1 N1 N1 N1 N1 N2 N2 W W W N1 N1 N1 N2 N2 N2 N2 N2 N2 N2 N2 N1 N1 N1 N1 W W W W W W W W W W W W W W W W W W W W W W W W W W W W W W W W W W W W W W W W W W W W W W W W W W W W W W W W W W W W,processed_sleepedf/spectral/ST7042J0-PSG_spectral.pt
processed_sleepedf/tensors/ST7051J0-PSG.pt,N1 N1 N1 W W N1 N1 N1 N1 W W N1 N1 N1 N1 W W W N1 N1 N1 N1 N1 N1 N1 N1 N1 N1 N1 N1 N1 N2 N1 N1 N2 W N1 N2 N1 N1 W W N1 N1 N1 N1 N2 N2 N2 N2 N2 N2 N2 N2 N2 N2 N2 N2 N2 N2 N2 N2 N2 N2 N2 N2 N3 N3 N3 N3 N2 N3 N3 N2 N3 N3 N3 N3 N3 N3 N3 N3 N3 N3 N3 N3 N3 N3 N3 N3 N3 N3 N3 N3 N3 N3 N3 N3 N3 N3 N3 N3 N3 N3 N3 N3 N3 N3 N3 N3 N3 N3 N3 N3 N3 N3 N3 N3 N3 N3 N3 N3 N3 N3 N3 N3 N3 N3 N3 N3 N3 N3 N3 N3 N3 N3 N3 N3 N3 N3 N3 N3 N3 N3 N3 N3 N3 N3 N3 N3 N3 N3 N3 N3 N3 N3 N3 N3 N3 N3 N3 N3 N3 N3 N3 N3 N3 N3 N2 REM REM REM REM N1 N1 N2 REM REM REM REM REM REM REM REM REM REM REM REM REM REM REM REM REM N2 N2 N2 N2 N2 N2 N3 N2 N3 N3 N2 N2 N3 N3 N3 N3 N3 N3 N3 N3 N3 N3 N3 N3 N3 N3 N3 N3 N3 N3 N3 N3 N3 N3 N3 N3 N2 N2 N2 N1 N1 N2 N1 N2 N2 N2 N2 N2 N2 N2 N2 N2 N2 N2 N2 N2 N2 N2 N3 N3 N3 N3 N3 N3 N3 N3 N3 N3 N3 N3 N3 N3 N3 N3 N3 N3 N3 N3 N3 N3 N3 N3 N3 N3 N3 N3 N3 N3 N3 N3 N3 N3 N3 N3 N3 N2 N3 N3 N3 N2 N1 N2 N2 N2 N2 N2 N2 N2 N2 N2 N2 N2 N2 N1 N2 N2 N2 REM REM REM REM REM REM REM REM REM REM REM REM REM REM REM REM REM N1 REM N1 N1 N1 N1 N1 N2 N2 N1 N2 N2 N2 N1 N2 N2 N2 N2 N2 N2 N2 N2 N2 N2 N2 N2 N2 N2 N2 N2 N2 N2 N2 N2 N2 N2 N2 N2 N2 N2 N2 N2 N2 N3 N3 N3 N3 N3 N3 N3 N3 N3 N3 N3 N3 N3 N3 N3 N3 N3 N3 N3 N3 N3 N3 N3 N3 N3 N3 N3 N3 N3 N3 N3 N1 N1 N2 N2 N2 N2 N2 N2 N2 N2 N2 N2 N2 N2 N2 N2 N2 N2 N2 N2 N2 N2 N2 N2 N3 N3 N3 N2 N3 N3 N3 N3 N3 N3 N3 N3 N3 N3 N2 N3 N3 N3 N3 N3 N3 N3 N3 N3 N3 N3 N2 N2 N2 N2 N3 REM REM REM REM REM REM REM REM REM N1 REM REM REM REM REM REM REM N1 REM REM REM REM REM N1 REM REM REM N1 N1 N1 REM REM N1 N1 REM REM REM REM REM REM REM REM REM N1 REM REM REM REM REM REM N1 REM REM REM REM REM REM N1 N1 N1 N2 N1 N2 REM REM N2 N2 N2 N2 N2 N2 N2 N2 N2 N2 N2 N2 N2 N2 N2 N2 N2 N2 N2 N2 W N1 W W N1 N1 W N1 N1 N1 N2 N2 N2 N2 N2 N2 N2 N2 N2 N2 N2 N2 N2 N2 N2 N2 N2 N2 N2 N2 N2 N2 N2 N2 N2 N2 N2 N1 N2 N2 N2 N2 N2 N2 N2 N2 N2 N2 N2 N2 N2 N2 N2 N2 N2 N2 N2 N2 N2 N2 N2 N2 N2 N2 N2 N2 N2 N2 W W W N1 N2 N1 N1 N2 N2 N2 N2 N2 N2 N2 N2 N2 N2 N2 N2 N2 N2 N2 N2 N2 N2 N2 N2 N2 N2 N2 N2 N2 N2 N2 N2 W N1 N2 N2 N2 N2 N2 N2 N1 N2 N2 N2 N2 N2 N2 N2 N2 N2 N2 N2 N2 N2 N2 N2 N2 REM REM REM REM REM REM REM REM REM REM REM REM REM REM REM REM REM REM REM REM REM REM REM REM REM REM REM REM REM REM REM REM N1 REM N1 N1 REM REM REM N1 N1 REM REM REM REM REM REM REM REM REM REM N1 N1 N2 N2 N2 N2 N2 N2 REM REM REM REM N1 REM REM REM REM REM REM REM REM REM REM N1 REM REM REM REM REM REM REM REM REM REM REM REM REM REM REM REM REM REM REM REM REM REM REM REM REM REM REM REM N2 N2 N2 N2 N2 N2 N2 N2 N2 N2 N2 N2 N2 N2 N2 N2 N2 N2 N2 W N1 N2 N2 N2 N2 N2 N2 N2 N2 N2 N2 N2 N2 N2 N2 N2 N2 N2 N2 N2 N2 N1 N2 N2 N2 N2 N2 N2 N2 N2 N2 N2 N2 N2 N2 N2 N2 N2 N2 N2 N2 N2 N2 N2 N2 N2 N3 N2 N2 N2 N2 N2 N2 N3 N2 N2 N3 N2 N2 N3 N3 N3 N3 N3 N3 N3 N3 N2 N2 N3 N3 N3 N2 N3 N3 N3 N3 N3 N3 N3 N3 N3 N3 N3 W N1 N1 N2 N2 N2 N2 N2 N2 N2 N2 N2 N2 N2 N2 N2 W N1 N2 N2 N2 N1 N2 N2 N2 N2 REM REM REM REM REM REM REM REM REM REM REM REM REM REM REM REM W REM REM REM REM REM REM REM REM REM REM REM REM REM REM REM REM REM REM REM REM REM REM REM REM REM REM N1 N1 N1 N2 REM REM REM REM REM REM REM N2 N1 W N1 N1 N1 N1 W W W W W W W W W W W W W W W W W W W W W W W W W W W W W W N1 N1 N1 N1 W W W W W W W W W W W W W W W W W W W W W,processed_sleepedf/spectral/ST7051J0-PSG_spectral.pt
processed_sleepedf/tensors/ST7052J0-PSG.pt,W W W W W W W W W W W W W W W W W W W W W W W W W W W W W W N1 W W N1 W W W W N1 W W N1 N1 N1 N1 N1 N1 N1 N1 N1 N1 N1 N1 N1 N1 N1 W W W W N1 N1 N1 N1 N1 N1 N1 N1 N1 N2 N2 N2 N2 N2 N2 N2 N2 N2 N2 N2 N2 N2 N2 N2 N2 N2 N2 N2 N2 N2 N2 N2 N3 N3 N3 N3 N3 N3 N3 N3 N3 N3 N3 N3 N3 N3 N3 N3 N3 N3 N3 N3 N3 N3 N3 N3 N3 N3 N3 N3 N3 N3 N3 N3 N3 N3 N3 N3 N3 N3 N3 N3 N3 N3 N3 N3 N3 N3 N3 N3 N3 N3 N3 N3 N3 N3 N3 N3 N3 N3 N3 N3 N3 N3 N3 N3 N3 N3 N3 W W N1 W N1 W W N1 N1 W N1 N1 N1 N1 N1 W W N1 N1 N1 N2 N2 N1 N2 N2 N2 N2 N2 N2 N2 N2 N2 N2 N2 REM N2 N2 REM REM REM REM REM REM REM REM REM REM REM REM REM REM REM N1 N1 N1 N1 W N1 N1 N1 N1 N2 N2 N2 N2 N2 N2 N2 N2 N2 N2 N2 N2 N2 N2 N2 N2 N2 N2 N2 N2 N2 N2 N2 N2 N2 N2 N2 N2 N2 N2 N2 N2 N2 N2 N3 N2 N2 N2 N2 N1 N1 W W N1 N1 W W N1 N1 N1 W N1 N1 N1 N1 N2 N2 N2 N2 N2 N2 N2 N2 N2 N2 N2 N2 N2 N2 N2 N2 N2 N2 N2 N2 N2 N2 N2 N3 N3 N3 N3 N3 N3 N3 N3 N3 N3 N3 N3 N3 N3 N3 N3 N3 N3 N3 N3 N3 N3 N3 N3 N3 N3 N3 N3 N3 N3 N3 N3 N3 N3 N3 N3 N3 N3 N3 N3 N3 N3 N3 N3 N3 N3 N3 N3 N3 N3 N3 N3 N3 N3 N3 N3 N3 N3 N3 N3 N3 N3 N3 N3 N3 N3 N3 N3 N3 N3 N3 N3 N3 REM REM REM REM REM REM REM REM REM REM REM REM REM REM REM REM REM REM REM REM REM REM REM REM REM REM REM REM REM REM REM REM REM REM REM W N1 W N1 N1 N1 W N1 N1 N2 N2 N2 N2 N2 N2 N2 N2 N2 N2 N2 N2 N2 N2 N2 N2 N2 N2 N2 N2 N2 N2 N2 N2 N2 N2 N2 N2 N2 N2 N2 N2 N2 N2 N2 N2 N2 N2 N2 N2 N2 N2 N2 N2 N2 N2 N1 N2 N2 N2 N2 N2 N2 N2 N2 N2 N2 N2 N2 N2 N2 N2 N2 N2 N2 N2 N2 N2 N2 N2 N2 N2 N2 N2 N2 N2 N2 N2 N2 N2 N2 N2 N2 N2 N2 N2 N2 N2 N2 N2 N2 N2 N2 N2 N2 N2 N2 N2 N2 N2 N2 N2 N2 N2 N2 N2 N3 N3 N2 N2 N3 N3 N3 N3 N3 N3 N3 N3 N3 N3 N3 N3 N3 N3 N3 N3 N3 N3 N3 N3 N3 N3 N3 N2 N2 N2 N2 N2 N2 N1 N2 N2 N2 N2 N2 N2 N2 N2 N2 REM REM REM REM REM REM REM REM REM REM REM REM REM REM REM REM REM REM REM REM REM REM N1 REM REM REM REM REM REM REM REM REM REM REM REM REM REM REM REM REM REM REM REM REM REM REM REM REM REM REM REM REM REM REM REM REM W N1 N1 N1 N1 N1 N2 N2 N2 N2 N2 N2 N2 N2 N2 N2 N2 N1 N2 N2 N2 N2 N2 N2 N2 N2 N2 N2 N2 N1 N2 N2 N2 N2 N2 N2 N2 N2 N2 N2 N2 N2 N2 N2 N2 N2 N2 N2 N2 N2 N2 N2 N2 N2 N2 N2 N2 N2 N2 N2 N2 N2 N2 N2 N2 N2 N2 N2 N2 N2 N2 N2 N2 N2 N2 N2 N2 N2 N2 N2 N2 N2 N2 N2 N2 W N1 N2 N2 N2 N2 N1 W W W W W W W W W W W W W W W W W W W W W W W W W W W W W W W W W W W W W N1 N1 W W N1 N1 N1 N1 N1 N1 W N1 N1 N1 N1 N1 N1 N1 N1 N1 N1 N1 N1 N2 N2 N2 N2 REM REM REM REM REM REM REM REM REM REM REM REM REM REM REM REM REM REM REM REM REM REM REM REM REM REM REM REM REM REM REM REM REM REM REM REM REM REM REM REM REM REM REM REM REM REM REM REM REM REM REM REM REM REM REM REM REM REM REM REM REM REM REM REM REM REM REM REM REM REM REM REM REM REM REM REM REM REM REM REM REM REM REM REM REM REM REM REM REM REM REM REM REM REM REM N1 REM REM REM REM REM REM REM REM REM REM REM REM REM REM REM REM W N1 N1 N2 N2 N2 N2 N2 N2 N2 N2 N2 N2 N2 N2 REM REM REM REM REM REM REM REM REM N2 N2 N2 N2 N2 N2 N2 N2 N2 N2 N2 W N1 N2 N2 N2 N2 N2 N2 N2 N2 N2 N2 N2 N2 N2 N2 N2 N2 N2 N2 N2 N2 N2 N2 N2 N2 N2 N2 N2 N3 N3 N3 N3 N3 N3 N3 N3 N3 N3 N3 N3 N3 N3 W N2 N2 N2 N2 N2 N2 N2 N2 N2 N2 N2 N2 W W W W N1 N1 N1 N1 N1 N1 N1 N1 N1 N1 N1 N1 N1 N2 N2 N2 N2 N2 N2 N2 N2 N1 N1 N2 N2 N1 N1 N1 N1 N2 N2 N2 N2 N2 N2 N2 N2 N2 N2 N2 N1 N2 N2 N2 N2 N2 N2 N2 W W W,processed_sleepedf/spectral/ST7052J0-PSG_spectral.pt
processed_sleepedf/tensors/ST7061J0-PSG.pt,W W W W W W W W W W W W W W W W W W W W W W W W N1 W W W W W W W N1 N1 N1 N1 N1 N1 N1 W N1 N1 N1 N1 N2 N2 N2 N2 N2 N2 N2 N2 N2 N2 N2 N2 N2 N2 N2 N2 N2 N2 N2 N2 N2 N2 N2 N2 N2 N2 N2 N2 N3 N2 N2 N2 N2 N2 N2 N2 N3 N2 N3 N3 N3 N2 N2 N2 N2 N2 N2 N2 N2 N2 N2 N2 N2 N2 N2 N2 N2 N3 N2 N3 N2 N2 N2 N2 N2 N2 N2 N2 N2 N2 N2 N2 N2 N2 N2 N2 N2 N2 N2 N2 N1 W N1 N1 N2 N2 N2 N2 N2 N2 N2 N2 N2 N2 N2 N2 N2 N2 N2 N2 N2 N2 N2 N2 N2 N2 N2 N2 N2 N2 N2 N2 N2 N2 N2 N2 N2 N2 N2 N2 N2 N2 N2 N2 N2 N2 N1 N1 N1 N2 N2 N2 N2 N2 N2 N2 N2 N2 N2 N2 N2 N2 N2 N2 N2 N2 N2 N2 N2 N1 N1 N2 N2 N2 N2 N2 N2 N2 N2 N2 N2 N2 N2 N2 N2 N2 N2 REM REM REM REM REM REM REM REM REM REM REM REM REM REM REM REM REM REM N1 N1 N1 N1 N1 N1 N1 N1 N1 N1 N1 N1 N1 N1 N2 N2 N2 N2 N2 N2 N2 N2 N2 N2 N2 N2 N2 N2 N2 N2 N2 N2 N2 N2 N2 N2 N2 N2 N2 N2 N2 N2 N2 N2 N2 N2 N2 N2 N2 N2 N2 N2 N2 N2 N2 N2 N2 N2 N2 N2 N2 N2 N2 N3 N2 N2 N2 N2 N3 N2 N2 N2 N2 N2 N2 N2 N2 N2 N2 N2 N3 N2 N2 N2 N2 N2 N2 N2 N2 N2 N2 N2 N2 N2 N2 N2 N2 N2 N2 N2 N2 N2 N2 N2 N2 N2 N2 N2 N2 N2 N2 N2 N2 N2 N2 N2 N2 N2 N2 N2 N2 N2 N2 N2 N2 N2 N1 N1 N2 N2 N2 N2 N2 N2 REM N2 REM REM REM REM REM REM REM REM REM REM REM REM REM REM REM REM REM REM REM REM REM REM REM REM REM REM REM REM REM REM REM REM REM REM REM REM REM REM REM REM REM REM REM REM REM REM REM REM REM REM REM REM REM REM REM REM REM REM REM REM REM REM REM REM REM REM REM REM REM REM REM REM REM REM REM REM REM N1 N1 N1 N1 N2 N2 N2 N1 N2 N2 N2 N2 N2 N2 N2 N2 N2 N2 N2 N2 N2 N2 N2 N2 N2 N2 N2 N2 N2 N2 N2 N2 N2 N2 N2 N2 N2 N2 N2 N2 N2 N2 N2 N2 N2 N2 N2 N2 N2 N2 N2 N2 N2 N2 N2 N2 N2 N2 N2 N2 N2 N2 N2 N2 N2 N2 N2 N2 N2 N2 N2 N2 N2 N2 N2 N2 N2 N2 N2 N2 N2 N2 N2 N2 N2 N2 N2 N2 N2 N1 N1 N1 N1 N2 N2 N2 N2 N2 N2 N2 N2 N2 N2 N2 N2 N2 N2 N2 N2 N2 N2 N2 N2 N2 N2 N2 N2 N2 N2 N2 N2 N2 N2 N2 N2 N2 N2 N2 N1 N2 N2 N2 N2 N2 N2 N2 N2 N2 N2 N2 N2 N2 N2 N2 REM REM REM REM REM REM REM REM REM REM REM REM REM REM REM REM REM REM REM REM REM REM REM REM REM REM REM REM REM REM REM REM REM REM REM REM REM REM REM REM REM REM REM REM REM REM REM REM N1 N1 N1 N1 N2 N2 N2 N2 N2 N2 N2 N2 N2 N2 N2 N2 N2 N2 N2 N2 N2 N2 N2 N2 N2 N2 N2 N2 N2 N2 N2 N2 N2 N2 N2 N2 N2 N2 N2 N2 N2 N2 N2 N1 N2 N2 N2 N2 N2 N2 N2 N2 N2 N2 N2 N2 N2 N2 N2 N2 N2 N2 N2 N2 N2 N2 N2 N2 N2 N2 N2 N2 N2 N2 N2 N2 N2 N2 N2 N2 N2 N2 N2 N2 N2 N1 N1 N1 N2 N1 N2 N1 N1 N1 N1 N1 N1 N1 N2 N2 N2 N2 N2 N2 N2 N2 N2 N2 N2 N2 N2 REM REM REM REM REM REM REM REM REM REM REM REM REM REM REM REM REM REM REM REM REM REM REM REM REM REM REM REM REM REM REM REM REM REM REM REM REM REM REM REM REM REM REM REM REM REM REM REM REM REM REM REM REM REM REM REM REM REM REM REM REM REM REM REM REM REM REM REM REM N1 N1 N1 N1 N1 N1 N1 N2 N1 N1 N2 N1 N2 N1 N2 N2 N2 N1 N1 N1 N2 N2 N2 N2 N2 N2 N2 N2 N2 N2 N2 N2 N2 N2 N2 N2 N2 N2 N2 N2 N2 N2 N2 N2 N2 N2 N2 N2 N2 N2 N2 N2 N2 N2 N2 N2 N2 N2 N2 N2 N2 N2 N2 N2 N2 N2 N2 N2 N2 N2 N2 N2 N2 N2 N2 N2 N2 N2 N2 N2 N2 N2 N2 N2 N2 N2 N2 N2 N2 N2 N2 N2 N2 N2 N2 N2 N2 N2 N2 REM REM REM REM W N1 N1 N1 N1 N1 W W W N1 N1 N1 N1 N1 N2 N1 N2 N2 N1 N2 N2 N2 N2 N2 REM REM REM REM REM REM REM REM REM REM REM REM REM REM REM REM REM REM REM REM REM REM REM REM REM REM REM REM REM REM REM REM N1 REM REM REM REM REM REM REM REM REM REM REM REM REM REM REM REM REM REM REM REM REM REM W W W W W W W W W W W W,processed_sleepedf/spectral/ST7061J0-PSG_spectral.pt
processed_sleepedf/tensors/ST7062J0-PSG.pt,W W W W W W W W W W W W W W W W W W W W W W W W W W N1 N1 W W N1 N1 N1 N1 W N1 N1 N2 N2 N2 N2 N2 N2 N2 N2 N2 N2 N2 N2 N2 N2 N2 N2 N2 N2 N2 N2 N2 N2 N2 N2 N2 N2 N2 N2 N2 N2 N2 N2 N2 N2 N2 N2 N2 N2 N2 N2 N2 N2 N2 N2 N2 N2 N2 N2 N2 N2 N3 N3 N2 N3 N2 N2 N3 N2 N3 N3 N2 N3 N2 N2 N2 N2 N2 N3 N2 N3 N2 N2 N2 N3 N2 N2 N2 N3 N2 N2 N2 N2 N2 N2 N3 N3 N2 N3 N3 N2 N2 N2 N2 N2 N2 N2 N2 N2 N2 N2 N2 N2 N2 N2 N2 N2 N2 REM REM REM REM REM REM REM REM REM REM REM REM REM REM REM REM REM REM REM REM REM REM REM REM REM REM N1 N2 N2 REM REM N2 N2 N2 N2 N2 N2 N2 N2 N2 N2 N2 N2 N2 N2 N2 N2 N2 N2 N2 N2 N2 N2 N2 N2 N2 N2 N2 N2 N2 N2 N2 N2 N3 N2 N3 N2 N3 N2 N2 N2 N2 N2 N2 N2 N2 N2 N2 N2 N2 N2 N2 N3 N3 N3 N2 N2 N2 N2 N2 N3 N2 N2 N2 N2 N3 N2 N2 N2 N2 N3 N3 N2 N2 N2 N2 N2 N2 N2 N2 N2 N2 N2 N2 N2 N2 N2 N2 N2 N2 N2 N2 N2 N2 N2 N2 N2 N2 N2 N2 N2 N2 N2 N2 N2 N2 N2 N2 N2 N2 N2 N2 N2 N2 N2 N2 N2 N2 N2 N2 N2 N2 N2 N2 N2 N2 N2 N2 N2 N2 N2 N2 N2 N2 N2 N2 N2 N2 N2 N2 N2 N2 N2 N2 N2 N3 N2 N2 N2 N2 N2 N2 N2 REM REM REM REM REM REM REM REM REM REM REM REM REM REM REM REM REM REM REM REM REM REM REM REM REM REM REM REM REM REM REM REM REM REM REM REM REM REM REM REM REM REM REM REM REM REM REM REM REM REM REM REM REM REM REM REM REM REM REM REM REM REM REM REM REM N2 N2 N2 N2 N2 N2 N2 N2 N2 N2 N2 N2 N2 N2 N2 N2 N2 N2 N2 N2 N2 N2 N2 N2 N2 N2 N2 N2 N2 N2 N2 N2 N2 N2 N2 N2 N2 N2 N2 N2 N2 N2 N2 N2 N2 N2 N2 N2 N2 N2 N2 N2 N2 N2 N2 N2 N2 N2 N2 N2 N2 N2 N2 N2 N2 N2 N2 N2 N1 N1 N2 N2 N2 N2 N2 N2 N2 N2 N2 N2 N2 N2 N2 N2 N2 N2 N2 N2 N2 N2 N2 N2 N2 N2 N2 N2 N2 N2 N2 N2 N2 N2 N2 N2 N2 N2 N2 N2 N2 N2 N2 N2 N2 N2 N2 N2 N2 N2 N2 N2 N2 N2 N2 N2 N2 N2 N2 N2 N2 N2 N2 N2 N2 N2 N2 N2 N2 N2 N2 N2 N2 REM REM REM REM REM REM REM REM REM N1 N1 N1 REM REM REM REM REM REM REM REM REM REM REM REM REM REM REM REM REM REM REM REM REM REM REM REM REM REM REM REM REM REM REM REM REM REM REM REM REM REM REM REM REM REM REM REM REM REM REM REM N1 N2 N2 N2 N2 N2 REM REM REM REM REM REM REM REM N1 N1 REM N2 N2 N2 N2 REM REM REM N2 N2 N2 N2 N2 N2 N2 N2 N2 N2 N2 N2 N2 N2 N2 N2 N2 N2 N1 N1 N2 N2 N2 N2 N2 N2 N2 N2 N2 N2 N2 N2 N2 N2 N2 N2 N2 N2 N2 N2 N2 N2 N2 N2 N2 N2 N2 N2 N2 N2 N2 N2 N2 N2 N2 N2 N2 N2 N2 N2 N2 N2 N2 N2 N2 N2 N2 N2 N2 N2 N2 N2 N2 N2 N2 N2 N2 N2 N2 N2 N2 N2 N2 N2 N2 N2 N2 N2 N2 N2 N2 N2 N2 N2 N2 N2 N2 N2 N2 N2 N2 N2 N2 N2 N2 N2 N2 REM REM N1 N1 N1 N1 REM REM N1 REM REM REM REM REM REM REM REM REM REM REM REM REM REM REM REM REM REM REM REM REM REM REM REM REM REM REM REM REM REM REM REM REM REM REM REM REM REM REM REM REM REM REM REM REM REM REM W W W W W N1 W W W N1 N1 N1 N1 N1 N1 N1 N1 N2 N2 N2 N2 N2 N1 N1 N2 N2 N2 N2 N1 N2 N2 N2 N2 N2 N2 N2 N1 N1 N2 N2 N2 N2 N2 N2 N2 N2 N2 N2 N2 N2 N2 N2 N2 N2 N2 N2 N2 N2 N2 N2 N2 N2 N2 N2 N2 N2 N2 N2 N2 N2 N2 N2 N2 N2 N2 N2 N2 N2 N2 N2 N2 N2 N2 N2 N2 N2 N2 N2 N2 N2 N2 N2 N2 N2 N2 N2 N2 N2 N2 N2 N2 N2 N2 N2 N2 N2 N2 N2 N2 N2 N2 N1 N1 N1 N1 N2 N2 N2 N2 N1 N1 N1 REM REM REM REM REM REM REM REM REM REM REM REM REM REM REM N1 REM REM REM REM REM REM REM REM REM N1 REM REM REM REM REM REM REM REM REM W W W W W W W W W W W W W W W,processed_sleepedf/spectral/ST7062J0-PSG_spectral.pt
processed_sleepedf/tensors/ST7071J0-PSG.pt,W W W W W W W W W W W W W W W W W W W W W W W W W N1 N1 N1 N1 N1 N1 N1 N2 N2 N2 N2 N2 N2 N2 N2 N2 N2 N2 N2 N2 N2 N2 N2 N2 N2 N2 N2 N2 N2 N2 N3 N3 N3 N3 N3 N3 N3 N3 N3 N3 N3 N3 N3 N3 N3 N3 N3 N3 N3 N2 N2 N3 N3 N3 N3 N3 N3 N3 N3 N3 N3 N3 N3 N3 N3 N3 N3 N3 N3 N3 N3 N3 N3 N3 N3 N3 N3 N3 N3 N3 N3 N3 N3 N3 N3 N3 N3 N3 N3 N3 N3 N3 N3 N3 N3 N3 N3 N3 N3 N3 N3 N3 N3 N3 N3 N3 N3 N3 N3 N3 N3 N3 N3 N3 N3 W W N1 N1 N1 N2 N2 N2 N2 N2 N2 N2 N2 N2 N2 REM REM REM REM N2 N2 REM REM REM N2 N2 REM REM N1 N1 N1 REM REM REM REM REM REM REM REM REM REM REM REM REM REM REM N2 N2 N2 N2 N2 N2 N2 N2 N2 N2 N2 N2 N2 N2 N2 N2 N2 N2 N2 N2 N2 N2 N2 N2 N2 N2 N2 N2 N2 N2 N2 N2 N2 N2 N2 W N1 N2 N2 N2 N1 N2 N2 N2 N2 N1 N2 N2 N2 N2 N2 N2 N2 N2 N1 N2 N2 N2 N2 N2 N2 N2 N3 N3 N3 N3 N3 N3 N3 N3 N3 N3 N3 N3 N3 N3 N3 N3 N3 N3 N3 N3 N3 N3 N3 N3 N3 N3 N3 N3 N3 N2 N2 N2 N2 W W N1 N1 N1 N2 N1 N1 N2 N1 N2 N1 N1 N2 N1 N2 N2 W N1 W N1 N2 N1 N1 N2 N1 N1 N2 N1 N1 N1 N1 N1 N2 W W N1 N2 N2 N2 N2 N2 N2 N2 N1 N2 N2 N2 N2 N2 N2 N2 N2 N2 N2 N2 N2 N2 N2 N3 N2 N2 N3 N2 N2 N2 N2 N3 N2 N2 N2 W N2 N2 N2 N2 N3 N2 N2 N3 N2 N2 N2 N3 N2 N2 N3 N3 N3 N3 N3 N3 N3 N2 N2 N3 N2 N3 N3 N3 N2 N2 N2 N2 N2 N3 N3 N2 N2 N2 N2 N2 N2 N2 N2 N3 N2 N2 N2 N2 REM REM W W N1 W REM REM REM REM REM W W W N1 N1 N2 N2 N2 N2 N2 N2 REM REM REM REM REM REM N1 N1 N1 N1 N1 W N1 N1 N1 REM REM N1 N1 REM W W W W W W W W W W W W W W W W W W W W W W W W W W W W W W W W W W W W W W W W W W W W W W W W W W W W W W W W W W W W W W W W W W W W W W W W W W W W W W W W W W W W W W W W W W W W W W W W W W W W W W W W W W W W W W W W W W W W W W W W W W W W W W W W W W W W W W W W W W W W W W W W W W W W W W W W W W W W W W W W W W W W W W W W W W W W W W W N1 N1 N1 N1 N2 N2 N2 N2 N2 N2 N2 N2 N1 N2 N2 N2 N1 N2 N1 N1 W W W W W W W W W W W W W W W W W W W W N1 W W W W W W W W W W W W W W W W W W W W W W W W W W W W W N1 N1 N1 N1 N1 N1 N1 W W W W N1 W W N1 N1 W W W N1 W W W W W W W W W W W W N1 N1 N1 N1 N1 N1 N1 N1 N1 N2 W N1 N2 N2 N2 N2 N2 N2 N2 N2 N2 N2 N2 REM REM REM REM N1 REM REM REM N1 N1 N1 REM REM REM REM REM REM REM REM REM REM REM REM REM REM REM REM REM REM REM REM REM W W W W W W W N1 W W N1 W W W W W W W W W W W W W W W W W W W W W W W W W W W W W W W W W W W,processed_sleepedf/spectral/ST7071J0-PSG_spectral.pt
processed_sleepedf/tensors/ST7072J0-PSG.pt,W W W W W W W W W W W W W W W W W W W W W W W W W W W W N1 N1 N1 N1 N1 N2 N2 N2 N2 N2 N2 N2 N2 N2 N2 N2 N2 N2 N2 N2 N2 N2 N2 N2 N2 N2 N3 N2 N3 N3 N2 N2 N2 N3 N3 N3 N3 N3 N3 N3 N3 N3 N3 N3 N3 N3 N3 N3 N3 N3 N3 N3 N3 N3 N3 N3 N3 N3 N3 N3 N3 N3 N3 N3 N3 N3 N3 N3 N3 N3 N3 N3 N3 N3 N3 N3 N3 N3 N3 N3 N3 N3 N3 N3 N3 N3 N3 N2 W W N1 N2 N1 N1 N1 N2 N2 N2 N2 N2 N2 N2 N2 N2 N2 N2 N2 N2 N2 N2 N2 N2 N2 N2 N2 N2 N2 N2 N3 N3 N2 N3 N3 N3 N3 N3 N3 N3 N3 N3 N2 N2 N2 N2 N2 N2 N2 N2 N2 N2 N2 N2 N3 N2 N3 N2 N3 N3 N3 N3 N3 N3 N3 N3 N3 N2 N3 N2 N2 N2 N2 N2 N2 N3 N2 N3 N3 N3 N3 N3 N2 N2 N3 N3 N3 N3 N2 N2 N2 N2 N2 N2 N2 N2 N2 N1 N2 N2 REM N1 N1 N1 N2 REM N2 W N1 N2 N2 N2 REM N2 REM N2 REM REM N1 REM N2 N2 N2 REM REM N1 REM N2 REM REM REM N2 REM N2 REM REM N1 N2 REM N2 REM N2 N2 N2 N2 N2 N2 N2 N2 N2 N2 N2 N2 N2 N2 N2 N2 N2 N3 N2 N2 N2 N2 N3 N2 N3 N3 N3 N3 N3 W W W N1 N1 N2 N2 W W W W W W W N1 N2 N2 N2 N2 N2 N2 N2 N2 N2 N2 N2 N2 N2 N2 N2 N2 N2 N2 N2 N2 N2 N2 N2 N2 N2 N2 N2 N2 N2 N2 N2 N2 N2 N2 N2 N2 N3 N3 N3 N3 N3 N3 N3 N3 N3 N3 N3 N3 N3 N3 N3 N3 N3 N3 N3 N3 N3 N3 N3 N3 N3 N3 N3 N3 N3 N3 N3 N3 N3 N3 N3 N3 N3 N3 N3 N3 N3 N3 N3 N3 N3 N3 N3 N3 N3 N3 N3 N3 N3 N3 N3 N3 N3 N3 N3 N3 N3 W W N1 N1 N2 REM REM REM REM REM REM N1 REM REM REM REM REM REM REM REM REM REM REM REM REM REM REM REM REM REM REM REM REM REM REM REM REM REM REM REM N1 N1 REM REM REM REM REM N1 N1 N1 N2 N2 N2 N2 N2 N2 N2 N2 N2 N2 N2 N2 N2 N2 N2 N2 N2 N2 N2 N2 N2 N2 N2 N2 N2 N2 N2 N2 N2 N2 N2 N2 N2 N2 N2 N2 N2 N2 N2 N2 N2 N2 N2 N2 N2 N2 N2 N2 N2 N2 N2 N2 N2 N2 N2 N2 N2 N2 N2 N2 N2 N2 N2 N2 N2 N2 N2 N2 N2 N2 N2 N2 N2 N2 N2 N2 N2 N2 N2 N2 N2 N2 N2 N2 N2 N3 N2 N2 N3 N2 N2 N2 N2 N2 N2 N2 N2 N2 N2 N2 W W N1 N1 N1 N1 N1 N2 REM N1 REM N1 REM REM REM REM N1 N1 N1 N1 REM REM N1 REM REM REM REM REM REM REM REM REM REM REM REM REM REM REM REM REM REM REM REM REM REM REM REM REM REM REM REM REM REM REM REM REM REM REM REM REM REM REM REM REM N1 REM REM REM REM W REM N1 REM N1 N1 N1 N1 N2 N2 N2 N1 N2 N2 N2 N2 N2 N2 N2 N2 N2 N2 N2 N2 N2 N2 N2 N2 N2 N2 N2 N2 N2 N2 N2 N2 N2 N2 N2 N2 N2 N2 N2 N2 N2 N2 N2 N2 N2 N2 N2 N2 N2 N2 N2 N2 N2 N2 N2 N2 N2 N2 W W N1 N2 N1 N2 N2 N1 N1 N1 W W N2 N2 N1 N2 N2 N2 N2 N2 N2 N2 N2 N2 N2 N2 N2 N2 N2 N2 N2 N2 N2 N2 N2 N2 N2 N2 N2 N2 W W N1 N2 W N1 N1 W W W W W W W W W W W W W W W W N1 W W W W W W W W W W W W W W W W W W W W W W W W W W W W W W W W W W W W W W W W W W W W W W W W W W W W W W W W W W W W,processed_sleepedf/spectral/ST7072J0-PSG_spectral.pt
processed_sleepedf/tensors/ST7081J0-PSG.pt,W W W W W W W W W W W W W W W W W W W W W W W W W W W W W W W W W W W W W W W W W W W W W W W W W W W W W W W W W W W W N1 W W W N1 N1 N1 N1 N1 N1 N1 N1 N1 N1 N1 N1 N1 W N1 W N1 N1 W W W W W W W W W W W W W W W W W W W W W W W N1 N1 W W N1 W N1 N1 N1 N1 W W W N1 W W W W W W W W W N1 N1 N1 N1 N1 N2 N2 N2 N2 N2 N2 N1 N1 N1 W N1 W W W W W W W N1 N1 W W W W W W N1 W N1 N1 N1 N1 N2 N2 N2 N2 N2 N2 N2 N2 N2 N2 N2 N2 N2 N2 N2 N2 N2 N2 N2 N2 N2 N2 N2 N2 N2 N2 N3 N3 N2 N2 N3 N3 N3 N3 N2 N3 N3 N3 N2 N3 N3 N3 N2 N3 N3 N3 N3 N3 N3 N2 N3 N3 N3 N3 N2 N3 N3 N3 N3 N3 N3 N3 N3 N3 N3 N3 N3 N3 N3 N3 N3 N3 N3 N3 N3 N3 N3 N3 N3 N3 N3 N3 N3 N3 N3 N3 N2 N3 N3 N3 N3 N2 N3 N3 N2 N3 N3 N2 N3 N3 N3 N3 N2 N1 N1 N1 N2 N2 N2 N2 N2 N2 N2 N2 N2 N2 N2 N2 N2 N2 N2 N2 N2 N2 N2 N2 N2 N2 N2 N2 N2 N2 N2 N2 N2 N2 N2 N2 N2 N2 N2 N2 N2 N2 N2 N2 N2 N2 N2 N2 N2 N2 N2 N2 N2 N2 N3 N3 N3 N3 N3 N3 N2 N3 N3 N3 N3 N2 N3 N3 N3 W N1 N1 N1 N1 N2 N2 N2 N2 N2 N2 N2 N2 N2 N2 N2 N2 N3 N3 N3 N2 N2 N3 N2 N2 N3 N3 N3 N3 N3 N3 N3 N3 N3 N3 N3 N3 N3 N2 N3 N3 N2 N3 N3 N3 N3 N3 N3 N3 N3 N3 N3 N3 N3 N3 N3 N3 N3 N3 N3 N3 N3 N3 N3 N3 N3 N3 N3 N3 N2 N3 N3 N2 N3 N3 N3 N2 N3 N3 N3 N3 N3 N3 N3 N3 N3 N3 N3 N3 N2 N3 N2 N3 N3 N2 N2 N3 N3 N3 N3 N3 N3 N1 N1 N1 N2 N2 N2 N2 N2 N2 N2 N2 N2 N2 N2 N2 N2 N2 N2 N2 N1 N2 N2 N2 N2 N2 N2 N2 N2 N2 N2 N1 N2 N2 REM REM REM REM REM REM REM REM REM REM REM REM REM REM REM REM REM REM REM REM REM REM REM REM REM REM REM REM REM REM REM REM REM N2 N2 N2 N2 N2 N2 N2 N2 N2 N2 W N1 N1 N2 N2 N2 N2 N2 N2 N2 N2 N2 N2 N2 N2 N2 N2 N2 N2 N2 N2 N2 N2 N2 N2 N2 N1 N2 N2 N2 N2 N2 N2 N2 N2 N2 N2 N2 N2 N2 N2 N2 N2 N2 N2 N2 N2 N2 N2 N2 N2 N2 N2 N2 N3 N2 N2 N2 N2 N2 N2 N2 N2 N2 N2 N2 N2 N2 N3 N2 N2 N2 N2 N2 N2 N2 N2 N3 N2 N3 N2 N2 N3 N2 N2 N2 N3 N2 N2 N2 N2 N2 N2 N3 N2 N2 N3 N2 N2 N2 N3 N2 N3 N3 N2 N3 N2 N3 N3 N2 N2 N2 N3 N3 N2 N3 N2 N3 W N1 N2 N2 N2 N2 N2 N2 N2 N2 N2 N2 N2 N2 N2 N2 N1 N2 N2 N2 N2 N2 N2 N2 N2 N2 N2 N2 N2 N2 N2 N2 N2 N2 N2 N2 N2 N2 REM REM REM REM REM REM REM REM REM REM REM REM REM REM REM REM REM REM REM REM W W W W N1 W N1 N1 N1 W N1 N1 W W W W W W N1 N1 N2 N2 N2 N2 N2 N2 N2 N2 N2 N2 N2 N2 N2 N2 N2 N2 N2 N2 N2 N2 N2 N2 N2 N2 N2 N1 N2 N2 N2 N2 N2 N2 N2 N2 N2 N2 N2 N2 N2 N2 N2 N2 N2 N2 N2 N1 N2 N2 N2 N2 N2 N2 N2 N1 N2 N2 N2 N2 N2 N2 N2 N2 N2 N2 N2 N2 N2 N2 N2 N2 N2 N2 N2 N1 N1 N2 N2 N2 N2 N2 N2 N2 N2 N2 N2 N2 N2 N2 N2 N1 W N1 N2 N2 N2 N2 N2 N2 N2 N2 N2 REM REM REM REM REM REM REM REM REM REM REM REM REM REM REM REM REM REM REM REM REM REM REM REM REM REM REM REM REM REM REM REM REM REM REM W N1 N1 N1 N2 N2 N2 N2 N2 N2 N2 N2 N2 N2 N2 N2 N2 N2 N2 N2 N2 N2 N2 N2 N2 N2 N2 N2 N2 N1 N1 N2 N2 N2 N2 N2 N2 N2 N2 N2 N2 N2 N2 N2 N2 N2 N2 N2 N2 N2 N2 N2 N2 N2 N2 N2 N2 N2 N2 N2 N2 N2 N2 N2 N2 N2 N2 N2 N2 N2 N2 N2 N2 N2 N2 N2 N2 N2 N2 N2 N2 N1 N2 N2 N2 N2 N2 N2 N2 N2 N2 N2 W W W W W W W W W,processed_sleepedf/spectral/ST7081J0-PSG_spectral.pt
processed_sleepedf/tensors/ST7082J0-PSG.pt,W W W W W W W W W W W W W W W W W W W W W W W W W W W W W W W W W W W W W W W W W W W N1 N1 N1 N1 N1 N1 N1 N1 N1 N2 N2 N2 N2 N2 N1 N2 N2 N1 N2 N2 N1 N1 W W W W W W W W W W W W W W W W W W W W W W W W W W W W W W W W N1 N1 N1 N1 N1 N1 N1 N1 N2 N2 N1 N1 N1 N1 W W W W W W N1 N1 N1 N1 N1 N1 W N1 N1 N1 N1 N1 N1 N1 N1 N1 N1 N1 N1 W W W W W W W W W W W W N1 N1 W N1 N1 W W W W W W N1 N1 N1 N1 N1 N1 N2 N2 N2 N2 N2 N2 N2 N2 N2 N2 N2 N2 N2 N2 N2 N2 N2 N2 N2 N2 N2 N2 N2 N1 N1 N1 N1 N1 N1 W W N1 N1 W W W W W W W W W W W N1 N1 N1 N2 N2 N2 N2 N2 N2 N2 N2 N2 N2 N2 N2 N2 N2 N2 N2 N2 N2 N1 N1 N1 W W W W N1 N1 N1 N1 N2 N2 N2 N2 N2 N2 N2 N2 N2 N2 N2 N2 N2 N2 N2 N2 N2 N2 N2 N2 N3 N2 N2 N2 N2 N2 N2 N2 N2 N3 N2 N2 N3 N2 N2 N2 N3 N2 N2 N2 N2 N2 N2 N3 N2 N3 N3 N2 N3 N2 N3 N2 N2 N2 N2 N2 N2 N3 N2 N2 N2 N3 N2 N2 N2 N2 N2 N2 N3 N2 N2 N2 N2 N2 N2 N2 N3 N1 N1 N1 N1 N2 N2 N2 N2 N2 N2 N2 N2 N2 N2 N2 N2 N2 N2 N2 N2 N2 N2 N2 N2 N2 N2 N2 N2 N2 N2 N3 N1 N1 N2 N2 N2 N2 N2 N2 N2 N2 N2 N2 N2 N2 N2 N2 N2 N2 N2 N2 N1 N1 N2 N2 N2 N2 N2 N2 N2 N1 N1 N1 N1 N1 N1 N1 N1 N2 N2 N2 N2 N2 N2 N2 N2 N2 N2 N2 N2 N2 N2 N2 N2 N2 N2 N2 N2 N2 N2 N2 N2 N2 N2 N2 N2 N2 N2 N2 REM REM REM REM REM REM REM REM REM REM REM REM REM REM REM REM REM REM REM REM REM REM REM REM REM REM REM REM REM REM REM REM REM W N1 N1 N1 N1 N1 W W N1 W N1 N1 N2 N2 N2 N2 N2 N2 N2 N2 N2 N2 N2 N2 N2 N2 N2 N2 N2 N2 N2 N2 N2 N2 N2 N2 N2 N2 N2 N2 N2 N2 N2 N2 N2 N2 N2 N2 N2 N2 N2 N2 N2 N3 N3 N3 N3 N2 N3 N3 N3 N2 N2 N2 N3 N3 N2 N3 N3 N2 N3 N2 N3 N2 N3 N3 N3 N3 N2 N2 N2 N3 N2 N3 N2 W W W W W W N1 N1 N1 N1 N1 N1 N1 N1 N1 N1 N1 N2 N2 N2 N2 N2 N2 N2 N2 N2 N2 N2 N2 N2 N2 N2 N2 N2 N2 N2 N2 N2 N2 N2 N2 N3 N2 N2 N2 N2 N2 N2 N2 N2 N2 N2 N2 N2 N2 N2 N2 N2 N2 N2 N2 N2 N2 N2 N2 N2 N2 N2 N2 N2 N2 N2 N2 N2 N2 N2 N2 N2 N2 N2 N2 N2 N2 N2 N2 N2 N2 N2 N2 N2 N2 N2 N2 N2 REM REM REM REM REM REM REM REM REM REM REM REM REM REM REM REM REM REM REM REM REM REM REM N1 N1 REM REM REM REM REM REM REM REM REM REM REM REM REM REM REM REM REM REM REM REM REM REM REM REM REM N1 N1 N1 N2 N2 N2 N2 N2 N2 N2 N2 N2 N2 N2 N2 N2 N2 N2 N2 N2 N2 N2 N2 N2 N2 N2 N2 N2 N2 N1 N1 N1 N1 N2 N2 N2 N2 N2 N2 N2 N2 N2 N2 N2 N2 N2 N2 N2 N2 N2 N2 N2 N2 N2 N2 N2 N2 N2 N2 N2 N2 N2 N2 N2 N2 N2 N2 N2 N2 N2 N3 N3 N3 N3 N3 N3 N2 N3 N2 N3 N2 N2 N2 N1 N1 N1 N1 N1 N1 N2 N2 N2 N2 N2 N2 N2 N2 N2 N2 N2 N2 N2 N2 N2 N2 N2 N2 N2 N2 N2 N2 N2 N2 N2 N2 N3 N2 N2 N2 N2 N2 N2 N2 N2 N2 N2 N2 N2 N2 N2 N2 N3 N2 N3 N2 N2 N2 N2 N2 N2 N2 N1 N2 N2 N2 N2 N2 REM REM REM REM REM REM REM REM REM REM REM REM REM REM REM REM REM REM REM REM REM REM REM REM REM REM REM REM REM REM W W W W W W W W W N1 N1 N1 N1 N1 N1 N1 N1 N1 W N1 N1 N1 N1 N1 N1 N1 N1 N1 N1 N1 N1 N1 N1 N1 W N1 N1 N1 N1 N1 W W N1 N1 N1 N1 N1 N1 N1 N1 N1 N1 N1 N1 N1 N1 N1 N1 N1 N1 N1 N1 W W W W W W W W W W W W W,processed_sleepedf/spectral/ST7082J0-PSG_spectral.pt
processed_sleepedf/tensors/ST7091J0-PSG.pt,W W W W W W W W W W W W W W W W N1 N1 N1 N1 N1 N1 N1 N1 W W W W W W W W W W W W W W W W W W W W W W W W W W W N1 W W N1 N1 N1 N1 W W W W W W W W W W W W W W W W W N1 N1 N1 N1 N1 N1 N2 N2 N2 N2 N2 N2 N2 N2 N2 N2 N2 N2 N2 N2 N2 N2 N2 N2 N2 N2 N2 N2 N2 N2 N2 N2 N2 N2 N2 N2 N2 N2 N2 N2 N2 N2 N2 N2 N2 N2 N2 N2 N2 N2 N2 N2 N2 N2 N2 N2 N2 N3 N2 N2 N2 N2 N2 N2 N2 N2 N2 N2 N2 N2 N2 N2 W W W N1 N2 N1 N1 N1 W W W W W W N1 N2 N2 N2 N2 N2 N2 N2 N2 N2 N2 N2 N2 N2 N2 N2 N2 N2 N2 N2 N2 N2 N2 N2 N2 N2 N2 N2 N2 N2 N2 N3 N2 N2 N2 N2 N3 N2 N2 N2 N2 N2 N2 N2 N2 N3 N2 N2 N2 N2 N2 N2 N3 N3 N3 N2 N2 N2 N2 N2 N2 N2 N1 W N1 N1 W W W W W W W W W N1 N2 N2 N2 N2 N2 N2 N2 N2 N2 N2 N2 N2 N2 N2 N2 N2 N2 N2 N2 N2 N2 N2 N2 N2 N2 N2 N2 N2 N2 N2 N2 N2 N2 N2 N2 N2 N2 N2 N2 N2 N2 N2 N2 N2 N2 N2 N2 N2 N2 N2 N2 N2 N2 N2 N2 N2 N2 N2 N2 N2 N2 N2 N2 N2 N3 N3 N3 N2 N2 N2 N2 N2 N2 N2 N2 N1 N1 W W W W W W N1 N2 N2 N1 W W W W W W W W W W N1 N1 N2 N2 N2 N2 N2 REM REM REM REM REM REM REM REM REM REM REM REM REM REM REM REM REM REM REM REM REM REM REM REM REM REM REM REM REM REM REM REM REM REM REM REM REM REM REM REM REM REM REM REM REM REM REM REM REM REM REM REM REM REM REM REM REM REM REM REM REM N2 N2 N2 N2 N2 N2 N2 N2 N2 N2 N2 N2 N2 N2 N2 N2 N2 N2 N2 N2 N2 N2 N2 N2 N2 N2 N2 N2 N1 N1 N1 N1 N1 N2 N1 N2 N2 N2 N2 N2 N2 N2 N2 N2 N2 N2 N2 N2 N3 N2 N2 N3 N2 N3 N3 N2 N3 N2 N3 N3 N3 N2 N2 N2 N3 N3 N2 N2 N2 N3 N3 N3 N1 N1 N1 N2 N2 N2 N2 N1 N2 N2 N2 N2 N2 N2 N2 N2 N2 N2 N2 N2 N2 N2 N2 N2 N2 N2 N2 N2 N2 N2 N2 N2 N3 N2 N3 N2 N3 N3 N2 N2 N3 N3 N2 N3 N3 N2 N3 N3 N3 N3 N3 N3 N3 N3 N3 N2 N3 N3 N3 N3 N3 N3 N2 N3 N3 N3 N3 N2 N2 N3 N3 N2 N3 N3 N3 N3 N3 N3 N3 N3 N2 N3 W W W W N1 N2 N2 N2 N2 N2 N2 REM REM REM REM REM REM REM REM REM REM REM REM REM REM REM REM REM REM REM REM REM REM REM REM REM REM REM REM REM REM REM REM REM REM REM REM REM REM REM REM REM REM REM REM W W W W W W W W N1 N2 N2 N2 N2 N2 N1 N1 N2 N2 N2 N2 N2 N2 N2 N2 N2 N2 N2 N2 N2 N2 N2 N2 N2 N2 N2 N2 N2 N2 N2 N2 N2 N2 N2 N2 N2 N2 N2 N2 N2 N2 N2 N2 N2 N2 N2 N2 N2 N2 N2 N2 N2 N2 N2 N2 N2 N2 N2 N2 N2 N2 N2 N2 N2 N2 N2 N2 N2 N2 N2 N3 N2 N2 N2 N2 N2 N2 N2 N2 N2 N2 N2 N2 N2 N2 N2 N2 N2 N1 N1 N1 N2 N2 N2 N1 N2 N2 N1 W N1 N1 W W W W W N1 W N1 N1 N1 N1 N2 N1 N1 N1 N2 N2 N2 N2 REM REM REM REM REM REM REM REM REM REM REM REM REM REM REM REM REM REM REM REM REM REM REM REM REM REM REM REM REM W REM REM REM REM REM REM REM REM W W N1 W W W W W N1 N1 N1 N1 N1 N1 N1 N2 N2 N1 N1 N2 N2 N2 N2 N2 N2 N2 N2 N2 N2 N2 N2 N2 N2 N2 N2 N2 N2 N2 N2 N2 N2 N2 N2 N2 N2 N2 N2 N2 N2 N2 N2 N2 N2 N2 N2 N2 N2 N2 N2 N2 N2 N2 N2 N2 N2 N2 N2 N2 N2 N2 N2 N2 N2 N2 N2 N2 N2 N1 N1 N2 N2 N2 N2 W W N1 N1 N1 N1 N2 N2 N2 N2 N2 N2 REM REM REM REM REM REM REM REM REM REM REM REM REM REM REM REM REM REM REM REM REM REM REM REM REM REM REM REM REM REM REM REM REM REM REM REM REM REM REM REM REM REM REM REM W N1 N1 N1 W W W W W W W W W N1 N1 N1 N1 N1 N1 N1 W W W N1 N1 W,processed_sleepedf/spectral/ST7091J0-PSG_spectral.pt
processed_sleepedf/tensors/ST7092J0-PSG.pt,W W W W W W W W W W W W W W W N1 N1 N1 N1 N1 N1 N1 N1 N1 N1 N1 W W W N1 N1 N1 W W W W W W W N1 W N1 N1 N1 N1 N1 N1 N1 W N1 N1 N2 N2 N2 N2 N2 N2 N2 N2 N2 N2 N2 N2 N2 N2 N2 N2 N2 N2 N2 N2 N2 N2 W W W W W W W W W W W W W W W W N1 W W W N1 W W W W N1 N1 N1 N1 W W N1 N1 N1 N1 N2 N1 N1 N2 N2 N2 N2 N2 N2 N2 N2 N2 N2 N2 N2 N2 N2 N2 N2 N2 N2 N2 N2 N2 N2 N2 N2 N2 N2 N2 N2 N2 N2 N2 N2 N2 N2 N2 N2 N2 N2 N2 N3 N3 N2 N2 N2 N3 N3 N2 N3 N3 N2 W W N1 N1 N2 N2 N2 N2 N2 N2 N2 N2 N2 N2 N2 N2 N3 N2 N2 N3 N3 N2 N3 N3 N2 N3 N3 N3 N3 W W W N1 W W N1 N1 W N1 N1 N2 N2 N2 N2 N2 N2 N2 N2 N2 N2 N2 N2 W N1 N1 N2 N2 N2 N2 N2 N2 N2 N2 N2 N2 N2 N2 N2 N2 W N1 N1 N1 N2 N1 N1 N1 N1 N1 N2 N2 N2 N2 N1 N2 N2 N1 N1 N2 N1 N1 W W W W N1 W W W W W W W N1 N2 N2 N2 N2 N2 N2 N2 N2 N2 N2 N2 N2 N2 N2 N2 N2 N2 N2 N2 N2 W W W W N1 N1 W N1 W W W W W W N1 W W N1 N1 N1 N1 N1 N1 N2 N2 N2 N2 N2 N2 N2 N2 N2 N2 N1 N2 N2 N2 N2 W N1 N1 N1 N2 N1 W N1 N1 N1 N2 N2 N2 N2 N1 W W N1 N1 N1 W W N1 W W W W W W N1 N1 N2 N2 N2 N2 N2 N2 N2 N2 N2 N2 N2 N2 N2 N2 N2 N2 N3 N3 N2 N2 N2 N3 N2 N2 N3 N2 N3 N3 N3 N2 N3 N3 N3 N3 N3 N2 W W W N1 N1 N1 N1 N1 N2 N2 W W W W N1 N1 N1 N1 N1 N1 N1 N2 N2 N2 N2 REM REM REM REM REM REM REM REM REM REM REM REM REM REM REM REM REM REM REM REM REM REM REM REM REM REM REM REM REM REM REM REM REM REM REM REM REM REM REM REM REM REM REM REM REM REM REM W W N1 N1 W W W W W W W W W N1 W W W W W W N1 W N1 W N1 N1 W W W W W W W W W N1 N1 N2 N2 N2 N2 N2 N2 N2 N2 N1 N2 N2 N2 N2 N2 N2 N2 N2 N2 N2 N2 N2 N2 N2 N2 N2 N2 N2 N2 N2 N2 N2 N3 N3 N2 N2 N2 N2 N2 N2 N2 N3 N2 N3 N2 N2 N3 N3 N2 N2 N3 N3 N2 N2 N2 N2 N2 N3 N2 N3 N2 N2 N3 N2 N3 N3 N3 N3 N3 N3 N2 N3 N3 N3 N3 N2 N2 N3 N3 N2 N3 N3 N2 N2 N2 N3 N3 N3 N2 N3 N2 N2 N2 W W W W W W W W N1 N1 N1 N1 N2 N2 N2 N2 N2 N2 N2 N2 N2 N2 N2 N2 N1 N1 N2 N2 N2 N2 N2 N2 N2 N2 N2 N2 N1 N1 N1 REM REM REM REM REM N1 N1 N1 N1 N1 N1 N1 N1 REM REM REM REM REM REM REM REM REM REM REM REM REM REM REM N1 W N1 N1 N1 N2 N2 N2 N2 N2 N2 N2 N2 N2 N2 N2 N2 N2 N2 N2 N2 N2 N2 N2 N2 N2 N2 N2 N2 N2 N2 N2 N2 W N1 N1 N1 N1 N2 N2 N2 N2 N2 N2 N2 N2 N2 N2 N2 N2 N2 N2 N2 N2 N2 N2 N2 N2 N2 N2 N2 N2 N2 N2 N2 N2 N2 N2 W N1 N1 N1 N2 N2 N2 N2 N2 N2 N2 N2 N2 N2 N2 N2 N2 N1 N1 N1 N2 N2 N2 N2 REM REM REM REM REM REM W N1 N1 REM REM REM REM REM REM REM REM REM REM REM REM REM REM REM REM REM REM REM REM REM REM REM REM REM REM REM REM REM REM REM REM REM REM REM REM REM REM REM REM REM REM REM REM REM REM REM REM REM REM REM REM REM REM W REM REM REM REM REM REM REM REM REM REM REM REM REM REM REM REM REM REM REM REM REM REM REM REM REM REM REM REM REM REM REM REM REM W W N1 N1 N2 N2 N2 N2 N2 N2 N2 N2 N2 W W N1 W N1 W W N1 W W W N1 N1 N1 N1 W W W W W N1 N1 N1 N1 W W W W W W W W W W W W W W W W W W W W W W W W W W W W W W W W W W W W W W W,processed_sleepedf/spectral/ST7092J0-PSG_spectral.pt
processed_sleepedf/tensors/ST7101J0-PSG.pt,W W W W W W W W W W W W W W W W W W W W W W W W W W W W W W W W W W W W W W W W W W W W W W W W W W W N1 N1 N1 N1 N1 N1 N1 N1 N2 N2 N2 N2 N2 N2 N2 N2 N2 N2 N2 N2 N2 N2 N3 N3 N3 N3 N3 N3 N3 N3 N3 N3 N3 N3 N3 N3 N3 N3 N3 N3 N3 N3 N3 N3 N3 N3 N3 N3 N3 N3 N3 N3 N3 N3 N3 N3 N3 N3 N3 N3 N3 N3 N3 N3 N3 N3 N3 N3 N3 N3 N3 N3 N3 N3 N3 N3 N3 N3 N3 N3 N3 N3 N3 N3 N3 N3 N3 N3 N3 N3 N3 N3 N3 N3 N3 N3 N3 N3 N3 W W W W W W W W W W W N1 W W N1 N1 N1 N1 N1 N1 N1 N1 N1 W W W W W W W W W N1 N1 N1 N2 N2 N2 N2 N2 N2 N2 W W W W W W W W W W W W W W W W W W W W W W W W W W W W W W W W W W W W W W W W W W W N1 N1 N1 W W W W W W W W W N1 N1 N1 N1 N1 W W W N1 N1 N1 N1 N1 N1 N1 N1 N1 N2 N2 N2 N2 N2 N2 N2 N2 N2 N2 N2 N2 N2 N2 N2 N1 N1 N2 N2 N2 N2 N2 N2 N2 N2 N2 N2 N2 N2 N2 N3 N2 N2 N2 N3 N2 N3 N3 N3 N3 N2 N3 N3 N3 N3 N3 N3 N3 N3 N3 N3 N3 N3 N3 N2 N2 N2 N3 N2 N2 N2 N1 N1 N1 N2 N2 N2 N2 N2 N2 N2 N2 N2 N3 N2 N2 N2 N2 N2 N2 N3 N2 N2 N2 N2 N3 N3 N3 N2 N3 N3 N2 N2 N3 N2 N2 N2 N2 N3 N2 N2 N3 N2 N2 N2 N2 N3 N1 N2 N2 N2 N3 N2 N3 N2 N2 N2 N2 N2 N2 N3 N2 N2 N2 REM REM REM REM REM REM REM REM REM REM REM REM REM REM REM REM REM REM N1 N1 REM REM REM REM REM REM REM REM REM REM REM REM REM REM REM REM REM REM REM REM REM REM REM REM REM REM REM REM REM REM REM REM REM REM REM REM REM REM REM REM REM REM REM REM REM REM REM REM REM REM REM REM REM REM REM REM REM REM REM REM REM REM REM REM N2 N2 N2 N2 N2 N2 N2 N2 N2 N2 N2 N2 N2 N2 N2 N3 N3 N2 N2 N3 N2 N2 N3 N3 N3 N3 N3 N3 N3 N3 N3 N3 N3 N3 N3 N3 N3 N3 N3 N3 N3 N3 N3 N3 N3 N3 N3 N3 N3 N3 N3 N3 N3 N3 N3 N3 N3 N3 N3 N3 N3 N3 N3 N3 N3 N3 N3 N3 N3 N3 N1 N1 N1 N1 N1 W N1 N1 N1 N2 N2 N2 N2 N2 N2 N2 N2 N2 N2 N2 N3 N2 N3 N2 N2 N2 N3 N3 N2 N2 N3 N3 N3 N2 N3 N3 N2 N2 N3 N3 N2 N3 N2 N3 N3 N3 N3 N2 N2 N3 N2 N2 N2 N3 N3 N1 N1 N2 N2 N2 N2 N2 N2 N2 N2 N2 N2 N2 N3 N3 N2 N3 N3 N3 N3 N3 N3 N3 N3 N3 N3 N3 N3 N3 N3 N3 N3 N3 N3 N3 N3 N3 N3 N3 N3 N3 N3 N3 N3 N3 N3 N3 N3 N3 N3 N3 N3 N3 N3 N3 N3 N3 N3 N3 N3 N3 N3 N3 N3 N3 N3 N3 N2 N3 N3 N3 N2 N2 N2 N2 REM REM REM REM REM REM REM REM REM REM REM REM REM REM REM REM REM REM REM REM REM REM REM REM REM REM REM REM REM REM REM REM REM REM REM REM REM REM REM REM REM REM REM REM REM REM REM REM REM REM REM REM REM REM REM REM REM REM REM N1 N1 N1 N2 N2 N2 N1 N1 N2 N2 N2 N2 N2 N2 N2 N2 N2 N2 N2 N2 N2 N2 N2 N2 N2 N2 N2 N2 N2 N2 N2 N2 N2 N2 N2 N2 N2 N3 N2 N2 N2 N2 N3 N3 N2 N3 N3 N3 N3 N3 N3 N3 N3 N3 N3 N3 N3 N3 N3 N1 N2 N2 N2 N2 N2 N2 N2 N2 N2 N2 N2 N2 N2 N3 N3 N2 N3 N2 N3 N2 N3 N2 N3 N2 N2 N3 N3 N3 N2 N2 N3 N3 N3 N3 N3 REM REM REM REM REM REM REM REM REM REM REM REM REM REM REM REM REM REM REM REM REM REM N1 N1 N1 N1 N1 N2 N2 N2 N2 N2 N2 N2 N2 N2 N2 N2 N2 N2 N2 N2 N2 N2 N2 N2 N2 N2 N2 N2 N2 N2 N2 N2 N3 N2 N2 N2 N2 N2 N2 N2 N2 N2 N2 N2 N1 N1 N1 N2 N2 N2 N2 N2 N2 N2 N2 N2 N2 N2 N2 N2 N2 N2 N2 N3 N2 REM REM REM REM REM REM REM REM REM REM REM REM REM REM REM REM REM REM REM REM REM REM REM REM REM REM REM REM REM N1 N1 REM REM REM REM REM REM REM REM REM REM REM REM REM REM REM REM REM REM REM REM REM REM REM REM REM REM REM REM REM REM REM REM REM REM REM REM REM REM REM N2 N2 N2 N2 N2 N2 N2 N2 N2 N2 N2 N2 N2 N2 N2 N2 N3 N3 N2 N2 N3 N3 N3 N2 N2 N3 N3 N3 N2 N2 N3 N3 N3 N3 N3 N3 N3 N3 N3 N3 N3 N3 N3 N3 N3 N3 N3 N3 N3 N3 N3 N3 N3 N3 N3 N3 N3 W W,processed_sleepedf/spectral/ST7101J0-PSG_spectral.pt
processed_sleepedf/tensors/ST7102J0-PSG.pt,W W W W W W W W W W W W W W W W W W W W W W W W W W W W W W W W W W W W W W W W W W W W W W N1 N1 N1 N1 N1 N1 N1 N1 N1 N1 N1 N1 N1 N1 W W N1 N1 N1 N2 N2 N2 N2 N2 N2 N2 N2 N2 N2 N2 N2 N2 N2 N2 N2 N2 N2 N2 N2 N2 N2 N2 N2 N2 N2 N2 N3 N3 N3 N3 N3 N3 N3 N3 N3 N3 N3 N3 N3 N3 N3 N3 N3 N3 N3 N3 N3 N3 N3 N3 N3 N3 N3 N3 N3 N3 N3 N3 N3 N3 N3 N3 N3 N3 N3 N3 N3 N3 N3 N3 N3 N3 N3 N3 N3 N3 N3 N3 N3 N3 N3 N3 N3 N3 N3 N3 N3 N3 N3 N3 N3 N3 N3 N3 N3 N3 N3 N3 N3 N3 N3 N3 N3 N3 N3 N3 N3 N3 N3 N3 N3 N3 N3 N3 N3 N3 N3 N3 N3 N3 N3 N3 N3 N3 N3 N3 N3 N3 N3 N3 N2 N2 N3 N2 N2 N2 N2 N2 N2 REM REM REM REM REM REM REM REM REM REM REM REM REM REM REM REM REM REM REM REM REM REM REM REM REM REM REM REM REM REM REM REM REM REM REM REM REM REM REM REM REM REM REM REM REM REM REM REM N2 N2 N2 N2 N2 N2 N2 N2 N2 N2 N2 N2 N2 N2 N2 N2 N2 N2 N2 N2 N2 N2 N3 N2 N2 N3 N3 N2 N2 N2 N3 N3 N3 N3 N3 N3 N3 N3 N3 N3 N3 N3 N3 N3 N3 N3 N3 N3 N3 N3 N3 N3 N3 N3 N3 N3 N3 N3 N3 N3 N3 N3 N3 N3 N3 N3 N3 N3 N3 N3 N3 N3 N3 N3 N3 N3 N3 N3 N3 N3 N3 N3 N3 N3 N3 N3 N3 N3 N3 N3 N3 N3 N3 N3 N3 N3 N3 N3 N3 N3 N3 N3 N3 N3 N3 N3 N3 N3 N3 N3 N3 N3 N3 N3 N3 N3 N3 N3 N3 N3 N3 N3 N3 N3 N3 N3 N3 N3 N3 N3 N3 N2 N2 N2 N2 N2 N3 N2 REM REM REM REM REM REM REM REM REM REM REM REM REM REM REM REM REM REM REM REM REM REM REM REM REM REM REM REM REM REM REM REM REM REM REM REM REM REM REM REM REM REM REM REM REM REM REM REM REM REM REM REM REM REM REM REM REM REM REM REM REM REM REM REM REM REM REM REM REM REM REM REM REM REM REM REM REM REM REM REM REM REM REM REM REM REM REM REM REM REM REM REM REM REM REM REM REM REM N1 N1 N2 N2 N2 N2 N1 N1 N1 N1 N2 N2 N2 N2 N2 N2 N2 N2 N2 N2 N2 N2 N2 N2 N2 N2 N2 N2 N3 N2 N2 N2 N2 N2 N2 N2 N2 N2 N2 N2 N2 N2 N2 N2 N2 N2 N3 N2 N2 N2 N3 N2 N2 N2 N2 N2 N2 N2 N2 N2 N2 N2 N2 N2 N2 N2 N2 N2 N2 N2 N2 N2 N2 N2 N2 N2 N2 N2 N2 N2 N2 N3 N2 N2 N2 N2 N3 N2 N3 N3 N3 N3 N3 N3 N3 N3 N3 N3 N3 N3 N3 REM REM REM REM REM REM REM REM REM REM REM REM REM REM REM REM REM REM REM REM REM REM REM REM REM REM REM REM REM REM REM REM REM REM REM REM REM REM REM REM REM REM REM REM REM REM REM REM REM REM REM REM REM REM REM REM REM REM REM REM REM REM REM REM REM REM REM REM REM REM REM REM REM REM REM REM REM REM REM REM REM REM REM REM REM REM REM N2 N2 N2 N2 N2 N2 N2 N2 N2 N2 N2 N2 N2 N2 N2 N2 N2 N2 N2 N2 N2 N2 N2 N2 N2 N2 N2 N2 N3 N2 N3 N3 N2 N2 N2 N2 N2 N3 N2 N2 N3 N3 N3 N3 N3 N2 N2 N3 N2 N3 N3 N3 N2 N3 N3 N3 N3 N3 N3 N3 N3 N3 N3 N3 N3 N3 N3 N3 N3 N3 N3 N3 N3 N3 N3 N3 N3 N3 N3 N3 N3 N3 N3 N3 N3 N3 N3 N3 N3 N3 N3 N3 N3 N3 N3 N3 N3 N3 N3 N3 N3 N3 N3 N2 N3 N3 REM REM REM REM REM REM REM REM REM REM REM REM REM REM REM REM REM REM REM REM REM REM REM REM REM REM REM REM REM REM REM REM REM REM REM REM REM REM REM REM REM REM REM REM REM REM REM REM REM REM REM REM REM REM REM REM REM REM REM REM REM REM REM REM REM REM REM REM REM REM REM REM REM REM REM REM REM REM REM REM REM REM REM REM REM REM REM REM REM REM REM REM REM REM REM REM REM REM REM REM REM REM REM REM REM REM REM REM REM REM N2 N2 N2 N2 N2 N2 N2 N2 N1 N2 N2 N2 N2 N2 N2 N2 N2 N2 N2 N2 N2 N2 N2 N2 N2 N2 N2 N2 N2 N2 N2 N2 N2 N2 N2 N2 N2 N2 N2 N2 N2 N2 N2 N2 N2 N2 N2 N2 N2 N2 N2 N2 N2 N2 N2 N2 N2 N2 N2 N2 N2 N2 N2 N3 N2 N2 N2 N2 N2 N2 N1 N1 W W W W N1 N1 N1 W N1 N2 N2 N2 N2 W W,processed_sleepedf/spectral/ST7102J0-PSG_spectral.pt
processed_sleepedf/tensors/ST7111J0-PSG.pt,W W W W W W W W W W W W W W W W W N1 N1 N1 N1 N1 N2 N2 N1 N1 W N1 N2 N2 N2 N2 N2 N2 N2 N2 N2 N2 N3 N3 N3 N3 N3 N3 N3 N3 N3 N3 N3 N3 N3 N3 N3 N3 N3 N3 N3 N3 N3 N3 N3 N3 N3 N3 N3 N3 N3 N3 N3 N3 N3 N3 N3 N3 N3 N3 N3 N3 N3 N3 N3 N3 N3 N3 N3 N3 N3 N3 N3 N3 N3 N3 N3 N3 N3 N3 N3 N3 N3 N3 N3 N3 N3 N3 N3 N3 N3 N3 N3 N3 N3 N3 N3 N3 N3 N3 N3 N3 N3 N3 N3 N3 N3 N3 N3 N3 N3 N3 N3 N3 N3 N3 N1 N2 N2 N3 REM REM REM REM REM REM REM REM REM REM REM REM REM REM REM REM REM REM REM REM REM REM REM REM REM REM REM REM REM REM REM REM REM REM REM REM REM REM REM REM REM REM REM REM REM REM REM REM REM REM REM N1 N2 N2 N2 N2 N2 N2 N2 N2 N3 N2 N3 N2 N3 N3 N3 N3 N3 N3 N3 N3 N3 N3 N3 N3 N3 N3 N3 N3 N3 N3 N3 N3 N3 N3 N3 N3 N3 N3 N3 N3 N3 N3 N3 N3 N3 N3 N3 N3 N3 N3 N3 N3 N3 N3 N3 N3 N3 N3 N3 N3 N3 N3 N3 N3 N3 N3 N3 N3 N3 N3 N3 N3 N3 N3 N3 N3 N3 N3 N3 N3 N3 N3 N3 N3 N3 N3 N3 N3 N3 N3 N3 N3 N3 N3 N3 N3 N3 N3 N3 N3 N3 N3 N3 N3 N3 N3 N3 N3 N3 N3 N3 N3 N3 N3 N3 N3 N3 N3 N3 N3 N3 N3 N3 N3 N3 N3 N3 N3 N3 N3 N3 N3 N2 N3 N2 REM REM REM REM REM REM REM REM REM REM REM REM REM REM REM REM REM REM REM REM REM REM REM REM REM REM REM REM REM REM REM REM REM REM REM REM REM REM REM REM REM REM REM REM REM REM REM REM REM REM REM REM REM REM REM REM REM REM REM REM REM REM REM N2 N2 N2 N2 N2 N2 N2 N2 N2 N2 N2 N2 N2 N2 N2 N2 N2 N2 N2 N2 N2 N2 N2 N2 N2 N2 N2 N2 N2 N2 N2 N2 N2 N2 N2 N2 N2 N2 N2 N2 N2 N2 N2 N2 N2 N2 N2 N2 N2 N2 N2 N2 N2 N2 N2 N2 N2 N2 N2 N2 N2 N2 N2 N2 N2 N2 N2 N2 N2 N2 N2 N2 W W N1 N2 N2 N2 N2 N2 N2 N2 N2 REM REM REM REM REM REM REM REM REM REM REM REM REM REM REM REM REM REM REM REM REM REM REM REM REM REM REM REM REM REM REM REM REM REM REM REM REM REM REM REM REM REM REM REM REM REM REM REM REM REM REM REM REM REM REM REM REM REM REM N1 N2 N2 N2 N2 N2 N2 N2 N2 N2 N2 N2 N2 N2 N2 N2 N2 N2 N2 N2 N2 N2 N2 N2 N2 N2 N2 N2 N2 N2 N2 N2 N2 N2 N2 N2 W N1 N2 N2 N2 N2 N2 N2 N2 N2 N2 N2 N2 N2 N2 N2 N2 N2 N2 N2 N1 N2 N2 N2 N2 N2 N2 N2 N2 N2 N2 N2 N2 N2 N2 N2 N2 N2 N2 N2 N2 N2 N2 N2 N2 N2 N2 N2 N2 N2 N2 N2 N2 N2 N2 N2 N2 N2 N2 N2 N2 N3 N2 N3 N2 N2 N3 N2 N2 N2 N2 N2 N2 N2 N2 N2 N2 REM REM REM REM REM REM REM REM REM REM REM REM REM REM REM REM REM REM REM REM REM REM REM REM REM REM REM REM REM REM REM REM REM REM REM REM REM REM REM REM REM REM REM REM REM REM REM REM REM REM REM REM REM REM REM REM REM REM REM REM REM REM REM REM REM N2 N2 N2 N2 N2 N2 N2 N2 N2 N2 N2 N2 N2 N2 N2 N2 N2 N2 N2 N2 N2 N2 N2 N2 N2 N2 N2 N2 N2 N2 N2 N2 N2 N2 N2 N2 N2 N2 N2 N2 N2 N2 N2 N2 N2 N2 N2 N2 N2 N2 N2 N2 N2 N2 N2 N2 N2 N2 N2 N2 N2 N2 N2 N2 N2 N2 N2 N2 N2 W N1 W W W N1 N1 W N1 N1 W N1 N2 N2 N2 N2 N2 N2 N2 N2 N2 N2 N2 N2 N2 N2 N2 N2 N2 N2 N2 N2 N2 N2 N2 N2 N2 N2 N2 N2 N2 N2 N2 N2 N2 N2 N2 N2 N2 N2 N2 N2 N2 N2 N2 N2 N2 N2 N2 N2 N2 N2 N2 N2 N2 N2 N2 N2 W N1 N2 N2 N2 W W N1 N2 N2 N2 N2 N2 N2 N2 N2 REM REM REM REM REM REM REM REM REM REM REM REM REM REM REM REM REM REM REM REM REM REM REM REM REM REM REM REM REM REM REM REM REM REM REM REM REM REM REM REM REM REM REM REM REM REM REM REM REM REM REM REM REM REM REM REM REM REM REM REM REM REM REM REM REM REM REM REM REM REM REM REM REM REM REM REM REM N1 N2 N2 N2 N2 N2 N2 N2 N2 N2 N2 N2 N2 N2 N2 N2 N2 N1 N1 N2 N2 N2 N2 N2 N2 N2 N2 N2 N2 N2 N2 N2 N2 N2 N2 N2 N2 N2 N2 N2 N2 N2 N2 N2 N2 N2 N2 N2 N2 N2 N2 N2 N2 N2 N2 N2 N2 N2 N2 N2 N2 N3 N2 N3 N3 N2 W W W W W W W W W W W W W W W,processed_sleepedf/spectral/ST7111J0-PSG_spectral.pt
processed_sleepedf/tensors/ST7112J0-PSG.pt,W W W W W W W W W W W W W W W W W W W W N1 W W W W W W N1 N1 N1 N1 N1 N1 N1 N1 N1 N1 N1 N1 N2 N2 N2 N2 N2 N2 N2 N2 N2 N2 N1 N1 N2 N2 N2 N2 N2 N2 N2 N2 N2 N2 N3 N3 N3 N3 N3 N3 N3 N3 N3 N3 N3 N3 N3 N3 N3 N3 N3 N3 N3 N3 N3 N3 N3 N3 N3 N3 N3 N3 N3 N3 N3 N3 N3 N3 N3 N3 N3 N3 N3 N3 N3 N3 N3 N3 N3 N3 N3 N3 N3 N3 N3 N3 N3 N3 N3 N3 N3 N3 N3 N3 N3 N1 N2 N2 N2 REM REM REM REM REM REM REM REM REM REM REM REM REM REM REM REM REM REM REM REM REM REM REM REM REM REM REM REM REM REM REM REM REM REM REM REM REM REM REM REM REM REM REM REM REM REM REM N1 N2 N2 N2 N2 N2 N2 N2 N2 N2 N2 N2 N2 N2 N2 N2 N2 N2 N3 N2 N3 N2 N3 N3 N3 N3 N3 N3 N3 N3 N3 N3 N3 N3 N3 N3 N3 N3 N3 N3 N3 N3 N3 N3 N1 N2 N2 N2 N2 N2 N2 N2 N2 N2 N2 N2 N2 N3 N3 N3 N3 N3 N3 N3 N3 N3 N3 N3 N3 N3 N3 N3 N3 N3 N3 N3 N3 N3 N3 N3 N2 N2 N2 N2 N2 N2 N2 N2 N2 N2 N2 N2 N2 N2 N2 N2 N2 N2 N2 N3 N2 N2 N2 N2 N2 N2 N2 N2 N2 N2 N2 N2 N2 N2 N2 N1 W N1 N2 N2 N2 N2 N2 N2 N2 N2 N2 N2 N1 N2 N2 N2 N2 N2 N2 N2 N2 N2 N2 N2 N2 N2 N2 N2 N2 N2 N2 N2 N2 N2 N3 W N1 REM REM REM REM REM REM REM REM REM REM REM REM REM REM REM REM REM REM REM REM REM REM REM REM REM REM REM REM REM REM REM REM REM REM REM REM REM REM REM REM REM REM REM REM REM REM REM REM REM REM REM REM REM REM REM REM REM REM REM REM REM REM REM REM REM REM REM REM REM REM REM REM REM REM REM REM N1 N2 N2 N2 N2 N2 N2 N2 N2 N2 N2 N2 N2 N2 N2 N2 N2 N2 N2 N2 N2 N2 N2 N3 N3 N3 N3 N3 N3 N3 N3 N3 N3 N3 N3 N3 N3 N3 N3 N3 N3 N3 N3 N3 N3 N3 N3 N3 N3 N3 N3 N3 N3 N3 N3 N3 N3 N3 N3 N3 N3 N3 N3 N3 N3 N3 N3 N3 N3 N3 N3 N3 N3 N3 N3 N3 N3 N3 N3 N3 N3 N3 N3 N3 N3 N3 N3 N3 N3 N3 N3 N3 N3 N3 N3 N3 N3 N3 N3 N3 N3 N3 N3 N3 N3 N3 N3 N3 N3 N3 N2 N3 N2 N2 N2 N2 N2 REM REM REM REM REM REM REM REM REM REM REM REM REM REM REM REM REM REM REM REM REM REM REM N2 N2 N2 N2 N2 N2 N2 N2 N2 N2 N2 N2 N2 N2 N2 N2 N2 N2 N2 N2 N2 N2 N1 N2 N2 N2 N2 N2 N2 N2 N2 N2 N2 N2 N2 N2 N2 N2 N2 N2 N2 N2 N2 N2 N2 N2 N2 N2 N2 N2 N2 N1 N2 N2 N2 N2 N1 N2 N2 N2 N2 N2 N2 N2 N2 N2 N2 N2 N2 N2 N2 N2 N3 N2 N2 N2 N2 N2 N2 N2 N2 N2 N2 N2 N2 N2 N1 W W W N1 N2 N2 N2 N2 N2 N2 N1 N2 N2 N2 N2 N2 N2 N2 N2 N2 N2 REM REM REM REM REM REM REM REM REM REM REM REM REM REM REM REM REM REM REM REM REM REM REM REM REM REM REM REM REM REM REM REM REM REM REM REM REM REM REM REM REM REM REM REM REM REM REM REM REM REM REM REM REM REM REM REM REM REM REM REM REM REM REM REM REM REM REM REM REM N2 N2 N2 N2 N2 N2 N2 N2 N2 N2 N2 N2 N2 N2 N2 N2 N2 N2 N2 N2 N1 N2 N2 N2 N2 N2 N2 N2 N2 N2 N2 N2 N2 N2 N2 N2 N2 N2 N2 N2 N2 N2 N2 N2 N2 N2 N2 N2 N2 N2 N2 N2 N2 N2 N3 N2 N2 N2 N3 N3 N2 N2 N3 N3 N3 N3 N2 N3 N2 N3 N3 N1 N2 N2 N2 N2 N2 N2 N2 N2 N2 N2 N2 N2 N2 N2 N2 N2 N2 N2 N2 N2 N2 N2 N2 N2 N2 N2 N2 N2 N2 N2 N2 N2 N2 N2 N2 N2 N2 N2 N1 N1 N1 N2 N2 N2 N2 N2 N2 N2 N2 N2 N2 N2 N2 W W W W W N1 N1 N2 N2 N2 REM REM REM REM REM REM REM REM REM REM REM REM REM REM REM REM REM REM REM REM REM REM REM REM REM REM REM REM REM REM REM REM REM REM REM REM REM REM REM REM REM REM REM REM REM REM REM REM REM REM REM REM REM REM REM REM REM REM REM REM REM REM REM REM REM REM REM REM REM REM REM REM REM REM REM REM REM REM N2 N2 N2 N2 N2 N2 N2 N2 N2 N2 N2 N2 N2 N2 N2 N2 N2 N2 N2 N2 N2 N2 N2 N2 N2 N2 N3 N2 N2 N2 N3 N2 N1 W W W W W W W W W W W W W,processed_sleepedf/spectral/ST7112J0-PSG_spectral.pt
processed_sleepedf/tensors/ST7121J0-PSG.pt,W W W W W W W W W W W W W W W W W W W W W W W W W W W W W W W W W W W W W N1 W W N1 N1 N1 N1 N1 N1 N1 N1 N2 N1 N1 N2 N2 N2 N2 N2 N2 N2 N2 N2 N2 N2 N2 N2 N2 N2 N2 N2 N2 N2 N2 N2 N2 N2 N2 N2 N2 N3 N2 N3 N3 N3 N3 N3 N3 N3 N3 N3 N3 N3 N3 N3 N3 N3 N3 N3 N3 N3 N3 N1 N2 N2 N2 N2 N2 N2 N2 N2 N2 N2 N2 N2 N2 N2 N2 N2 N2 N2 N2 N2 N3 N3 N2 N3 N3 N3 N3 N3 N3 N3 N3 N3 N3 N3 N3 N3 N3 N3 N3 N3 N3 N3 N3 N2 N2 N3 N2 N2 N2 N2 N3 N3 N3 N3 N3 N3 N2 N3 N3 N3 N3 N3 N3 N2 N3 N2 N2 N2 N2 N2 N2 N2 N3 N2 N2 N2 N3 N3 N2 N3 N2 N3 N2 N2 N2 N2 N3 N2 N2 N2 N2 N2 N3 N2 N3 N2 N2 N2 N3 N2 N2 N2 REM REM REM REM REM REM REM REM REM REM REM REM REM REM REM REM REM REM REM REM REM REM REM REM REM REM REM REM REM REM REM REM REM REM REM REM REM N2 N2 N2 N2 N2 N2 N2 N2 N2 N2 N2 N2 N2 N2 N2 N2 N2 N2 N2 N3 N3 N2 N3 N3 N3 N3 N3 N3 N3 N3 N3 N3 N3 N3 N3 N3 N3 N3 N3 N3 N3 N3 N3 N3 N3 N3 N3 N3 N3 N3 N3 N3 N3 N3 N3 N3 N3 N3 N3 N3 N3 N3 N3 N3 N3 N3 N2 N3 N3 N2 N2 N2 N2 N2 N2 N2 N2 N2 N3 N2 N2 N2 N2 N2 N3 N2 N3 N2 N3 N2 N2 N2 N3 N2 N2 N2 N2 N2 N3 N2 N3 N2 N3 N3 N3 N2 N2 N2 N2 N2 N2 N2 N2 N2 N2 N2 N3 N2 N2 N2 N3 N3 N2 N2 N2 N2 N2 N3 N2 N3 N2 N2 N2 N2 REM REM REM REM REM REM REM REM REM REM REM REM REM REM REM REM REM REM REM REM REM REM REM REM REM REM REM REM REM REM REM REM REM REM REM REM REM REM REM REM REM N1 W W N1 N1 N1 N2 N2 N2 N2 N2 N2 N2 N2 N2 N2 N2 N2 N2 N2 N2 N2 N2 N2 N2 N2 N2 N2 N2 N2 N2 N2 N2 N2 N2 N2 N2 N2 N2 N2 N2 N2 N2 N2 N2 N2 N2 N2 N2 N2 N2 N2 N2 N2 N2 N2 N2 N3 N3 N2 N3 N3 N2 N3 N3 N3 N3 N3 N3 N3 N3 N3 N3 N3 N3 N3 N3 N3 N3 N3 N3 N3 N3 N3 N3 N3 N3 N3 N3 N3 N3 N3 N3 N1 N2 N2 N2 N2 N2 N2 N2 N2 N2 N2 N2 N2 N2 N2 N2 N2 N2 N2 N2 N2 N2 N2 N2 N1 N2 N2 N2 N2 N2 N2 N2 N2 N2 N2 N2 N2 N2 N2 N1 N2 N2 N2 N2 N2 N2 N1 N2 N2 N2 N2 N2 N2 N2 N2 N2 N2 N2 N2 N2 N2 N1 N2 N2 N2 N2 N2 N2 N2 N2 N2 N2 N2 N2 N2 N2 N2 N2 N2 N2 N2 N2 N2 N2 N2 N2 N2 N2 N2 N2 N2 N2 N2 N2 N2 N2 N2 N2 N2 N2 N2 N2 N2 N2 N2 N2 N2 N2 N2 N2 N2 N1 N1 N1 N2 N2 N2 N2 N2 N2 N2 N2 N2 N2 N2 N2 N2 N2 N2 N2 N2 N2 N2 N2 N2 N2 N2 N2 N1 N2 N2 N2 N2 N2 N2 N2 N2 N1 N1 N1 W N1 N1 N1 N2 N2 N2 N2 N2 N2 N2 N2 N2 N2 N1 N2 N2 REM REM REM REM REM REM REM REM REM REM REM REM REM REM REM REM REM REM REM REM REM REM REM REM REM REM REM REM REM REM REM REM REM REM REM REM REM REM REM REM REM REM REM REM REM REM REM REM REM REM REM REM REM REM REM REM REM REM REM REM REM REM REM REM REM REM REM REM REM REM REM REM REM REM REM REM REM REM REM REM REM REM REM REM REM REM REM N1 N2 N2 N2 N2 N2 N2 N2 N2 N2 N2 N2 N2 N2 N2 N2 N2 N2 N2 N2 N2 N2 N2 N2 N2 N2 N2 N2 N2 N2 N2 N2 N2 N2 N2 N2 N2 N2 N2 N2 N2 N2 N2 N3 N3 N2 N3 N3 N2 N2 N3 N2 N3 N3 N2 N2 N3 N2 N3 N2 N3 N2 N3 N3 N3 N3 N3 N3 N3 N3 N3 N3 N3 N3 N3 N3 N3 N3 N3 N3 N3 N3 N3 N3 N3 N3 N3 N3 N3 N3 N3 N3 N2 N2 N2 N2 N2 N2 N2 N2 N2 N2 N2 N2 N2 N2 N2 N2 N2 N2 N2 N2 N2 N2 N2 N2 N2 N2 N2 N2 N2 N2 N2 N2 N2 N2 REM REM REM REM REM REM REM REM REM REM REM REM REM REM REM REM REM REM REM REM REM REM REM REM REM REM REM REM REM REM REM REM REM REM REM REM REM REM REM REM REM REM REM REM REM REM REM REM REM REM REM REM REM REM REM REM REM REM REM REM REM REM REM REM REM REM REM REM REM REM REM REM REM REM REM REM REM REM REM REM REM REM REM REM REM REM REM REM REM REM REM REM REM REM REM REM REM REM REM REM REM REM N1 N2 N2 N2 N2 N2 N2 N2 N2 W W W W W W W W W W W W W W W W W W W W W W W W W W W W,processed_sleepedf/spectral/ST7121J0-PSG_spectral.pt
processed_sleepedf/tensors/ST7122J0-PSG.pt,W W W W W W W W W W W W W W W W W W W W W W W W W W W W W W W W W W W W W W W W W N1 N1 N1 N1 N1 N1 N1 N1 N2 N2 N2 N2 N2 N2 N2 N2 N2 N2 W N1 N2 N2 N2 N2 N2 N2 N2 N2 N2 N2 N2 N2 N2 N2 N3 N3 N2 N2 N2 N2 N2 N2 N3 N3 N3 N3 N3 N3 N3 N3 N3 N3 N3 N3 N3 N3 N3 N3 N3 N3 N3 N3 N3 N3 N3 N3 N3 N3 N3 N3 N3 N3 N3 N3 N3 N3 N3 N3 N3 N3 N3 N3 N3 N3 N3 N3 N3 N3 N3 N3 N3 N3 N3 N3 N3 N3 N3 N3 N3 N3 N3 N3 N3 N3 N3 N3 N3 N3 N3 N3 N3 N3 N3 N3 N3 N3 N3 N3 N3 N3 N3 N3 N3 N3 N3 N3 N3 N3 N3 N3 N3 N3 N2 N2 N2 N2 N2 N2 N2 N2 N2 N2 N2 N2 N2 N2 N2 N2 N2 N2 N2 N2 N2 N2 N2 N2 N2 N2 N2 N2 N2 N2 N2 N2 N2 N2 N2 N2 N2 N2 N2 N2 N2 N2 N2 N2 N2 N2 N2 N2 N2 N2 N2 N2 N2 N2 N2 N2 N2 N2 N2 N2 N2 N2 N2 N2 N2 N2 N2 N2 N2 N2 N2 N2 N2 N2 N2 N2 N2 N2 N2 N2 N2 N2 N2 N2 N2 N2 N2 N2 N2 N2 N2 N2 N2 N2 N2 N2 N2 N2 N2 N2 N2 N2 N2 N2 N2 N2 N2 N2 N2 N2 N2 N3 N2 N3 N2 N3 N3 N3 N3 N3 N2 N3 N3 N3 N3 N3 N3 N3 N3 N3 N3 N3 N3 N3 N3 N3 N3 N3 N3 N3 N3 N3 N3 N3 N3 N3 N3 N3 N3 N3 N3 N3 N3 N3 N3 N3 N3 N3 N3 N3 N3 N3 N3 N3 N3 N3 N3 N3 N3 N3 N3 N3 N3 N3 N3 N3 N3 N3 N3 N3 N2 N2 N2 N2 N2 N2 N2 N2 N2 N2 N2 N2 N2 N2 N2 N2 REM REM REM REM REM REM REM REM REM REM REM REM REM REM REM REM REM REM REM REM REM REM REM REM REM REM REM REM REM REM REM REM REM REM REM REM REM REM REM N2 N2 N2 N2 N2 N2 N2 N2 N2 N2 N2 N2 N2 N2 N2 N2 N2 N2 N1 N2 N2 N2 N2 N2 N2 N2 N2 N2 N2 N2 N2 N2 N2 N2 N2 N2 N2 N2 N2 N2 N2 N2 N2 N2 N2 N2 N2 N2 N2 N2 N2 N2 N2 N2 N2 N2 N2 N2 N2 N2 N2 N2 N2 N2 N2 N2 N2 N2 N2 N2 N2 N2 N2 N2 N2 N2 N2 N2 N2 N2 N2 N2 N2 N2 N2 N2 N2 N2 N2 N2 N2 N2 N2 N2 N2 N2 N2 N2 N2 N2 N2 N2 N2 N2 N2 N1 N2 N2 N2 N2 N2 N2 N2 N2 N2 N2 N2 N2 N2 N2 N2 N2 N2 N2 N2 N2 N2 N2 N2 N2 N2 N2 N2 N2 N2 N2 N2 N2 N2 N2 N2 N2 N2 N2 N2 N2 N2 N2 N2 N2 N2 N2 N2 N2 N2 N2 N2 N2 N1 N1 N1 N1 N1 N2 N2 N2 N2 N2 N2 N2 N2 REM REM REM REM REM REM REM REM REM REM REM REM REM REM REM REM REM REM REM REM REM REM REM REM REM REM REM REM REM REM REM REM REM REM REM REM REM REM REM REM REM REM REM REM REM N1 N1 N2 N2 N2 N2 N2 N2 N2 N2 N2 N2 N2 N2 N2 N2 N2 N2 N2 N2 N2 N2 N2 N2 N2 N2 N1 N1 N2 N2 N2 N2 N2 N2 N2 N2 N2 N2 N2 N2 N2 N2 N2 N2 N2 N2 N2 N2 N2 N2 N2 N2 N2 N2 N2 N2 N2 N2 N2 N2 N2 N2 N2 N2 N2 N2 N2 N2 N2 N2 N2 N2 N2 N2 N2 N2 N2 N2 N2 N2 N2 N2 N2 N2 N2 N2 N2 N2 N2 N2 N2 N2 N2 N2 N2 N2 N2 N2 N2 N2 N2 N2 N2 N2 N2 N2 N2 N2 N1 N1 N1 N1 N1 N2 N2 N2 N2 N2 N2 N2 N2 N2 N2 N2 N2 N2 N2 N2 N2 N2 N2 N2 N2 N2 N2 N2 N2 N2 N2 N2 N2 N2 N2 N2 N2 N2 N2 N2 N2 N2 N1 N1 N1 N2 N2 N2 N2 N2 N2 N2 N2 N2 N2 N2 N2 N2 N2 N2 REM N1 N1 W W W W N1 N1 N1 N1 N1 N1 N1 N1 W N1 N1 N1 N1 W W N1 N1 N1 N1 N1 N1 N1 N1 N1 N1 W N1 W N1 N1 W W W W W W W W W W W W W W W W W W W W W W W W W W W W W W W W W W W W N1 N1 N1 N1 N1 N1 N1 N1 N1 W N1 N1 N1 N1 N1 N1 N1 N1 N1 REM REM REM REM REM REM REM REM REM REM REM REM REM REM REM REM REM REM REM REM REM REM REM REM REM REM REM REM REM REM REM REM REM REM REM REM REM REM REM REM REM REM REM REM REM REM REM REM REM REM REM REM REM REM REM REM REM REM REM W W,processed_sleepedf/spectral/ST7122J0-PSG_spectral.pt
processed_sleepedf/tensors/ST7131J0-PSG.pt,W W W W W W W W W W W W W W W W W N1 N1 N1 N1 N2 N2 N2 N2 N2 N2 N2 N2 N2 N2 N2 N2 N2 N2 N2 N2 N2 N2 N2 N2 N2 N2 N2 N2 N2 N2 N2 N2 N2 N3 N3 N3 N3 N3 N3 N3 N2 N3 N3 N3 N3 N3 N3 N3 N3 N3 N3 N3 N3 N3 N3 N3 N3 N3 N3 N3 N3 N3 N3 N3 N3 N3 N3 N3 N3 N3 N3 N3 N3 N3 N3 N3 N3 N3 N3 N3 N3 N3 N3 N3 N3 N3 N3 N3 N3 N3 N3 N3 N3 N3 N3 N3 N3 N3 N3 N3 N3 N3 N3 N3 N3 N3 N3 N3 N3 N3 N3 N3 N2 N2 N2 N3 N3 N3 N2 N2 N2 N3 N2 N2 N2 N2 N2 N2 N2 N2 N2 N2 N2 N2 N2 N2 N2 N2 N2 N2 N2 N2 N2 N2 N2 N2 N2 N2 N2 N2 N2 N2 N2 N2 N2 N2 N2 N2 N2 N2 N2 N2 N2 N2 N2 N1 N2 N2 N2 N2 N2 N2 N2 N2 N2 N2 N2 N2 N2 N2 N2 N2 N2 N2 N2 N2 N2 N2 N2 N2 N2 N2 N2 N3 N2 N2 N3 N2 N2 N2 N2 N2 N3 N3 N3 N3 N3 N3 N3 N3 N3 N3 N3 N3 N3 N2 N2 N3 N2 N2 N3 N3 N3 N3 N3 N3 N3 N3 N3 N3 N3 N3 N3 N3 N3 N3 N3 N3 N3 N3 N3 N3 N3 N3 N3 N3 N3 N3 N3 N3 N3 N3 N2 N2 N2 N3 N3 N3 N3 N3 N2 N2 N2 N2 N2 N2 N2 N2 N2 N2 N2 N2 N2 N2 N2 N2 N2 N2 N2 REM REM REM REM REM REM REM REM REM REM REM REM REM REM REM REM REM REM REM REM REM REM REM REM REM REM REM REM REM REM REM REM REM REM REM REM REM REM REM REM REM REM REM REM REM REM REM REM REM REM REM REM REM REM REM N2 N2 N2 N2 N2 N2 N2 N2 N2 N2 N2 N2 N2 N2 N2 N2 N2 N2 N2 N2 N2 N2 N2 N2 N2 N2 N2 N2 N2 N2 N2 N2 N2 N2 N2 N2 N2 N2 N2 N2 N2 N2 N2 N2 N2 N2 N2 N2 N2 N2 N2 N2 N2 N2 N2 N2 N2 N2 N2 N2 N2 N2 N2 N2 N2 N2 N2 N2 N2 N2 N2 N2 N2 N2 N2 N2 N2 N2 N2 N2 N2 N2 N2 N2 N2 N2 N2 N2 N3 N2 N2 N3 N2 N2 N2 N2 N2 N3 N3 N3 N3 N2 N3 N3 N3 N3 N2 N3 N2 N2 N2 N2 N3 N2 N3 N2 N3 N2 N2 N2 N2 N2 N2 N2 N2 N2 N2 N2 N2 N2 N2 N2 N2 N2 N2 N2 N2 N2 N2 N2 N2 N2 N2 N2 N2 N2 N2 N2 N2 N2 N2 N2 N2 N2 N2 N2 N2 N2 N2 N2 N2 N2 N2 N2 N2 N2 N2 N2 N2 N2 N2 N2 N2 N2 N2 N2 N2 N2 N2 N2 N2 N2 N2 N2 N2 N2 N2 N2 N2 N2 N2 N2 N2 N2 N2 N2 N1 N1 N1 N1 N2 N2 N1 N1 REM REM REM REM N1 N1 N1 N1 REM REM REM REM REM REM REM REM N1 N1 N1 N1 REM N1 REM REM REM REM REM REM REM REM REM REM REM REM REM REM REM N1 N1 N1 N1 N1 N1 N1 N1 N1 N2 N2 N2 N2 N2 N2 N2 N2 N2 N2 N1 N1 N2 N2 N2 N2 N2 N2 N2 N2 N2 N2 N2 N2 N2 N2 N2 N2 N2 N2 N2 N2 N2 N2 N2 N2 N2 N2 N2 N2 N2 N2 N2 N2 N2 N2 N2 N2 N2 N2 N2 N2 N2 N2 N2 N2 N2 N2 N2 N2 N2 N2 N2 N2 N2 N2 N2 N2 N2 N2 N2 N2 N2 N2 N2 N2 N2 N2 N2 N2 N2 N2 N2 N2 N2 N2 N2 N2 N2 N2 N2 N2 N2 N2 N2 N2 N2 N2 N2 N2 N2 N2 N2 N2 N2 N2 N2 N2 N2 N2 N1 N1 N1 N1 N1 N1 N1 N1 N2 N2 N2 N2 N2 REM REM REM REM REM REM REM REM N1 REM REM REM REM REM REM REM REM REM REM REM REM REM N1 N1 N1 N1 N1 N1 N1 REM REM REM REM REM N1 N1 N1 REM REM REM REM REM REM REM REM REM REM REM REM REM REM REM REM REM REM REM REM REM REM REM REM REM REM REM REM REM REM REM REM REM REM REM REM REM REM REM REM REM REM REM REM REM REM REM REM REM REM REM REM REM N1 N1 N1 N1 N1 N1 N1 N1 N2 N2 N2 N2 N2 N2 N2 N2 N2 N2 N2 N2 N2 N2 N2 N2 N2 N2 N2 N1 N1 N2 N2 N2 N2 N2 N2 N2 N2 N2 N2 N2 N2 N2 N2 N2 W,processed_sleepedf/spectral/ST7131J0-PSG_spectral.pt
processed_sleepedf/tensors/ST7132J0-PSG.pt,W W W W W W W W W W W W W W W W W W W W W W W W W W W W W W W W W W W W W W W W N1 N1 N1 N1 W W W W W W N1 W N1 N1 N1 N1 N1 N2 N1 N1 N2 N2 N2 N2 N2 N2 N2 N2 N2 N2 N2 N2 N2 N2 N2 N1 N1 N1 N2 N2 N2 N2 N2 N2 N2 N2 N2 N2 N2 N2 N2 N2 N2 N3 N2 N3 N2 N3 N3 N3 N3 N3 N3 N3 N3 N1 N1 N1 N1 N2 W W W W W W W W W W N1 N1 N1 N1 N1 N1 N1 N1 N1 N1 N1 N1 N1 N1 N2 N2 N2 N2 N2 N2 N2 N2 N2 N1 N1 N2 N2 N2 N2 N2 N1 N1 N1 N2 N2 N2 N2 N2 N2 N2 N2 N2 N2 N2 N2 N3 N2 N2 N2 N2 N2 N3 N2 N2 N2 N2 N3 N2 N2 N2 N2 N3 N2 N2 N2 N2 N3 N3 N3 N2 N3 N3 N3 N3 N3 N2 N3 N3 N3 N3 N3 N3 N3 N3 N3 N3 N3 N3 N3 N3 N3 N3 N3 N3 N3 N3 N3 N3 N3 N3 N3 N2 N3 N3 N3 N3 N3 N3 N3 N3 N2 N3 N2 N2 REM REM REM REM REM REM REM REM REM REM REM REM REM REM REM REM REM REM REM REM REM REM REM REM REM REM REM REM REM REM REM REM REM REM REM REM REM REM REM REM REM REM REM REM REM REM REM REM REM REM REM REM REM REM REM REM REM REM REM REM REM REM REM N1 N1 N1 N1 N1 N1 N1 N1 N1 N1 N1 N1 N2 N2 N2 N2 N2 N2 N2 N2 N2 N2 N2 N2 N2 N2 N2 N2 N2 N2 N2 N2 N2 N2 N2 W W N1 N1 N2 N2 N2 N2 N2 N2 N2 N2 N2 N2 N2 N2 N2 N2 N2 N2 N2 N2 N2 N2 N2 N2 N2 N2 N2 N2 N2 N2 N2 N2 N2 N2 N2 N2 N2 N2 N2 N2 N2 N3 N2 N2 N2 N3 N2 N2 N3 N2 N2 N2 N2 N2 N2 N3 N3 N3 N3 N3 N3 N2 N3 N2 N3 N3 N3 N3 N3 N3 N3 N3 N3 N3 N3 N3 N3 N3 N3 N3 N3 N3 N3 N3 N3 N3 N3 N3 N3 N3 N3 N3 N3 N3 N3 N3 N3 N3 N3 N3 N3 N2 N2 N2 N2 N2 N2 N2 N2 N2 N2 N2 N2 N2 N2 N2 N2 N2 N2 N2 N2 N2 REM REM REM REM REM REM REM REM REM REM REM REM REM REM REM N1 REM REM N2 N2 N2 N2 REM REM N2 N2 N2 N2 N2 N2 N2 N2 N1 N2 N2 N2 N2 N2 N2 N2 N2 N2 N2 N2 N2 N2 N2 N2 N2 N2 N2 N2 N2 N2 N2 N2 N2 N2 N2 N2 N2 N2 N2 N2 N2 N2 N2 N2 N2 N2 N2 N2 N2 N2 N2 N2 N2 N2 N2 N2 N2 N2 N2 N2 N2 N2 N2 N2 N2 N2 N2 N2 N2 N2 N2 N2 N2 N2 N2 N2 N2 N2 N2 N2 N2 N2 N2 N2 N2 N2 N2 N2 N2 N2 N2 N2 N2 N2 N2 N2 N2 N2 N2 N2 N2 N2 N2 N2 N1 N1 N1 N1 N1 N1 N1 N2 N2 N2 N2 N1 N1 N2 N2 REM REM REM REM REM REM REM REM REM REM REM REM REM REM REM REM REM REM REM REM REM REM REM REM REM REM REM REM REM REM REM REM REM REM REM REM N1 REM REM REM REM REM REM REM REM REM REM REM REM REM REM REM REM REM REM REM REM REM REM REM REM REM REM REM REM REM REM REM REM REM REM REM REM REM REM REM REM REM REM REM REM REM REM REM REM REM REM REM REM REM REM REM REM REM REM REM REM REM REM REM REM N2 N2 N2 N2 N1 N1 N2 N2 N2 N2 N2 N2 N2 N2 N2 N2 N2 N2 N2 N2 N2 N2 N2 N2 N2 N2 N2 N2 N2 N2 N2 N2 N2 N2 N2 N2 N1 N1 N1 N1 N1 N1 N2 N2 N2 N2 N2 N2 N2 N2 N2 N2 N2 N2 N2 N2 N2 N2 N2 N2 N2 N2 N2 N2 N2 N2 N2 N2 N2 N2 N2 N2 N2 N2 N2 N2 N2 N2 N2 N2 N2 N2 N2 N2 N2 N2 N2 N1 N1 N1 N1 REM N2 N2 N2 N2 N2 N2 N2 REM REM REM REM REM REM REM REM REM REM REM REM REM REM REM REM REM REM REM REM REM REM REM REM REM REM REM REM REM REM REM REM REM N1 N2 N1 N2 N1 N1 N1 N1 N1 N1 N1 N1 N2 N2 N1 N1 N1 N2 N2 W,processed_sleepedf/spectral/ST7132J0-PSG_spectral.pt
processed_sleepedf/tensors/ST7141J0-PSG.pt,W W W W W W W W W W W W W W N1 N1 N1 N1 N1 W W N1 N1 N1 N1 N1 N1 N1 N2 N2 N2 N2 N2 N2 N2 N2 N2 W W W N1 W W W W W W W W W N1 N1 N1 N1 N1 N1 N1 N1 W N1 N1 N1 N2 N2 N2 N2 N2 N2 N2 N2 N2 N2 W N1 N2 N2 N2 N2 N2 N2 N2 N2 N3 N2 N3 N3 N3 N3 N3 N3 N3 N3 N3 N3 N3 N3 N3 N3 N3 N3 N3 N3 N3 N3 N3 N3 N3 N3 N3 N3 N3 N3 N3 N3 N3 N3 N3 N3 N3 N3 N3 N2 N2 N2 N2 N3 N3 N3 N3 N3 N3 N3 N3 N3 N3 N3 N3 N3 N3 N3 N3 N3 N3 N3 N3 N3 N3 N3 N3 N3 N3 N3 N3 N3 N3 N3 N3 N3 N3 N3 N3 N3 N3 N3 N3 N3 N3 N3 N3 N3 N3 N3 N3 N3 N3 N3 N3 N2 N2 N2 N2 N3 N2 N2 N2 N2 N3 N2 N3 N3 N3 N3 N2 N3 N3 N3 N3 N3 N3 N2 N3 N2 N3 N2 N2 N3 REM REM REM REM REM REM REM REM REM REM REM REM REM REM REM REM REM REM REM REM REM REM REM REM REM REM REM REM REM REM REM REM REM REM REM REM REM REM REM REM REM REM REM REM REM REM REM REM REM REM REM REM REM REM REM REM N2 N2 N2 N2 N2 N2 N2 N2 N2 N2 N2 W N1 N2 N2 N2 N2 N2 N2 N2 N2 N2 N2 N2 N2 N2 N2 N2 N2 N2 N2 N2 N2 N2 N2 N2 N2 N2 N2 N2 N2 N2 N2 N2 N2 N2 N2 N2 N2 N2 N2 W N1 N2 N2 N2 N2 N2 N2 N2 N2 N2 N1 N1 N1 N1 N2 N2 N2 N2 N2 N2 N2 N2 N2 N2 N2 N2 N2 W W W N1 N1 N1 N2 N2 N2 N2 N2 N2 N2 N2 N2 N2 N2 N2 N2 N2 N2 N2 N2 N2 N2 N2 N2 N2 N2 N2 N2 N3 N3 N2 N2 N2 N2 N2 N3 N2 N3 N2 N2 N3 N3 N3 N3 N3 N3 N3 N3 N3 N3 N3 N3 N3 N3 N3 N3 N3 N3 N3 N3 N3 N3 N3 N3 N3 N3 N3 N3 N3 N3 N3 N3 N3 N3 N3 N3 N3 N3 N3 N3 N3 N3 N3 N3 N3 N3 N3 N3 N3 N3 N2 N3 N2 N2 N3 N2 N2 N2 N2 N2 N2 N3 N2 N2 REM REM REM REM REM REM REM REM REM REM REM REM REM REM REM REM REM REM REM REM REM REM REM REM REM REM REM REM REM REM REM REM REM REM REM REM REM REM REM REM REM REM REM REM REM REM REM REM REM REM REM REM REM REM REM REM REM REM REM REM REM REM REM REM REM REM REM REM REM REM REM REM REM REM REM REM REM REM REM REM REM REM REM N2 N2 N2 N2 N2 N2 N2 N2 N2 N2 N2 N2 N2 N2 N2 N2 N2 N2 N2 N2 N2 N2 N2 N2 N2 N2 N2 N2 N2 N2 N2 N2 N2 N2 N2 N2 N2 N2 N2 N2 N2 N2 N2 N2 N2 N2 N2 N2 N2 N2 N2 N2 N2 N2 N2 N2 N2 N2 N2 N2 N2 N2 N2 N2 N2 N2 N2 N2 N2 N2 N2 N2 N2 N2 N2 N2 N2 N2 N2 N2 N2 N2 N2 N2 N2 N2 N1 N2 N2 N2 N2 N2 N2 N2 N2 N1 N2 N2 N2 N2 N2 N2 N2 N2 N2 N2 N2 N2 N2 N2 N2 N2 N2 N2 N2 N2 N2 N2 N2 N2 N2 N2 N2 N2 W N1 N1 N1 N1 N1 W W N1 N1 N1 N1 N1 N1 N1 N2 N2 N2 N2 N2 N2 N2 N2 N2 N2 N1 N1 N1 W W N1 N1 N1 N1 W N1 N1 N1 N1 N1 N1 N2 N2 N2 N2 N2 N2 N2 N2 N2 N2 N2 N2 N2 N2 REM REM REM REM REM REM REM REM REM REM REM REM REM REM REM REM REM REM REM REM REM REM REM REM REM REM REM REM REM REM REM REM REM REM REM REM REM REM REM REM REM REM REM REM REM REM REM REM REM REM REM REM REM REM REM REM REM REM REM REM REM REM REM REM REM REM REM REM REM N1 N1 N2 N2 N2 N2 N2 N2 N2 N2 N2 N2 N2 N2 N2 N2 N2 N2 N2 N2 N2 N2 N2 N2 N2 N2 N2 N2 N2 N2 N2 N2 N2 N2 N2 N2 N2 N3 N2 N2 N2 N2 N2 N2 N2 N2 N2 N2 N2 N3 N2 N2 N2 N2 N3 N2 N1 N1 N1 N1 N1 N1 N1 N1 N1 N1 N1 N1 W N1 N1 N1 N2 N2 N2 N2 N2 N2 W,processed_sleepedf/spectral/ST7141J0-PSG_spectral.pt
processed_sleepedf/tensors/ST7142J0-PSG.pt,W W W W W W W W W W W W W W W W N1 W W N1 N1 N1 N1 N1 N1 N1 N2 N2 N2 N2 N2 N2 N2 N2 N2 N2 N2 N2 N2 N2 N2 N2 N2 N2 N2 N2 N3 N2 N3 N3 N3 N3 N3 N3 N3 N3 N3 N3 N3 N3 N3 N3 N3 N3 N3 N3 N3 N3 N3 N3 N3 N3 N3 N3 N3 N3 N3 N3 N3 N3 N3 N3 N3 N3 N3 N2 N2 N2 N2 N2 N2 N2 N2 N2 N3 N2 N3 N3 N3 N3 N3 N3 N3 N2 N2 N2 N2 N3 N3 N3 N3 N3 N3 N3 N3 N3 N3 N3 N3 N3 N3 N3 N3 N3 N3 N3 N3 N3 N3 N3 N3 N3 N3 N3 N3 N3 N3 N3 N3 N3 N3 N3 N3 N3 N3 N3 N3 N3 N3 N3 N3 N3 N3 N3 N3 N3 N3 N3 N3 N3 N3 N3 N3 N3 N3 N3 N3 N3 N3 N3 N3 N3 N3 N3 N3 N3 N3 N3 N3 N3 N3 N3 N3 N3 N3 N3 N3 N3 N3 N3 N3 N3 N3 N3 N3 N3 N3 N2 N2 REM REM REM REM REM REM REM REM REM REM REM REM REM REM REM REM REM REM REM REM REM REM REM REM REM REM REM REM REM REM REM REM REM REM REM REM REM REM REM REM REM REM REM REM REM REM REM REM REM REM REM REM REM REM REM REM REM REM REM REM REM REM REM REM REM REM REM REM REM REM REM W N2 N2 N2 N2 N2 N2 N2 N2 N2 N2 N2 N2 N2 N2 N2 N2 N2 N2 N2 N2 N2 N2 N2 N2 N2 N2 N2 N2 N2 N2 N2 N2 N2 N2 N2 N2 N2 N2 N2 N2 N2 N2 N2 N2 N2 N2 N2 N2 N2 N2 N2 N2 N2 N2 N2 N2 N2 N2 N2 N2 N2 N2 N2 N2 N2 N2 N2 N2 N2 N2 N2 N3 N2 N3 N3 N2 N2 N2 N3 N2 N2 N2 N2 N3 N3 N3 N3 N3 N3 N3 N3 N3 N2 N3 N3 N3 N3 N3 N3 N3 N3 N2 N2 N2 N2 N1 N2 N2 N2 N2 REM REM REM REM REM REM REM REM REM REM REM REM REM REM REM REM REM REM REM REM REM REM REM REM REM REM REM REM REM REM REM REM REM REM REM REM REM REM REM REM REM REM REM REM REM REM REM REM REM REM REM REM REM REM REM REM REM REM REM REM REM REM REM REM N2 N2 N2 N2 N2 N2 N2 N2 N2 N2 N2 N2 N2 N2 N2 N2 N2 N2 N2 N2 N2 N2 N2 N2 N2 N2 N2 N2 N2 N2 N2 N2 N2 N2 N2 N2 N2 N2 N2 N2 N2 N2 N2 N2 N2 N2 W W W W N1 N2 N2 N2 N2 N2 N2 N2 N2 N2 N2 N2 N2 N2 N2 N2 N2 N2 N2 N2 N2 N2 N2 N2 W N1 N2 W N2 N2 N2 N2 N2 N2 N2 N2 N2 N2 N2 N2 N2 N2 N2 N2 N2 N2 N2 N2 N2 N2 N2 N2 N2 W N1 N2 N2 N2 N2 N2 N2 N2 N2 N2 N2 N2 N2 N2 N2 W W N1 N1 N2 N1 N2 N2 N2 N2 N2 N2 N2 N2 N2 N2 N2 N2 N2 N2 N2 N2 N2 N2 N2 N2 N2 N2 N2 N2 N2 N2 N2 N2 N2 N2 N2 N2 N2 N2 N2 N2 N2 N2 N2 N2 N2 N2 N2 N2 N2 N2 N2 N2 N2 N2 N2 N2 N2 N2 W N1 W N1 N1 N1 REM REM REM REM REM REM REM REM REM REM REM REM REM REM REM REM REM REM REM REM REM REM REM REM REM REM REM REM REM REM REM REM REM REM REM REM REM REM REM REM REM REM REM REM REM REM REM REM REM REM REM REM REM REM REM REM REM REM REM REM REM REM REM REM REM REM REM REM REM REM REM REM REM REM REM REM REM REM REM REM REM REM REM REM REM REM REM REM REM REM REM REM REM REM REM REM REM REM REM N1 N2 N2 N2 N2 N2 N2 N2 N2 N2 N2 N2 N2 N2 N2 N2 N2 N2 N2 N2 N2 N2 N2 N1 N1 N2 N2 N2 N2 N2 W W N1 N1 N1 N2 N2 N2 N2 N2 N2 N2 N2 N2 N2 N2 N2 N2 N2 N2 N2 N2 N2 N2 N2 N2 N2 N2 N2 N2 N2 N2 N2 N2 N2 N2 N2 N2 N2 N2 N2 N2 N2 N2 N2 N2 N2 N2 N2 N2 N2 N2 N2 N2 N2 N2 N2 N2 N2 N2 N2 N2 N2 N2 N2 N2 N2 N2 N2 N2 N2 N2 N2 N2 N2 N2 N2 N2 N2 N2 N2 N2 N2 N2 N2 N2 REM REM REM REM REM REM REM REM REM REM REM REM REM REM REM W W N1 N1 N1 N1 N1 N1 N2 N2 N2 N2 W,processed_sleepedf/spectral/ST7142J0-PSG_spectral.pt
processed_sleepedf/tensors/ST7151J0-PSG.pt,W W W W W W W W W W W W W W W W W W W W N1 N1 W W W W W N1 N1 N1 N1 N1 N2 N2 N2 N2 N2 N2 N2 N2 N2 N2 N3 N3 N2 N2 N3 N3 N3 N3 N3 N3 N3 N3 N3 N3 N3 N3 N3 N3 N3 N3 N3 N3 N3 N3 W N2 N3 N2 N3 N3 N3 N3 N3 N3 W W W W W W W W W W W N1 W W W W W W N1 N1 N1 N1 N1 N1 N2 N2 N3 N2 N2 N2 N2 N2 N2 N2 N3 W N1 N2 N2 N2 N3 N2 N3 N3 N3 N3 N3 N3 N3 N3 N3 N3 N3 N3 N3 N3 N3 N3 N3 N3 N3 N3 N3 N3 N3 N3 N3 N3 N3 N3 N3 N3 N3 N3 N3 N3 N3 N3 N3 N3 N3 N3 N3 N3 N3 N3 N3 N3 N3 N3 N3 N3 N3 N3 N3 N3 N3 N3 N3 N3 N3 N3 N3 N3 N3 N3 N3 N3 N3 N3 N3 N3 N3 N3 N3 N3 N3 N3 N3 N3 N3 N1 N1 W W W W W W W W W W W W W N1 N1 W N1 N1 N1 N1 N1 W W W W W N1 N1 N1 W N1 N1 N1 N2 N2 N2 N2 N2 N2 N2 N1 N1 N2 N2 N2 N2 N2 N2 N2 N2 N2 N2 N2 N2 N2 N2 N2 N2 N2 N2 N2 N2 N1 N1 REM REM REM REM REM REM REM REM REM REM REM REM REM REM REM REM REM REM REM REM REM REM REM REM REM REM REM REM REM REM REM REM REM REM REM N2 N2 N2 N2 REM REM REM N2 N2 N2 N1 N2 REM N2 N2 N2 N2 N2 N2 N2 N2 N2 N2 N2 N2 N2 N2 N2 N2 N2 N2 N2 N2 N3 N3 N3 N3 N3 N2 N3 N3 N3 N3 N3 N3 N3 N3 N3 N3 N3 N2 N2 N3 N3 N3 N3 N3 N3 N3 N3 N3 N3 N3 N3 N3 N3 N3 N2 N3 N3 N3 N3 N3 W W W W W W W W N1 N1 W W W N1 W N1 N1 N1 N1 N2 N2 N2 N2 N2 N2 N2 N3 N2 N2 N2 N2 N2 N2 N3 N2 N2 N3 N3 N3 N3 N2 N2 N3 N3 N3 N3 N3 N3 N3 N3 N3 N3 N3 N1 N3 N2 N2 N3 N2 N3 N2 N3 N2 N2 N3 N3 N3 N3 N3 N3 N3 N3 N3 N3 N3 N3 N3 N3 N3 N3 N3 N3 N3 N3 N3 N3 N3 N3 N3 N3 N3 N3 N3 N3 N3 N3 N3 N3 N3 N3 N3 N3 N3 W W W N1 N1 N2 N2 N2 N2 N2 N2 N2 N2 N2 N2 N2 REM REM N1 N1 N2 N2 REM REM REM REM REM REM REM REM REM REM REM REM REM REM REM REM REM REM REM REM REM REM REM REM REM REM REM REM REM W N1 N1 REM REM REM REM REM REM REM REM REM REM REM REM REM REM REM REM REM REM REM REM REM REM REM REM REM REM REM REM REM REM REM REM REM REM W N1 W W N1 N1 N1 N1 N1 N2 N2 N2 N2 N1 N2 N2 N2 N2 N2 N2 N2 N2 N2 N2 N2 N1 N2 N2 N2 N2 N2 N2 N2 N2 N2 N2 N2 N2 N2 N2 N2 N2 N2 N2 N2 N2 N2 N2 N3 N2 N3 N3 N2 N2 N2 N3 N2 N2 N3 N3 N3 N3 N3 N3 N3 N3 N3 N3 N2 N2 N2 N2 N3 N3 N3 N3 N3 N3 N2 N3 N3 N3 N3 N3 N3 N3 N3 N3 N3 N3 N3 N3 N3 N3 N3 N3 N3 N3 N3 W W W W W N1 N1 W N1 N1 W W W W N1 N1 N2 N2 N2 N2 N2 N2 N2 N2 N2 N2 N2 N2 N2 N2 N2 N2 N2 N2 N2 W N1 N2 N2 N2 N2 N2 N2 N2 N2 N2 N2 N2 N2 N2 N3 N2 N2 N2 N2 N2 N2 N2 N2 N2 N2 N2 N2 N2 N2 N2 N2 N2 N2 N2 N2 N3 N2 REM REM REM REM REM REM REM REM W REM REM REM REM REM REM REM REM REM REM REM REM REM N1 N1 W N1 N1 N2 N2 N2 N2 REM REM REM REM REM REM REM REM REM REM REM REM REM REM REM REM REM REM W N1 W W N1 N1 N1 N1 N2 N2 N2 N2 N2 N2 N2 N2 N2 N2 N2 N2 N2 N2 N2 N2 N1 N1 N1 N1 N2 N1 N2 N2 N2 N2 N2 N2 N2 N2 N2 N2 N2 N2 N2 N2 N2 N2 N2 N2 N2 N2 N2 N2 N2 N2 N2 N2 N2 N2 N2 N3 N2 N2 N2 N2 N3 N2 N3 N3 N2 N3 N3 N2 N2 N3 N3 N3 N3 N3 N3 N3 N2 N2 N2 N3 N3 N2 N2 N2 N2 N3 N2 N2 N2 N2 N2 N2 N3 N2 N2 N2 N2 N3 N2 N3 N2 N2 N2 N2 N2 W W W W W,processed_sleepedf/spectral/ST7151J0-PSG_spectral.pt
processed_sleepedf/tensors/ST7152J0-PSG.pt,W W W W W W W W W W W W W W W W N1 N1 N1 N1 N1 N1 N1 N1 N1 N1 N1 N1 N1 N1 N1 N1 N2 N2 N2 N2 N3 N3 N2 N2 N3 N2 N2 N2 N2 N2 N2 N3 N2 N3 N3 N3 N3 N3 N3 N3 N3 N3 N3 N3 N3 N3 N3 N3 N3 N3 N3 N3 N3 N3 N3 N3 N3 N3 N3 N3 N3 N3 N3 N3 N3 W W W W N1 N1 N2 N2 N2 N2 N2 N2 N2 N2 N2 N2 N2 N2 N3 N2 N3 N3 N3 N3 N3 N3 N3 N3 N3 N3 N3 N3 N3 N3 N3 N3 N3 N3 N3 N3 N3 N3 N3 N3 N3 N3 N3 N3 N3 N3 N3 N3 N3 N3 N3 N3 N3 N3 N3 N3 N3 N3 N3 N3 N3 N3 N3 N3 N3 N3 N3 N3 N3 N3 N3 N3 N3 N3 N3 N3 N3 N3 N3 N3 N3 N3 N3 N3 N3 N3 N3 N3 N3 N3 N3 N3 N3 N3 N3 N3 N3 N3 N3 N3 N3 N3 N3 N3 N3 N3 N3 N3 N3 N3 N3 N3 N3 N3 N3 N1 W N1 N2 N2 N2 N2 N2 N2 N2 N2 N2 N2 N2 REM REM REM N2 N2 REM REM REM REM REM REM REM REM REM REM REM REM REM REM REM REM REM REM REM N2 N2 N2 N2 N2 N2 N2 N2 N1 N2 N2 N2 N2 N2 N2 N2 N2 N2 N2 N2 N2 N2 N2 N3 N3 N2 N2 N3 N2 N3 N3 N2 N3 N3 N3 N3 N3 N3 N3 N3 N3 N3 N3 N3 N3 N3 N3 N3 N3 N3 N3 N3 N3 N3 N3 N3 N3 N3 N3 N3 N3 N3 N3 N3 N3 N3 N3 N3 N3 N3 N3 N3 N3 N3 N3 N3 N3 N3 N3 N3 N3 N3 N3 N2 N1 N1 N2 N2 N2 N2 N2 N2 N2 N2 N2 N2 N2 N2 N2 N2 N2 N2 N2 N2 N2 N2 N2 N2 N2 N2 N2 N3 N3 N3 N2 N2 N3 N2 N3 N3 N2 N2 N3 N3 N3 N2 N3 N3 N3 N3 N3 N3 N2 N3 N3 N3 N3 N3 N3 N3 N3 N3 N3 N3 N3 N3 N3 N3 N3 N3 N3 N3 N3 N3 N3 N3 N3 N3 N3 N3 N3 N3 N3 N3 N3 N3 N3 N3 N3 N3 N3 N3 N3 N3 N3 N3 REM REM REM REM REM REM REM REM REM REM REM REM REM REM REM REM REM REM REM REM REM REM REM REM REM REM REM REM REM REM REM REM REM REM REM REM REM REM REM REM REM REM REM REM REM REM REM REM REM REM REM REM REM REM REM REM REM REM REM REM REM REM N2 N2 REM N2 N2 N2 N2 N2 N2 N2 N2 N2 N2 N2 N2 N2 N2 N2 N2 N2 N2 N2 N2 N2 N2 N2 N2 N2 N2 N2 N2 N2 N2 N2 N2 N2 N2 N2 N2 N2 N2 N2 N2 N2 N2 N2 N2 N2 N3 N3 N3 N2 N2 N3 N2 N2 N2 N2 N2 N2 N2 N2 N2 N2 N2 N2 N3 W N1 N2 W W W W W N1 N1 W N1 N1 W W W W W W W W W W W N1 N1 N1 N1 N1 N1 N1 N1 N1 N1 N1 N1 W W N1 N1 N1 N1 N1 N2 N1 N1 N2 N2 N2 N2 N2 N2 N2 N2 N2 N2 N2 N2 N2 N2 N2 N2 N2 N2 N2 N2 N2 N2 N2 N2 N2 N2 N2 N2 N2 N2 N2 N2 N2 N2 N2 N2 N2 N2 N2 N2 N2 N2 N2 N2 N2 N2 N2 N2 N2 N2 N2 N2 N2 N2 N2 N2 N2 N2 N2 N2 N2 N2 N2 N2 N2 N2 N2 N2 N2 N2 N2 N2 N2 N2 N2 N2 N2 N3 N2 N2 N3 N2 N2 N3 N2 N2 N2 N2 N2 N3 N1 N2 N2 N2 N2 N2 N2 N3 N2 N2 N2 N2 N2 N2 N2 N1 N1 N2 N2 N2 N2 N2 N2 REM REM REM REM REM REM REM REM REM REM REM W REM REM REM REM REM REM REM REM W REM REM REM REM REM REM REM REM REM N1 REM REM REM REM REM REM REM N1 REM REM REM REM N1 REM REM REM REM REM REM REM REM REM REM REM REM REM REM REM REM REM REM REM REM REM REM REM N1 N2 N2 N2 N2 N2 N2 N2 N2 N2 N2 N2 N2 N2 N2 N2 N2 N2 N2 N2 N2 N2 N2 N2 N2 N2 N2 N2 N2 N2 N2 N2 N2 N2 N2 N2 N2 N2 N2 N2 N2 N2 N2 N2 N2 N2 N2 N2 N2 N2 N2 N2 N2 N2 N2 N2 N2 N2 N2 N2 W W W W W N1 N1 N1 W N1 N1 N1 N1 N1 N1 N1 N2 N2 N2 N2 N2 N2 N2 N2 N2 N2 N2 N2 N2 N2 N2 N2 N2 N2 N2 N2 N2 N2 N2 N2 N2 N2 N2 N2 N2 N2 N2 N2 N2 N2 N2 N2 N2 N2 N2 N2 N2 N2 N2 N2 N2 N2 N2 N2 N2 N2 N2 N2 N2 N2 N2 N2 N2 N2 N2 N2 N2 N2 N2 N2 N2 N2 N2 N2 REM REM REM N1 REM REM REM REM REM REM REM REM REM REM REM REM REM REM REM REM REM REM REM REM REM REM REM W N1 N1 N1 REM W N1 N1 N1 N2 N2 N2 N2 REM REM REM N1 N1 REM REM REM N1 REM REM REM REM REM REM REM REM REM REM REM REM W N1 N1 N1 N2 N2 N2 N2 N2 N2 N2 N2 N2 N2 REM N2 REM REM REM REM REM REM REM N1 N1 N1 N1 N2 N2 N2 N2 N2 N2 N2 N2 N2 N2 N2 N2 N2 N2 N2 N2 N2 N2 N2 N2 N2 N2 N2 N2 N2 N2 N2 N2 N2 N2 N2 N2 N2 N2 N3 N2 N2 N2 N2 N2 W W W W,processed_sleepedf/spectral/ST7152J0-PSG_spectral.pt
processed_sleepedf/tensors/ST7161J0-PSG.pt,N1 N1 N1 W N1 W W W W W N1 N1 N1 N1 N1 N1 N1 N1 N1 N1 N1 N2 N2 N2 N2 N2 N2 N2 N2 N2 N2 N2 N2 N2 N2 N2 N2 N2 N2 N2 N2 N2 N2 N2 N2 N3 N3 N3 N3 N3 N3 N3 N3 N3 N3 N3 N3 N3 N3 N3 N3 N3 N3 N3 N3 N3 N3 N3 N3 N3 N3 N3 N3 N3 N3 N3 N3 N3 N3 W W N1 N1 N1 N1 N2 N2 N2 N2 N2 N2 N2 N2 N2 N2 N3 N2 N3 N3 N3 N3 N3 N3 N3 N3 N3 N3 N3 N3 N3 N3 N3 N3 N3 N3 N3 N3 N3 N3 N3 N3 N3 N3 N3 N3 N3 N3 N3 N3 N3 N3 N3 N3 N3 N3 N3 N3 N3 N3 N3 N3 N3 N3 N3 N3 N3 N2 N2 N2 N2 N1 N2 N2 W W W W W N1 N1 N1 N1 N2 N2 N2 N2 N2 N2 N2 W W W W W W W W W N1 N1 N1 N1 N1 N1 N2 N2 N2 N2 N2 N2 N2 N2 N2 N2 N2 N2 N2 N2 N2 N2 N2 N2 N2 N2 N2 N2 N2 N2 N2 N2 N2 N2 N2 N2 N2 N2 N2 N2 N2 N2 N3 N3 N3 N3 N3 N3 N3 N3 N3 N3 N3 N3 N3 N3 N3 N3 N3 N3 N2 N2 REM REM REM REM REM REM REM N1 REM REM REM REM REM REM REM REM REM REM REM REM REM REM REM REM REM REM REM REM REM REM REM N1 N1 REM REM REM REM REM REM REM REM N2 N2 N2 W N1 N2 N2 N2 N2 N2 N2 N2 N2 N2 N2 N3 N2 N2 N3 N3 N3 N3 N2 N2 N2 N2 N3 N3 N3 N3 N3 N3 N3 N3 N3 N3 N3 N3 N3 N3 N3 N3 N3 N3 N3 N3 N3 N3 N2 N2 N2 N3 N3 N3 N3 N3 N3 N3 N3 N3 N3 N3 N3 N3 N3 N3 N3 N3 N3 N3 N3 N3 N3 N3 N3 N3 N3 N3 N3 N3 N3 N3 W W W W N1 N1 N1 N1 N1 N1 N2 N2 N2 N2 N2 N2 N2 N2 N2 N2 N2 N2 N2 N2 N2 N2 N1 N2 N2 N2 N2 N2 N2 N2 N2 W W N1 N2 N2 N2 N2 N2 N2 N2 N2 N2 N2 N2 N2 N2 N2 N2 N2 N2 N2 N2 N2 N2 N2 N1 N1 W N1 N2 N2 N2 N2 N2 N2 N2 N2 N2 W W N1 N1 W N1 N1 N1 N2 N2 REM REM REM REM REM REM REM REM REM REM REM REM REM REM REM REM REM REM REM REM REM REM REM REM REM REM REM REM REM REM REM REM REM REM REM REM REM REM REM REM REM REM REM REM REM REM REM REM REM REM REM REM REM REM REM REM REM REM REM REM REM REM REM REM REM REM REM REM REM REM REM REM REM N2 N2 N2 N2 N2 N2 N2 N2 N2 N2 N2 N2 N2 N2 N2 N2 N2 N2 N2 N2 N2 N2 N2 N2 N2 N2 N2 N2 N2 N2 N2 N2 N2 N2 N2 N3 N2 N2 N2 N2 N2 W W W W W W W W W W W W W W N1 N1 N1 N1 N1 N1 N2 N2 N2 N2 N2 N2 N2 N2 N2 N2 N2 N2 N2 N2 N2 N2 N2 N2 N2 N2 N2 N2 N2 N2 N1 N1 N1 N1 N2 W N1 N1 N2 N2 N2 N2 N2 N2 N2 N2 N2 N2 N2 N2 N2 N2 N2 N2 N2 N2 N2 N2 N2 N2 N3 N3 N2 N3 N3 N2 N3 N3 N3 N3 N3 N3 N3 N3 N3 N3 N3 N3 N2 N1 N2 N2 W W N1 N2 N2 N2 N2 N2 N2 N2 N2 N2 N2 N2 N2 N1 N2 N2 N2 N2 N2 N2 N1 N2 N2 N1 N2 W N1 N1 N1 N2 N2 N2 N2 REM REM REM REM REM REM REM REM REM REM REM REM REM REM REM REM N1 N1 REM REM REM REM REM REM REM REM REM REM REM REM REM REM REM REM REM REM REM REM REM REM REM REM REM REM REM REM REM REM REM REM N1 N1 N2 N2 N2 N2 N2 N2 N2 N2 N2 N2 N2 N2 N2 N2 N2 N2 N2 N2 N2 N2 N2 N2 N2 N2 N2 N2 N2 N2 N2 N2 N2 N2 N2 N2 N3 N3 N3 N3 N3 N3 N3 N3 N2 N3 N3 N3 N3 N3 N3 N3 N3 N3 N3 N3 N3 N3 N3 N3 N3 N1 N1 W W W N1 N1 N1 N1 N1 N2 N2 N2 N2 N2 N2 N2 N2 N2 W N1 N2 N2 N2 N2 N2 N2 N2 N2 N2 N2 N2 N1 N2 N2 N2 N2 N2 N2 W N1 N2 N2 N2 N2 N2 N2 N2 N2 N2 N2 N2 N2 N2 N2 N2 N1 N2 N2 N2 N2 N2 N2 N2 N2 N2 N2 N2 N2 N1 N2 N2 N2 N2 N2 N2 N2 N2 N2 N2 N2 N2 N2 N2 N2 N2 N2 N2 N2 N2 N2 REM REM REM REM REM REM REM REM REM REM REM REM REM REM REM REM REM REM REM N1 N2 N2 N2 N2 REM N1 N1 N2 REM REM REM REM REM REM REM REM REM REM REM REM REM N1 N1 N2 N2 N2 N2 N2 N2 N2 N2 N2 N2 N2 N2 N2 N2 N2 N2 N2 N2 N2 N2 N2 N2 N2 N2 W N1 N2 N2 N2 N2 N2 N2 N2 N2 N2 N2 N2 N2 N2 N2 N2 N2 N2 N2 N3 N2 N2 N3 N3 N2 N2 N2 N2 N2 W W W W W W W W W W W W W W W W W W W W W W W W W W W W W W W W W W W W W W W W W W W W W W W W W W W W W W W W W W W W,processed_sleepedf/spectral/ST7161J0-PSG_spectral.pt
processed_sleepedf/tensors/ST7162J0-PSG.pt,W W W W W W W W W W W W W W W N1 W W W W N1 W W W N1 N1 N1 N1 N1 N1 N1 W N1 W N1 N1 N1 N1 N1 N1 N2 N2 N2 N2 N2 N2 N2 N2 N2 N2 N2 N2 N2 N2 N2 N2 N3 N2 N2 N2 N3 N3 N3 N3 N3 N3 N3 N3 N2 N2 N3 N3 N3 N3 N3 N2 N3 N3 N3 N3 N3 N3 N3 N3 N3 N3 N3 N3 N3 N3 N3 N3 N3 N3 N3 N3 N3 N3 N2 N2 N3 N3 N3 N3 N3 N3 N3 N3 N3 N3 N3 N3 N3 N3 N3 N3 N3 N3 N3 N3 N3 N3 N3 N3 N3 N3 N3 N3 N3 N3 N3 N3 N3 N3 N3 N3 N3 N3 N3 N3 N3 N3 N3 N3 N3 N3 N3 N3 N3 N3 N3 N3 N2 N2 W W N1 N2 N2 N2 N2 N2 N2 N2 N2 N2 REM REM REM REM REM REM REM REM REM REM REM REM REM REM REM REM REM REM REM REM REM REM REM REM REM REM REM REM REM REM REM REM REM REM REM N2 N2 N2 N2 N2 N2 N2 N2 N2 N2 N2 N2 N2 N2 N2 N2 N3 N2 N2 N3 N3 N3 N3 N3 N3 N3 N3 N3 N3 N3 N3 N3 N3 N3 N3 N2 N3 N3 N3 N3 N3 N3 N3 N3 N3 N3 N3 N3 N3 N3 N3 N3 N3 N3 N3 N3 N3 N3 N3 N3 N3 N3 N3 N3 N3 N3 N3 N3 N3 N3 N3 N3 N3 N3 N3 N3 N3 N3 N3 N3 N3 N3 N3 N3 N3 N3 N3 N3 N3 N3 N3 N2 N3 N3 N3 N3 N3 N3 W W W N1 N2 N2 N2 N2 N1 N2 N2 N2 N2 N2 N2 N2 N2 N2 N2 N2 N2 N2 W W N1 N2 N2 N2 N2 N2 N2 N2 N1 N2 N2 N2 N2 N2 N3 N2 N2 N2 N2 N2 N2 N3 N2 N2 N2 N3 N3 N3 N3 N2 N2 N2 N3 N3 N3 N3 N3 N3 N3 N3 N3 N3 N3 N3 N3 N3 N3 N3 N3 N3 N3 N3 N3 N3 N3 N3 N3 W W W W W W W W W W W W W N1 N2 N2 N2 N3 N2 W W N3 N3 N3 N2 N3 N2 N2 W W N1 N2 N2 N2 N2 N2 N2 N2 N2 N2 N2 N2 N2 N2 N3 N3 N2 N2 N2 N2 N2 N2 N2 N2 N2 N2 N2 N1 N2 N2 N2 N2 N2 N2 N2 N2 W N1 N1 W W W W W N1 N1 N2 N2 N2 N2 N2 N2 N2 N2 N2 N2 N2 N2 N2 N2 N2 N2 N2 N2 N2 N2 N2 N2 N2 N2 N2 N2 N2 N2 N2 N2 N2 N2 N2 N2 N2 N2 N2 N2 N2 N2 N2 N2 N2 N2 N2 N2 N2 N2 N2 N1 N2 N2 N2 N1 W W W W W W W W N1 N1 N1 N2 N2 N2 N2 N2 N2 N2 N2 N2 N2 N2 N2 N2 N2 N2 N2 N2 N2 N2 N2 N1 N2 N2 N2 N2 N1 N2 N2 N2 N2 N2 N2 N2 N2 N2 N2 N2 N2 N2 N2 N2 N2 N2 N2 N1 N1 N1 N2 N2 N2 N2 N2 N2 N2 N2 N2 N2 N2 N2 N2 N2 N2 N2 N2 N2 N2 N2 N2 N2 N2 N2 N2 N2 N2 N3 N2 N2 N2 N2 N3 N3 N3 N3 N3 N2 N2 N2 N1 N2 N2 N2 N2 N2 N2 N2 N2 N2 N2 N2 N2 N2 N2 N2 N2 W W W W W W W W W W W W W W N1 N1 N1 N1 N1 W N1 N1 W N1 W W W N1 N1 N1 W W N1 N1 N1 N1 N1 N1 N1 N1 W W W W W W W W W W W W W W W W W N1 N1 W W W W W N1 N1 W W W W N1 N1 W W W W W N1 N1 N1 N1 N1 N1 N1 W W W W W W W W W W W W W W W N1 N1 W W W W W W W N1 N1 N1 N1 N1 N1 W N1 N1 N1 N1 N2 N2 N2 N2 N2 N2 N2 N2 N2 N2 N2 N2 W W N1 N1 N2 N2 N2 N2 N2 N2 N2 N2 N2 N2 N2 N2 N2 N2 N2 N2 N2 N2 N2 N2 N2 N2 N2 N2 N2 REM REM REM REM REM REM REM REM REM REM REM REM REM REM REM REM REM REM REM REM REM REM REM REM REM REM REM REM REM REM REM REM REM REM REM REM REM REM REM REM REM REM REM REM REM W W W N1 N1 N1 N2 W W W N1 N1 N2 N2 N2 N2 N1 N2 N2 N2 N2 W W N2 N2 N2 N2 N2 N2 N2 N2 N2 N2 N2 N2 N2 N2 N2 N2 N2 N2 N2 N2 N2 N2 N2 N2 N1 N2 N2 N1 N2 N2 N2 N2 N2 N2 N2 N2 N2 N2 N2 N2 N2 N2 N3 N3 N3 N3 N3 N3 N3 N3 W W W W W W W N1 N1 N1 N2 N2 N2 N2 N2 N2 N2 N1 N2 N2 N2 N2 N2 N2 N1 N2 N2 N2 N2 N1 N2 N2 N2 W N1 N2 N2 N2 N1 N2 N2 N2 N2 N2 N2 N2 N2 N2 N1 N2 W N2 N2 N2 N2 N2 N2 N2 N2 N2 N2 N2 N2 N2 N2 N2 N2 N2 N2 N2 N2 N2 N2 N2 N2 N2 N2 N2 N2 N2 N2 N2 N2 W W,processed_sleepedf/spectral/ST7162J0-PSG_spectral.pt
processed_sleepedf/tensors/ST7171J0-PSG.pt,W W W W W W W W W W W W W W W W W W W W W W W W W W W W W W W W W W W W W W W W W W W W W W W W W W W W W W W W W W W W N1 W W N1 W W N1 N1 N1 W N1 W W W N1 N1 W W W W W W N1 N1 N1 N1 N1 N1 N1 N1 N1 N1 N1 N1 N1 N1 N1 N1 N1 W W W W W W W W W W W W W W W N1 W W N1 N1 N1 N1 N1 N1 N1 N1 N1 N1 N1 N1 N1 N2 N2 N2 N2 N2 N2 N3 N2 N2 N3 N3 N3 N2 N3 N3 N2 N3 N3 N2 N3 N3 N2 N3 W N1 N1 N1 N2 N2 N2 N2 N1 W N1 N2 N2 N2 N2 N2 N2 N2 N2 N2 N2 N2 N2 N2 N2 N3 N3 N2 N3 N3 N3 N3 N3 N1 N2 N1 N1 N1 N2 N3 N3 N3 N3 N3 N3 N3 N3 N3 N3 N3 N3 N3 N3 N3 N3 N3 N3 N3 N3 N3 N3 N3 N3 N2 N2 N3 N2 N3 N3 N2 N2 N2 N2 N2 W W W N1 N1 N2 N2 N2 N2 N2 N2 N1 N2 N2 N2 N2 N2 N2 N3 N2 W N1 N1 N1 N1 N1 N1 N2 N2 N2 N2 N2 N2 N2 N2 N2 N2 N2 N2 N2 N2 N2 N2 N2 N3 N2 N2 N3 N3 N3 N3 N3 N2 N2 N3 N3 N3 N3 N3 N3 N2 N3 N3 N2 N3 N3 N3 N3 N3 N3 N3 N3 N3 N3 N3 W W N1 N2 N2 N2 N2 N2 N2 N2 N2 N2 N2 N2 REM REM REM REM REM REM REM REM REM REM REM REM REM REM REM REM REM REM REM REM REM REM REM REM REM REM REM REM REM REM REM REM REM REM REM REM REM REM REM REM REM REM REM N2 N2 N2 N2 N2 N2 N2 N2 N2 N2 N2 N2 N2 N2 N2 N2 N2 N2 N2 W N1 N2 N2 N1 N1 N1 W N1 N1 N1 W N1 N2 W N1 N1 W W W W W W N1 N1 N2 N2 N2 N2 N2 N2 N2 N2 N2 N2 N2 N2 N2 N2 N2 N2 N2 N2 N2 N2 N2 N2 N2 N3 N2 N3 N2 N2 N3 N3 N3 N2 N3 N3 N3 N3 N3 N3 N3 N3 N3 N3 N3 N3 N3 N3 N3 N3 N3 N3 N3 N3 N3 N3 N3 N3 N3 N3 N3 N3 N3 N3 N3 N3 N3 N3 N3 N3 N3 N3 N3 N3 N3 N3 N3 N3 N3 N3 N3 N3 N3 N3 N3 N3 N3 N3 N3 N3 N3 N3 N3 N3 N3 N3 N3 N3 N3 N3 N3 N3 N3 N3 N3 N3 N3 N3 N3 N3 N3 N3 N3 N3 N3 N2 N3 N3 N3 N3 N2 N1 N1 N1 N1 N2 N2 N2 N2 N2 N2 N2 N2 N2 N2 N2 N2 N2 N2 N2 N2 N1 W W N1 N1 N1 N1 N1 N2 N2 N2 N2 REM REM REM REM REM REM REM REM REM REM REM N1 REM REM REM REM N1 REM N1 REM REM REM REM REM REM REM REM REM REM REM REM REM REM REM REM REM REM N1 REM REM REM N1 N1 N1 N1 N1 N1 N1 N1 N1 N2 N2 N1 W W W W W W W W W W W W W W W W W W W W W W W W W W W W W W W W W W W W W W W W W W W W W W W W W N1 W W W W W N1 W N1 N1 N1 N1 N1 N2 N2 N1 W N1 N1 N2 N2 N1 N2 N2 N2 N2 N2 N2 N2 N2 N2 N2 N2 N2 N2 N2 N2 N2 N2 N2 N2 N2 N2 N2 N2 N2 N2 N2 N2 N2 N2 N2 N2 N2 N2 N2 N2 N2 N2 N2 N2 N2 N2 N2 N2 N2 N2 N2 N2 N2 N2 N2 N2 N2 W N1 N2 N2 N1 N1 N2 N2 N2 N2 N2 N2 N2 N2 N2 N2 N2 N2 N2 N2 N2 N2 N2 N2 N3 N3 N3 N3 N2 N3 N3 N3 N3 N3 N3 N3 N3 N3 N3 N3 W N1 N1 N2 N2 N2 N2 N2 N2 N2 N2 N2 N2 N2 N2 N2 N2 N2 N2 N2 REM REM REM REM REM N1 REM N1 REM REM REM REM REM REM REM REM REM REM REM REM REM N1 REM REM REM REM REM REM REM REM REM REM REM REM REM REM REM REM REM REM REM REM N1 REM REM REM REM REM REM REM REM REM REM N1 W W W W N1 N1 N1 N1 N1 N1 W N1 N1 N1 N1 N1 N1 N1 N1 N2 N1 N1 N1 N1 N2 N2 N2 N2 N2 N2 N2 N2 N2 N2 N2 N2 N2 N2 N2 N2 N2 N2 N2 N2 N2 N2 N2 N2 W W N1 N1 N1 N2 N2 N2 N2 N2 N2 N2 N2 N2 N1 N1 N2 N2 N1 N2 N2 N2 N1 W W W,processed_sleepedf/spectral/ST7171J0-PSG_spectral.pt
processed_sleepedf/tensors/ST7172J0-PSG.pt,W W W W W W W W W W W W W W W W W W W W W W W W W W W W W W W W W W W W W W W W W W W W W N1 W N1 W N1 N1 N1 N1 N1 N1 N1 N1 N1 N1 N1 N1 N1 N1 N1 N1 N1 N1 N1 N2 N2 N2 N2 N1 N2 N1 W W W N1 W W W W N1 N1 N1 N1 N2 N2 N2 N2 N2 N2 N2 N2 N2 N2 N2 N2 N2 N2 N2 N2 N2 N3 N3 N3 N3 N3 N3 N3 N3 N1 N2 N1 N1 N2 N2 N2 N3 N3 N3 N3 N3 N3 N3 N3 N3 N3 N3 N3 N3 N3 N3 N3 N3 N3 N3 N3 N3 N3 N3 N3 N3 N3 N3 N3 N3 N3 N3 N3 N3 N3 N3 N3 N3 N2 N2 N2 N2 N2 N3 N3 N3 N3 N3 N3 N3 N3 N3 N3 N3 N3 N3 N3 N3 N3 N3 N3 N3 N3 N3 N3 N3 N3 N3 N3 N3 N3 N3 N3 N3 N3 N1 W N1 N1 N1 N1 N1 N1 N1 N2 N1 N1 N2 N1 N1 N2 N1 N2 REM N1 N1 N1 N1 N1 REM N1 N1 REM N1 REM N1 N1 N1 N1 N1 N1 N1 N1 N1 N1 N1 W N1 N1 N1 N1 N1 W W W W W W W N1 N1 N1 N1 N1 N2 N2 N1 N2 N2 N2 N2 N2 N2 N2 N2 N2 N2 N2 N2 N2 N2 N2 N2 N2 N2 N2 N2 N2 N2 N2 N2 N2 N2 N2 N2 N2 N1 N1 N1 N2 N2 N2 N2 N1 N1 N1 N1 N1 N1 N1 W W W W W W N1 W W W W W N1 W W W N1 N1 N1 N1 N1 N1 N1 N1 N1 N2 N2 N2 N2 N2 N2 N2 N2 N2 N2 N2 N2 N2 N2 N2 N2 N2 N2 N2 N2 N2 N2 N2 N2 N2 N2 N2 N2 N2 N2 N2 N2 N2 N2 N2 N2 N2 N2 N2 N2 N2 N2 N2 N2 N2 N2 N2 N2 N2 N2 N3 N2 N3 N3 N3 N3 N3 N3 N3 N2 N2 N3 N3 N3 N3 N2 N3 N3 N3 N3 N3 N3 N3 N3 N3 N3 N3 N3 N2 N2 N3 N3 N3 N3 N3 N3 N3 N3 N3 W W W W W W W N1 N1 N1 W W N1 N1 N1 N2 N2 N2 N2 N1 N2 N2 N2 N2 N2 N2 N2 N2 N2 N2 N2 N2 N2 N2 N2 N2 N2 N2 N2 N1 REM REM N1 N1 N1 REM REM REM REM REM REM REM REM REM REM REM REM REM REM REM REM REM N1 REM REM REM REM REM REM REM REM REM REM REM REM REM REM REM REM REM REM REM REM REM REM REM REM REM REM REM REM REM REM N1 REM REM REM REM REM REM REM REM REM REM REM REM N2 N2 N2 N2 N2 N2 N2 N2 N2 N2 N2 N2 N2 N2 N2 N2 N2 N2 N2 N2 N2 N2 N2 N2 N2 N2 N2 N2 N2 N2 N2 N2 N2 N3 N3 N3 N3 N3 N3 N3 N3 N3 N2 N2 N2 W W N1 N2 N2 N2 N2 N2 N2 N2 N2 N2 N2 N2 N2 N2 N2 N2 N2 N2 N2 N2 N2 N3 N2 N2 N2 N3 N3 N2 N2 N2 N2 N3 N3 N3 N3 N3 N3 N3 N3 N3 N3 N3 N3 N3 N3 N3 N3 N3 N3 N3 N3 N3 N3 N3 N3 N3 N3 N3 N3 N3 N3 N3 N3 N3 N2 W N1 N2 N2 N2 N1 N2 N2 N2 N2 N2 N2 N2 N2 N2 N2 N2 N2 N2 N2 N2 N1 N1 W W N1 N2 N2 N2 N2 N2 N2 N2 N2 N2 N2 N2 N2 N2 N2 N2 N2 N2 N2 N2 N2 N2 N2 N2 N2 N2 N2 N2 N2 N2 N2 N2 N2 N2 N2 N2 N2 N2 N2 N2 N2 N2 N2 N2 N2 N2 N2 N2 REM REM REM REM REM REM REM REM REM REM REM REM REM REM REM REM REM REM REM REM REM REM REM REM W W W W W W W W W W W W W W W W W W W W W W W W W W W W W N1 N1 N1 N1 N1 N1 N1 N1 N2 N1 N1 N2 N2 N2 N2 N2 N2 N2 N2 N2 N2 N2 N2 N2 N2 N2 N2 N2 N2 N2 N2 N2 N2 N2 N2 N2 N2 N2 N2 N2 N2 N2 W N1 N2 N2 N1 N1 N1 N1 N1 N1 N1 N2 N2 N2 N2 N2 N1 N2 N2 N2 N2 N2 N2 N2 N1 N2 N2 N2 N2 N2 N2 N2 W N1 N1 W N1 N1 N1 N2 N2 N2 N2 N2 N1 N2 N2 N2 N2 N2 N2 N2 N2 N2 N1 N1 N2 N1 N2 N1 N2 N1 N2 N2 N1 W W N1 N1 N2 N2 N2 N1 W W W N1 N1 N2 N2 N2 N2 N1 N1 N2 N2 REM REM REM REM REM REM REM REM REM REM REM REM REM REM REM REM REM REM REM REM REM REM REM REM REM REM REM REM N1 W W W W W N1 N1 N1 N1 N2 N1 N1 N1 N1 N2 REM N1 N1 N2 N2 N2 N2 N2 REM REM REM REM REM REM REM REM REM REM REM REM REM REM REM REM REM REM REM REM REM REM REM REM REM REM REM REM REM REM N1 N1 N1 N1 N1 N1 N1 N2 N2 N1 N2 N2 N2 N2 N1 N1 N1 N2 N1 N1 N1 N1 N2 N2 N2 N2 N2 W N1 N2 N2 N2 N2 W W W W W W,processed_sleepedf/spectral/ST7172J0-PSG_spectral.pt
processed_sleepedf/tensors/ST7181J0-PSG.pt,W W W W W W W W W W W W W W W W W W W N1 N1 W W N1 N1 W W N1 N1 N1 W W N1 N1 N2 N2 N2 N2 N2 N2 N2 N2 N2 N2 N2 N2 N1 N2 N2 N2 N2 N1 N1 N2 N2 N2 N2 N2 N2 N2 N2 N2 N2 N3 N2 N2 N2 N2 N2 N3 N3 N2 N2 N2 N2 N2 N2 N2 N2 N2 N2 N2 N2 N2 N3 N2 N2 N2 N2 N3 N2 N2 N2 N2 N3 N2 N2 N2 N2 N3 N3 N3 N2 N2 N2 N2 N2 N2 N2 N2 N2 N2 N2 N2 N2 N2 N2 N3 N2 N2 N2 N3 N2 N2 N2 N2 N2 N2 N2 N2 N3 N3 N3 N2 N2 N3 N2 N3 N3 N3 N2 N2 N2 N2 N2 N2 N2 N2 N2 N2 N2 N3 N2 N2 N2 N2 N2 N3 N2 N2 N2 N3 N2 N2 N2 N2 N2 N2 N2 N2 N2 N2 N2 N2 N2 N2 N2 N2 N2 N2 N2 N2 N2 N2 N2 N2 N2 N2 N2 N2 N2 N2 N2 N2 N2 N2 N2 N2 N2 N2 N2 N2 N2 N2 N2 N2 N2 N2 N2 N2 N2 W N1 N2 N2 N2 N2 N2 N2 N2 N2 N2 N2 N2 N2 N2 N2 N2 N2 N2 N2 N2 N2 N2 N2 N2 N2 N2 N2 N2 N2 N2 N3 N2 N2 N2 N2 N2 N2 N3 N2 N2 N2 N2 N2 N2 N2 N2 N2 N2 N2 N2 N2 N2 N2 N2 N3 N2 N2 N2 N2 N2 N2 N2 N2 N2 N2 N2 N2 N2 N2 N2 N2 N2 N2 N2 N2 N2 N2 N2 N2 N2 N2 N2 N2 N2 N2 N2 N2 N3 N2 N2 N2 N2 N2 N2 N2 N2 N2 N2 N2 N2 N2 N2 N2 N2 N2 N2 N2 N2 N2 N2 N2 N2 N2 N2 N2 N2 N2 N2 N2 N3 N2 N2 N2 N3 N2 N2 N2 N2 N2 N2 N2 N2 REM REM REM REM REM REM REM REM REM REM REM REM REM REM N1 N2 N2 REM REM REM REM REM REM REM REM REM N1 REM REM REM REM REM REM REM REM REM REM REM REM REM REM REM N2 N2 N2 N2 N2 N2 N2 N2 N2 N2 N2 N2 N2 N2 N2 N2 N2 N2 N2 N2 N2 N2 N2 N2 N2 N2 N2 N2 N2 N2 N2 N2 N2 N2 N2 N2 N2 N2 N2 N2 N2 N2 N2 N2 N2 N2 N2 N2 N2 N2 N2 N2 W W W W W W W W W W N1 N1 N1 N2 N2 N2 N2 N2 N2 N2 N2 N2 N2 N2 N2 N2 N2 N2 N2 N2 N2 N2 N2 N2 N2 N2 N2 N2 N2 N2 N2 N2 N2 N2 N2 N2 N2 N2 N2 N2 N2 N2 N2 N2 N2 N2 N2 N2 N2 N2 N2 N2 N2 N2 N2 N2 N2 N2 N2 N2 N2 N2 N2 N2 N2 N2 N2 N2 N2 N2 N2 N2 N2 N2 N2 N2 N2 N2 N2 N2 N2 N2 N2 N2 N2 N2 N2 N2 N2 N2 N2 N2 N2 N2 N2 N2 N2 N2 N2 N2 N2 N2 N2 N2 N2 N2 N2 N2 N2 N2 N2 N2 N2 N2 N2 N2 N2 N2 N2 N2 N2 N2 N2 N2 N2 N2 N2 N2 N2 N2 N2 N2 N2 N2 N2 N2 N2 N2 N2 N2 N2 N2 N1 N1 W W W W N1 N1 N1 N2 REM REM REM REM REM REM REM REM REM REM REM REM REM REM REM REM REM REM REM REM REM REM REM REM REM REM REM REM REM REM REM REM REM REM REM REM REM REM REM REM REM REM REM REM REM REM REM REM REM REM REM REM REM REM REM REM REM REM REM REM REM REM REM REM REM REM REM REM REM REM REM REM REM REM REM REM REM REM REM REM REM REM REM REM REM REM REM REM REM REM REM N2 N2 N2 N2 REM REM REM REM REM REM REM W W W W W W W W W W W W W W W W W N1 W W W W N1 N1 N1 N1 N1 N1 N1 N1 N1 N1 N1 N1 N1 N1 N1 N1 N1 N1 N1 N2 N2 N2 N2 N2 N2 N2 N2 N2 N2 N2 N2 N2 N2 N2 N2 N2 N2 N2 N2 N2 N2 N2 N2 N2 N2 N2 N2 N2 N2 N2 N2 N2 N2 N2 N2 N2 N2 N2 N2 N2 N2 N2 N2 N2 N2 N2 N2 N2 N2 N2 N2 N2 N2 N2 N2 N2 N2 N2 N2 N2 N2 N2 N2 N2 N2 N2 N2 N2 N2 N2 N2 N2 N2 N2 N2 N2 N2 N2 N2 N2 N2 N2 N2 N2 N2 N2 N2 N2 N2 N2 N2 N2 W W W N1 W W W W N1 N1 W W W W W W W W W W W W W W W W W W N1 N1 N1 N1 N1 N1 W N1 N1 N1 N1 N1 N1 N1 N1 N1 N1 N1 N1 W W N1 N1 W N1 N1 N1 N1 W N1 N1 N1 N1 W W N1 N1 N1 N1 W W W W N1 N1 W W W W W N1 N1 N1 N1 N1 N1 N1 N1 N1 N1 N1 N1 N1 N1 N1 N1 N1 N1 N1 W N1 N1 N1 N1 N1 N1 N1 N1 N1 N1 N1 N1 N1 N1 N1 N1 N1 N1 N1 N1 W W W W W,processed_sleepedf/spectral/ST7181J0-PSG_spectral.pt
processed_sleepedf/tensors/ST7182J0-PSG.pt,W W W W W W W W W W W W W W W W W W W N1 N1 W N1 N2 N2 N2 N2 N2 N2 N2 N2 N2 N2 N2 N2 N2 N2 N2 N2 N2 N2 N2 N2 N2 N2 N2 N2 N2 N2 N2 N2 N2 N3 N2 N2 N2 N2 N2 N2 N2 N2 N2 N2 N2 N2 N2 N2 N2 N2 N2 N2 N3 N2 N2 N3 N3 N2 N2 N3 N2 N3 N2 N3 N3 N3 N3 N3 N3 N3 N3 N3 N3 N3 N3 N3 N3 N3 N3 N3 N3 N3 N3 N3 N3 N3 N2 N3 N3 N3 N3 N3 N3 N3 N3 N3 N3 N3 N3 N3 N3 N3 N2 N2 N2 N2 N2 N2 N2 N2 N2 N2 N2 N2 N2 N2 N2 N2 N2 N2 N2 N2 N2 N2 N2 N2 N2 N2 N2 N2 N2 N2 N2 N2 N2 N2 N2 N2 N2 N2 N2 N2 N2 N2 N2 W N1 N2 N2 N2 N2 N2 N2 N2 N2 N2 N2 N2 N2 N2 N2 N2 N2 N2 N2 N2 N2 N2 N2 N2 N3 N2 N3 N2 N2 N2 N2 N2 N3 N3 N2 N2 N2 N2 N3 N2 N2 N2 N2 N2 N3 N2 N2 N2 N2 N2 N3 N3 N2 N2 N3 N2 N3 N2 N3 N2 N2 N3 N2 N3 N2 N2 N2 N2 N3 N3 N2 N2 N2 N2 N2 N2 N2 N2 N2 N2 N2 N3 N3 N3 N3 N2 N3 N2 N2 N3 N2 N2 N2 N2 N3 N3 N2 N2 N2 N2 N2 N2 N2 N3 N2 N2 N3 N2 N2 N3 N2 N2 N2 N2 N2 N2 N3 N2 N2 N2 N2 N2 N2 N2 N2 N2 N2 N2 N2 N2 N2 N2 N2 N2 N2 N2 N2 N2 N2 N2 REM REM REM REM REM REM REM REM REM REM REM REM REM REM REM REM REM REM REM REM REM REM REM REM REM REM REM REM REM REM REM REM REM REM REM REM REM REM REM REM REM REM REM W N1 N1 N1 W N1 N1 N1 N1 N2 N2 N2 N2 N2 N2 N2 N2 N2 N2 N2 N2 N2 N2 N2 N2 N2 N2 N2 N2 N2 N2 N2 N2 N2 N2 N2 N2 N2 N2 N2 N2 N2 N2 N2 N2 N2 N2 N2 N2 N2 N2 N2 N2 N2 N2 N2 N2 N2 N2 N2 N2 N2 N2 N2 N2 N2 N2 N2 N2 N2 N2 N2 N2 N2 N1 N1 N1 N2 N2 N2 N2 N2 N2 N2 N2 N2 N2 N2 N2 N2 N2 N2 N2 N2 N2 N2 N2 N2 N2 N2 N2 N2 N2 N2 N2 N2 N2 N2 N2 N2 N2 N2 N2 N2 N2 N2 N2 N2 N2 N2 N2 N2 N2 N2 N2 N2 N2 N2 N2 N2 N2 N2 N2 N2 N2 N2 N2 N2 N2 N2 N2 N2 N2 N2 N2 N2 N2 N2 N2 N2 N2 N2 N2 N2 N2 N2 REM REM REM REM REM REM REM REM REM REM REM REM REM REM REM REM REM REM REM REM REM REM REM REM REM REM REM REM REM REM REM REM REM REM REM REM REM REM REM REM REM REM REM REM REM REM REM REM REM REM REM REM REM REM REM REM REM REM REM REM REM REM REM REM REM REM REM REM REM REM REM REM REM REM REM REM REM REM REM REM REM REM REM REM REM REM REM REM REM REM REM REM REM REM REM REM REM REM REM REM REM REM REM REM REM N1 N1 N2 N2 N2 N2 N2 N2 N2 N2 N2 N2 N2 N2 N2 N2 N2 N2 N2 N2 N2 N2 N2 N2 N2 N2 N2 N2 N2 N2 N2 N2 N2 N2 N2 N2 N2 W W W W W W N1 N1 N1 N1 N1 N1 N1 N1 N1 N2 N2 N2 N2 N2 N2 N2 N2 N2 N2 N2 N2 N2 N2 N2 N2 N2 N2 N2 N2 N2 N2 N2 N2 N2 N2 N2 N2 N2 N2 N2 N2 N2 N2 N2 N2 N2 N2 N2 N2 N2 N2 N2 N2 N2 N2 N2 N2 N2 N2 N2 N2 N2 N2 N2 N2 N2 N2 N2 N2 N2 N2 N2 N2 N2 N2 N2 N2 N2 N2 N2 N2 N2 N2 N3 N2 N2 N2 N2 N2 N2 N2 N2 N2 N2 N2 N2 N2 N2 N2 REM REM REM REM REM REM REM REM REM REM REM REM REM REM REM REM REM REM REM REM REM REM REM REM REM REM REM REM REM REM REM REM REM REM REM REM REM REM REM REM REM REM REM REM REM REM REM REM REM REM REM REM REM REM REM REM REM REM REM REM REM REM REM REM N1 REM REM REM REM REM REM REM REM REM REM REM REM REM REM REM REM REM REM REM REM REM REM REM REM REM REM REM REM REM REM REM REM REM REM REM REM REM REM REM W W N1 N1 W N1 W N1 W W W W W W W N1 N1 N1 N1 N1 N1 N1 N1 N1 W N1 N1 N1 N1 W N1 W N1 N1 N1 N1 N1 N1 N1 N1 N1 N1 N1 N1 N1 W W N1 N1 N1 N1 N1 N1 N1 N1 N1 N1 N1 N1 N1 N1 N1 N1 N2 N2 N2 N2 N2 N2 N2 N2 N2 N2 N2 N2 N2 N2 N2 N2 N2 N2 N2 N2 N2 N2 N2 N2 N2 N2 N2 N2 N2 N2 N2 N2 N2 N2 N2 N2 N2 N2 N2 N2 N2 N2 N2 N2 N2 N2 N2 N2 W,processed_sleepedf/spectral/ST7182J0-PSG_spectral.pt
processed_sleepedf/tensors/ST7191J0-PSG.pt,W W W W W W W W W W W W W W W W W W W W W W W W W W W W W W W W W W W W W W W W W W N1 N1 N1 N1 N1 N1 N1 N1 N2 N2 N2 N2 N2 N2 N2 N2 N2 N2 N2 N2 N2 N2 N2 N2 N2 N2 N2 N2 N3 N3 N3 N3 N3 N3 N3 N3 N1 N2 N2 N3 N3 N3 N3 N3 N3 N3 N3 N3 N3 N2 N3 N3 N3 N3 N3 N3 N3 N3 N3 N3 N3 N2 N2 N3 N3 N3 N3 N3 N3 N3 N3 N3 N3 N3 N3 N3 N3 N3 N3 N3 N3 N3 N3 N3 N3 N3 N3 N3 N3 N3 N3 N3 N3 N3 N3 N3 N3 N3 N3 N3 N3 N3 N3 N3 N3 N3 N3 N3 N3 N3 N3 N3 N3 N3 N3 N3 N3 N3 N3 N3 N3 N3 N3 N3 N3 N3 N3 N3 N3 N3 N3 N3 N3 N3 N3 N3 N3 N3 N3 N3 N2 N2 N1 N2 N2 N2 N2 N2 N2 N2 N2 N2 N2 N2 N2 REM REM REM REM REM REM REM REM REM REM REM REM REM REM REM REM REM REM REM N2 N2 N2 N2 N2 N2 N2 N2 REM REM REM REM REM REM REM REM REM REM REM REM REM N2 N2 N2 N2 N2 N2 N2 N2 N2 N2 N2 N2 N2 N2 N2 N2 N2 N2 N3 N3 N2 N3 N3 N3 N3 N3 N3 N3 N3 N3 N3 N3 N3 N3 N3 N3 N3 N3 N3 N3 N3 N3 N3 N3 N3 N3 N3 N3 N3 N3 N3 N3 N3 N3 N3 N3 N3 N3 N3 N3 N3 N3 N3 N3 N3 N3 N3 N3 N3 N3 N3 N3 N3 N3 N3 N3 N3 N3 N3 N3 N3 N3 N3 N3 N3 N3 N3 N3 N3 N3 N3 N3 N3 N3 N3 N3 N3 N3 N3 N3 N3 N3 N3 N3 N3 N3 N1 N1 N2 N2 N2 W W W N1 N2 N2 N2 N2 N2 N2 N2 N2 N2 N2 N2 N2 N2 N2 N2 N2 N2 N2 W W N1 N1 N2 N2 N2 N2 N2 N2 N2 N2 N2 N2 REM REM REM REM REM REM REM REM REM REM REM REM REM REM REM REM REM REM REM REM REM REM REM REM REM REM REM REM REM REM REM REM REM REM REM REM REM REM REM REM REM REM REM REM REM REM REM REM N1 N1 N2 N1 N2 N2 N2 N2 N2 N2 N2 N2 N2 N2 N2 N2 N2 N2 N2 N2 N2 N2 N2 N2 N2 N2 N2 N2 N2 N2 N2 N2 N2 N2 N2 N2 N2 N2 N2 N2 N2 N2 N2 N2 N2 N2 N2 N2 N2 N2 N2 N2 N2 N2 N2 N2 N2 N2 N2 N2 N2 N2 N2 N2 N2 N2 N2 N2 N2 N2 N2 N2 N2 N2 N2 W W N1 N2 N2 N2 N2 N2 N2 W N1 N2 N2 N2 N2 N2 N2 N2 N2 N2 N2 N2 N2 N2 N2 N2 N2 N2 N2 N2 W N1 N2 N2 N2 W N1 N2 N2 N2 N2 W N1 N2 N2 N2 N2 N2 N2 N2 N2 N2 N2 N2 N2 N2 N1 N2 N2 N2 N2 N2 N2 N2 N2 N2 N2 N2 N2 N2 N2 N2 W N2 N2 N2 N2 N2 N2 N2 N2 N2 N2 N2 REM REM REM REM REM REM REM REM REM REM REM REM REM REM REM REM REM REM REM REM REM REM REM REM REM REM REM REM REM REM REM REM REM REM REM REM REM REM REM REM REM REM REM REM REM REM REM REM REM REM REM REM REM REM REM REM REM REM REM REM REM REM REM REM REM REM REM REM REM REM REM REM REM REM REM REM REM REM REM REM REM REM N1 N1 N1 N2 N2 N2 W N1 N1 N2 N2 N2 N2 N2 N2 N2 N2 N2 N2 N2 N2 N2 N2 N2 N2 N2 N2 N2 N2 N2 N2 N2 N2 N2 N2 N2 N2 N2 N2 N2 N2 N2 N2 N2 N2 N2 N2 N2 N2 N2 N2 N2 N2 N2 N2 N2 N2 N2 N2 N2 N2 N2 N2 N2 N2 N2 N2 N2 N2 N2 N2 N2 N2 N2 N2 N2 N2 N1 N1 N1 N2 N2 N2 N2 N2 N2 N2 N2 N2 N2 N2 N2 N2 N2 N2 N2 N2 N2 N2 N2 N2 N2 N1 N2 N2 N2 N2 N2 N2 N2 N2 N2 REM REM REM REM N2 REM REM REM REM REM REM REM REM REM REM REM REM REM REM REM REM N1 REM REM REM REM REM REM REM REM REM REM REM REM REM REM REM REM REM REM N1 N1 N1 N1 N1 N2 N2 N2 N2 N2 N2 N2 N2 N2 N2 N2 N2 N2 N2 N2 N2 N2 N2 N2 N2 N2 N2 W N1 N1 N1 N1 N1 N1 W N1 W N1 N1 N1 N1 N2 N2 N2 N2 N2 N2 W W N1 N1 N2 N1 N1 N2 N2 N2 N2 N2 N2 N2 N1 N1 N2 N2 W W W W N1 N1 N1 W W N1 N1 N1 N1 N1 N2 N2 N2 N2 N2 N2 N2 N2 N2 N2 N2 W N1 N1 N1 N2 N2 N2 N2 N2 N2 N2 N2 N2 N2 N2 N2 N2 W N1 N2 N2 N2 N2 N2 N2 N2 N2 N2 N2 N2 N2 N2 N2 N2 N2 N2 N2 W W W,processed_sleepedf/spectral/ST7191J0-PSG_spectral.pt
processed_sleepedf/tensors/ST7192J0-PSG.pt,W W W W W W W W W W W N1 N1 N1 N1 N1 N1 N1 N1 N2 N2 N2 N2 N2 N2 N2 N2 N2 N2 N2 N2 N2 N2 N2 N2 N2 N2 N2 N2 N2 N2 N2 N2 N3 N2 N3 N3 N2 N2 N2 N3 N3 N3 N2 N3 N3 N3 N3 N3 N3 N3 N3 N3 N3 N3 N3 N3 N3 N3 N3 N3 N3 N3 N3 N3 N3 N3 N3 N3 N3 N3 N3 N3 N3 N3 N3 N3 N3 N3 N3 N3 N3 N3 N3 N3 N3 N3 N3 N3 N3 N3 N3 N3 N3 N3 N3 N3 N3 N3 N3 N3 N3 N3 N3 N3 N2 N2 N2 N2 N2 N2 N2 N2 N2 N2 REM REM REM REM REM REM REM REM REM REM REM REM REM REM REM REM REM REM REM REM REM REM REM REM REM REM REM REM REM REM N2 N2 N2 N2 N2 N2 N2 N2 N2 N2 N2 N2 N2 N2 N2 N2 N2 N2 N2 N2 N2 N2 N2 N2 N2 N2 N2 N2 N2 N2 N2 N2 N2 N2 N2 N2 N2 N2 N2 N2 N2 N2 N2 N3 N2 N3 W W N1 N1 N2 N2 N2 N2 N2 N2 N2 N2 N2 N2 N2 N2 N2 N2 N2 N2 N2 N2 N2 N2 N2 N2 N2 N2 N2 N2 N2 N2 N2 N2 N2 N2 N2 N2 N2 N2 N2 N2 N2 N2 N2 N2 N2 N2 N2 N2 N2 N2 N2 N2 N2 N2 N2 N2 N2 N2 N2 N3 N2 N3 N3 N3 N3 N3 N2 N3 N3 N3 N3 N2 N2 N2 N2 N2 N2 N2 N2 N2 N2 N2 N2 N2 N3 N2 N3 N3 N3 N2 N3 N2 N3 N2 N2 N2 N3 N3 N3 N3 N3 N3 N3 N3 N3 N3 N3 N3 N3 N3 N3 N3 N3 N3 N2 N3 N3 N3 N3 N3 N3 N3 N3 N3 N2 N2 N2 N2 N2 N2 N2 N2 REM REM REM REM REM REM REM REM REM REM REM REM REM REM REM REM REM REM REM REM REM REM REM REM REM REM REM REM REM REM REM REM REM REM REM REM REM REM REM REM REM REM REM REM REM REM REM N2 N2 N2 N2 N2 N2 N2 N2 N2 N2 N2 N2 N2 N2 N2 N2 N2 N2 N2 N2 N2 N2 N2 N2 N2 N2 N2 N2 N2 N2 N2 N2 N2 N2 N2 N2 N2 N2 N2 N2 N2 N2 N2 N2 N2 N2 N2 N2 N2 N2 N2 N2 N2 N2 N2 N2 N2 N2 N2 N2 N2 N2 N2 N2 N2 N2 N2 N2 N2 N2 N2 N2 N2 N2 N2 N2 N2 N2 N2 N2 N2 N2 N2 N2 N2 N2 N2 W N1 N2 N2 N2 N2 N2 N2 N2 N2 N2 N2 N2 N2 N2 N2 N2 N2 N2 N2 N2 N2 N2 N2 N2 N2 N2 N2 N2 N2 N2 N2 N2 N2 N2 N2 N2 N2 N2 N2 N1 N2 N2 N2 N2 N2 N2 N2 N2 N2 N2 N2 N2 N2 N2 N2 N2 N2 N2 N2 N2 N2 N2 N2 N2 N2 N2 N2 N2 N2 N2 N2 N2 N2 N2 N2 N2 N2 N2 N2 N2 N2 N2 N2 N2 N2 N2 N2 N2 N2 W W N1 N2 N2 N2 N2 N2 N2 N2 N2 REM REM REM REM REM REM REM REM REM REM REM REM REM REM REM REM REM REM REM REM REM REM REM REM REM REM REM REM REM REM REM REM REM REM REM REM REM REM REM REM REM REM REM REM REM REM REM REM REM REM REM REM REM REM REM REM REM REM REM REM REM REM REM REM N1 N1 N2 N2 N2 N2 N2 N2 N2 N2 N2 N2 N2 N2 N2 N2 N2 N2 N2 N2 N2 N2 N2 N2 N2 N2 N2 N2 N2 N2 N2 N2 N2 N2 N2 N2 N2 N2 N2 N2 N2 N2 N2 N2 N2 N2 N2 N2 N2 N2 N2 N2 N2 N2 N2 N2 N1 N2 N2 N2 N2 N2 N2 N2 N2 N2 N2 N2 N2 N2 N2 N2 N2 N2 N2 N2 N2 N2 N2 N2 N2 N2 N2 N2 N2 N2 N2 N2 N2 N2 N2 N2 N2 N2 N2 N2 N2 N2 N2 N2 N2 N2 N2 N2 N2 N2 N2 N2 N2 N2 N2 N2 N2 REM REM REM REM REM REM REM REM REM REM REM REM REM REM REM REM N1 REM REM REM REM REM REM REM REM REM REM REM REM REM REM REM REM REM REM REM REM REM REM REM REM REM REM REM REM REM REM REM REM N2 N2 N2 N2 N2 W N1 N1 N2 N2 N2 N2 N2 N2 N2 N2 N2 N2 N2 N2 N2 N2 N2 N2 N2 N2 N2 N2 N2 N2 N2 N2 N2 N2 N2 N2 N2 N2 N2 N2 N2 N2 N2 N2 N2 N2 N2 N2 N2 N2 N2 N2 N2 W N1 N1 N2 N2 N2 N2 N2 N2 N2 N2 N2 N2 N2 N2 N2 N2 N2 N2 N2 N2 N2 N2 N2 N2 N2 N2 N2 N2 N2 N2 N2 N2 N2 N2 N2 REM REM REM REM REM REM REM REM REM REM REM REM REM REM REM REM REM REM REM REM REM REM REM REM REM REM REM REM REM REM REM REM REM REM REM REM REM REM REM REM REM REM REM W W W,processed_sleepedf/spectral/ST7192J0-PSG_spectral.pt
processed_sleepedf/tensors/ST7201J0-PSG.pt,N1 N1 N1 N1 N1 N1 N1 N1 N1 N1 N1 N1 N1 N2 N2 N2 N2 N2 N2 N2 N2 W N1 N1 N2 N2 N2 N2 N2 N2 N2 N2 N2 N2 N2 N2 N2 N2 N3 N3 N2 N3 N3 N3 N2 N3 N3 N2 N3 N3 N3 N3 N2 N3 N3 N3 N3 N3 N3 N2 N3 N2 N3 N3 N2 N3 N3 N3 N3 N2 N3 N3 N3 N3 N3 N3 N3 N2 N3 N3 N3 N3 N3 N3 N3 N3 N3 N3 N3 N3 N3 N3 N3 N2 N3 N3 N3 N3 N3 N3 N3 N3 N3 N3 N3 N3 N3 N3 N3 N3 N3 N3 N3 N3 N3 N3 N3 N3 N3 N3 N3 N3 N3 N3 N3 N3 N3 N3 N3 N3 N3 N3 W W N1 N2 N2 N2 N2 N2 N2 N2 N2 N2 N2 N2 N2 N2 N2 N2 N2 N2 N2 N2 N2 N2 N2 N2 N2 N2 N2 N2 N2 N2 N2 N2 N2 N2 N2 N2 N2 N2 N2 N2 N2 N2 N2 N2 N2 N2 N2 N2 N2 REM REM REM REM N2 N2 N2 N2 N2 N2 N2 N2 N2 N2 N2 N2 N2 N2 N2 N2 N2 N2 N2 N2 N2 N2 N2 N2 N2 N2 N2 N2 N2 N2 N2 N2 N2 N2 N2 N2 N2 N2 N2 N2 N2 N2 N2 N2 N2 N2 N2 N2 N2 N2 N2 N2 N2 N2 N2 N2 N2 N2 N2 N2 N2 N2 N2 N2 N2 N3 N2 N2 N2 N2 N1 N2 N2 N2 N2 N2 N2 N2 N2 N2 N2 N2 N2 N2 N2 N2 N2 N2 N2 N2 N2 N2 N2 N2 N2 N2 N2 N2 N2 N2 N2 N3 N3 N3 N2 N2 N2 N2 N2 N2 N2 N2 N2 N2 N2 N2 N2 N2 N2 N2 N2 N2 N2 N2 N2 N2 N2 N2 N2 N2 N2 N2 N2 N2 N2 N2 N2 N2 N2 N2 N2 N2 N2 N2 N2 N2 N2 N2 N2 N2 N2 N2 N2 N3 N2 N2 N2 N2 N2 N2 N2 N1 N1 N2 N2 N2 N1 N2 N2 N2 N2 N2 N2 REM REM REM REM REM REM REM REM REM REM REM REM REM REM REM W N1 N1 N2 N2 N2 N2 N2 REM REM REM REM REM REM REM REM REM REM REM REM REM REM REM W N1 REM REM REM REM REM REM REM N1 N2 N2 N2 N2 N2 N2 N2 N1 N2 N2 N2 N2 N2 N2 N2 N2 N2 N2 N2 N2 N2 N2 N2 N2 N2 N2 N2 N2 N2 N2 N2 N2 N2 N2 N2 N2 N2 N2 N2 N2 N2 N2 N2 N2 N2 N2 N2 N2 N2 N2 N2 N1 N1 N2 N2 N2 N2 N2 N2 N2 N2 N2 N2 N2 N2 N2 N2 N2 N2 N2 N2 N3 N2 N2 N2 N2 N2 N2 N2 N2 N2 N2 N2 N2 N2 N2 N2 N2 N2 N2 N2 N2 N2 N2 N2 N2 N2 N2 N2 N2 N2 N2 N2 N2 N2 N2 N3 W N1 N1 N2 N2 N2 N2 N2 N2 N2 N2 N2 N2 N2 N2 N2 N2 N2 N2 N2 N2 N2 N2 N2 N2 N2 N2 N2 N2 N2 N2 N2 N3 N2 N1 N2 N2 N2 N2 N2 N2 N2 N2 N2 N2 N2 N2 N2 N2 N2 N2 N2 N2 N2 N2 REM REM REM REM REM REM REM REM REM REM REM REM REM REM REM REM REM REM REM REM REM REM REM REM W W N1 N1 N1 N1 N1 N1 N2 N2 N2 N2 N2 N2 N2 N1 N2 N2 N2 N2 N1 W W W N1 N1 N1 N1 N1 N1 N1 N2 N2 N2 N2 N1 N1 N2 N2 N2 N2 N2 N2 N2 N2 N2 N2 N2 N2 N2 N2 N2 N2 N2 N2 N2 N2 N2 N2 N1 N2 N2 N1 N2 N2 N2 N2 N2 N2 N1 N2 N2 N2 N2 N2 N2 N2 N2 N2 N2 N2 N2 N2 N2 N2 N2 N2 N2 N2 N2 N2 N2 N2 N2 N2 N2 N2 N2 N2 N2 N2 N2 N2 N2 N2 N2 N2 N2 N2 N2 N2 N2 N2 N2 N2 N2 N2 N2 N2 N2 N2 N2 N2 N2 N2 N2 N2 N2 N2 N2 N2 N2 N2 W N1 N1 N2 N2 N2 REM REM REM REM REM REM REM REM REM REM REM REM REM REM REM REM REM REM REM REM REM REM REM REM REM REM REM REM REM REM REM REM REM REM REM REM REM REM REM REM REM REM REM REM REM REM REM REM REM REM REM REM REM REM REM REM W N1 N1 N1 N1 N1 N1 N1 REM REM REM REM REM REM REM REM REM REM REM W N1 N1 N1 N1 N1 N1 N1 N2 N2 N2 N2 N2 N2 N2 N2 N2 N2 N2 N2 N2 N2 N2 N2 N2 N2 N2 N2 N2 N2 N2 N2 N2 N2 N2 N1 N2 N2 N2 N2 N2 N2 N2 N2 N2 N2 N2 N2 N2 N2 N2 N2 N2 N2 N2 N2 N2 N2 N2 N2 N2 N2 N2 N2 N2 N2 N2 N2 N2 N2 N2 N2 N2 N2 N2 N2 N2 N2 N2 N1 N1 N2 N2 N2 N2 N2 N2 N2 N2 N2 N2 N2 N2 N2 N2 N2 N2 N2 N2 N2 N2 N2 N2 N2 N2 N2 N2 REM REM N2 N2 W W,processed_sleepedf/spectral/ST7201J0-PSG_spectral.pt
processed_sleepedf/tensors/ST7202J0-PSG.pt,N1 N1 W N1 N1 N1 N1 N2 N2 N2 N2 N2 N2 N2 N2 N2 N2 N2 N2 N2 N2 N2 N2 N2 N2 N2 N2 N2 N2 N2 N2 N2 N2 N2 N2 N2 N2 N2 N2 N2 N2 N2 N2 N2 N2 N2 N2 N2 N2 N2 N2 N2 N2 N2 N3 N2 N2 N2 N2 N2 N2 N2 N3 N2 N3 N3 N2 N3 N3 N2 N2 N2 N2 N2 N2 N2 N2 N2 N2 N2 N2 N3 N3 N2 N3 N3 N3 N2 N2 N2 N2 N2 N2 N2 N2 N2 N2 N3 N2 N3 N2 N2 N2 N2 N2 N2 N2 N2 N2 N3 N3 N2 N3 N3 N3 N2 N3 N2 N2 N2 N2 N2 N2 N2 N3 N2 N2 N2 N3 N3 N3 N3 N2 N2 N3 N2 N2 N2 N2 N3 N2 N3 N2 N3 N2 N2 N2 N2 N2 N3 N1 N2 N2 N2 N2 N2 N2 N2 N2 N2 N2 N2 N2 N2 N2 N2 N2 N2 N2 N2 N2 N2 N2 N2 N2 N2 N2 N2 N2 REM REM REM REM REM N2 N2 N2 N2 N2 N2 N2 N2 N2 N2 N2 N2 N2 N2 N2 N2 N2 N2 N2 N2 N2 N2 N2 N2 N2 N2 N2 N2 N2 N2 N2 N2 N2 N2 N2 N2 N2 N2 N2 N2 N2 N2 N2 N2 N2 N2 N2 N2 N2 N2 N2 N2 N2 N2 N2 N2 N2 N2 N2 N2 N2 N2 N2 N2 N2 N2 N2 N2 N2 N2 N2 N2 N3 N2 N2 N2 N2 N2 N2 N2 N2 N2 N2 N2 N3 N2 N2 N2 N2 N3 N2 N2 N2 N2 N2 N2 N2 N2 N2 N3 N2 N3 N2 N3 N2 N2 N2 N3 N2 N2 N2 N2 N2 N2 N3 N3 N2 N2 N3 N3 N2 N2 N2 N3 N2 N2 N2 N2 N3 N2 N2 N2 N3 N2 N2 N2 N2 N2 N2 N2 N2 N2 N3 W N1 N2 N2 N2 N2 N2 N2 N2 N2 N2 N2 N2 N2 N2 N2 N2 N2 N2 N2 N2 N2 N2 N2 N2 N2 N2 N2 N2 N2 N2 N2 N2 N2 N2 N2 N2 N2 N2 N2 N2 N2 REM REM REM REM REM REM REM REM REM REM REM REM REM REM REM REM REM REM REM REM REM REM REM REM REM REM REM REM N2 N2 N2 N2 N2 N2 N2 N2 N2 N2 N2 N2 N2 N2 N2 N2 N2 N2 N2 N2 N2 N2 N2 N2 N2 N2 N2 N2 N2 N2 N2 N2 N2 N2 N2 N2 N2 N2 N2 N2 N2 N2 N2 N2 N2 N2 N2 N2 N2 N2 N2 N2 N2 N2 N2 N2 N2 N2 N2 N2 N2 N2 N2 N2 N2 N2 N2 N2 N2 N2 N2 N2 N2 N2 N2 N2 N2 N2 N2 N2 N2 N2 N2 N2 N2 N2 N2 N2 N2 N2 N2 N2 N2 N2 N2 N2 N2 N2 N2 N2 N2 N2 N2 N2 N2 N2 N2 N2 N2 N2 N2 N2 N2 N2 N2 N2 N2 N2 N2 W N1 N2 N2 N2 N2 N2 N2 N2 N2 N2 N2 N2 REM REM REM N1 N1 N2 N2 N2 N2 W N1 N1 N2 N2 N2 REM REM N2 W W N1 N2 N2 N2 N2 N2 N2 N2 REM REM REM REM REM REM REM REM W N1 N2 N2 N2 N2 N2 N2 N1 N2 N2 N2 N2 N2 N2 N2 N2 N2 N2 REM REM REM N1 N2 N2 N2 N2 REM REM REM REM REM REM REM REM N1 N2 N2 N2 N2 N2 N2 N2 N2 N2 N2 N2 N2 N2 N2 N2 N2 N2 N2 N2 N2 N2 N2 N2 N2 N2 N2 N2 N2 N2 N2 N2 N2 N2 N2 N2 N2 N2 N2 N2 N2 N2 N2 N1 N2 N2 N2 N2 N2 N2 N2 N2 N2 N2 N2 N2 N2 N2 N2 N2 N2 N2 N2 N2 N2 N2 N2 N2 N2 N2 N2 N2 N2 N2 N2 N2 N2 N2 N2 N2 N2 N2 N2 N2 N2 N2 N2 N2 N2 N2 N2 N2 N2 N2 N2 N2 N2 N2 N2 N2 N2 N2 N2 N2 N2 N2 N1 N1 N2 N2 N2 N2 N2 N2 N2 N2 N2 N2 N2 N2 N2 N2 N2 N2 N2 N2 N2 N2 N2 N2 N2 N2 N2 N2 N2 N2 N2 N2 N2 N2 N2 N2 W N1 N1 N1 W W W W N1 W N1 N1 N2 N2 REM REM REM REM REM REM REM REM REM REM REM REM REM REM REM REM REM REM REM REM REM REM REM REM REM REM REM REM REM REM REM REM REM REM REM REM REM REM REM REM REM REM REM REM REM REM REM REM REM REM REM REM REM REM REM REM REM REM REM REM REM REM REM REM REM REM REM REM REM REM REM REM REM REM REM REM REM REM REM REM W W N1 N1 REM REM REM REM REM REM REM REM REM REM REM REM REM REM REM REM N1 REM REM REM REM REM REM REM REM REM REM REM REM REM REM REM REM REM REM REM REM REM N1 N1 N1 N1 N2 N2 N2 N2 N2 N2 N2 N2 N2 N2 W W W W W W,processed_sleepedf/spectral/ST7202J0-PSG_spectral.pt
processed_sleepedf/tensors/ST7211J0-PSG.pt,W W W W W W W W W W W W W W W W W W W W W W W W W W W W W W W W W W W W W W W W W W W W W W W W W W W W W W W W W W W W N1 W W W W W W W W W W W W W W W W W W W W W N1 W W N1 N1 N1 N1 N2 N2 N2 N2 N2 N2 N2 N2 N2 N2 N2 N2 N2 N2 N2 N2 N2 N2 N3 N2 N2 N2 N2 N2 N2 N2 N3 N3 N3 N2 N3 N3 N3 N3 N3 N3 N2 N2 N2 N2 N3 N3 N2 N3 N1 N2 N2 N3 N3 N3 N3 N3 N3 N3 N3 N3 N3 N3 N3 N3 N3 N3 N3 N3 N3 N3 N3 N3 N3 N3 N3 N3 N3 N3 N3 N3 N3 N3 N3 N3 N3 N3 N3 N3 N3 N3 N3 N3 N3 N3 N3 N3 N3 N3 N3 N3 N3 N3 N3 N3 N3 N3 N3 N3 N3 N3 N3 N3 N3 N3 N3 N3 N3 N3 N3 N3 N3 N3 N3 N3 N3 N3 W N1 N1 N2 N2 N2 N2 N2 N2 N2 N2 N2 N2 N2 N2 N2 N2 N2 N2 N2 N2 N2 N2 N2 N2 N2 N2 N2 N2 N2 N2 N2 N2 N2 N2 N2 N2 N2 REM REM REM N2 N2 N2 N2 N2 N2 N2 N2 N2 N2 N2 N2 N2 N2 N2 N2 N2 N2 N2 N2 N2 N2 N2 N2 N2 N2 N2 N2 N2 N2 N2 N2 N2 N2 N2 N2 N3 N2 W N1 N2 N2 N2 N2 N2 N2 N2 N2 N2 N2 N2 N2 N2 N2 N2 N3 N2 N2 N2 N2 N3 N2 N2 N3 N2 N2 N3 N3 N3 N3 N3 N3 N3 N3 N2 N3 N3 N3 N3 N3 N3 N3 N3 N3 N3 N3 N3 N3 N3 N3 N3 N3 N3 N3 N3 N3 N1 N2 N2 N2 N2 N2 N2 N2 N2 N2 N2 N2 N2 N2 N2 N2 N2 N2 N2 N2 N2 N2 N2 REM REM REM REM REM REM REM REM REM REM REM REM REM REM REM REM REM REM REM REM REM REM REM REM REM REM REM REM REM REM REM REM REM REM REM REM REM N2 N2 N2 N2 N2 N2 N2 N2 N2 N2 N2 N2 N2 N2 N2 N1 N1 W W W N1 N1 N1 N1 N1 N2 N2 N2 N2 N2 N2 N2 N2 N2 N1 N2 N2 N2 N2 N2 N2 N2 N2 N2 N2 N2 N2 N2 N2 N2 N2 N2 N2 N2 N2 N2 N2 N2 N2 N2 N2 N2 N2 N2 N2 N2 N2 N2 N2 N2 N2 N2 N2 N2 N2 N3 N2 N3 N1 N2 N2 N2 N2 N2 N2 N2 N2 N2 N3 N2 N3 W N1 N2 N2 N2 N2 N2 N2 N2 N2 N2 N2 N2 N2 N2 N2 N2 N2 N3 N2 N3 N2 N3 N3 N2 N2 N2 N2 N3 N2 N3 N2 N3 N3 N2 N3 N3 N2 N3 N3 N3 N3 N3 N3 N2 N2 N3 N3 N2 N2 N3 N3 N3 N2 N2 N3 N3 N3 N2 N1 W W N1 N2 N2 N2 N2 N2 N2 N2 REM REM REM REM REM REM REM REM REM REM REM REM REM REM REM REM REM REM REM REM REM REM REM REM REM REM REM REM REM REM REM REM REM REM REM REM REM REM REM REM REM REM N2 N2 N2 N2 N2 N2 N2 N2 N2 N2 N2 N2 N2 N2 N1 N2 N2 N2 N2 N2 N2 N2 N2 N2 N2 N2 N2 N2 N2 N2 N2 N2 N2 N2 N2 N2 N1 N2 N2 N2 N2 N2 N2 N2 N2 N2 N2 N2 N2 N2 N2 N2 N2 N2 N2 N2 N2 N2 N2 N2 N2 N2 N1 N2 N2 N2 N2 N2 N2 N2 N2 N2 N2 N2 N2 N2 N2 N2 N2 N2 N2 N2 N2 N2 N2 N2 N2 N2 N2 N2 N2 N2 N2 N2 W W W W W W W N1 N2 N2 N2 N2 N2 N2 N2 N2 N2 N2 N2 N2 N2 N2 N2 N2 N2 N2 N2 N2 N2 N2 N2 N2 N2 N2 N2 N2 N2 N2 N2 N2 N2 N2 N2 N2 N2 N2 N2 N2 N2 N2 N2 N2 N2 N2 N2 N2 N2 N3 N2 N2 N2 N2 N2 N2 N2 N2 N2 N2 N2 N2 N2 N2 N2 N2 N3 W W W W W W W W W W N1 N1 N1 W N1 N1 N2 N2 N2 N2 N2 N2 REM REM REM REM REM REM REM REM REM REM REM REM REM REM W N1 W REM REM REM REM W N1 REM REM REM REM REM REM REM REM REM REM REM REM REM REM REM REM REM REM REM REM REM REM REM REM REM REM REM REM REM REM REM W N1 N1 N1 N1 W N1 N1 N1 N2 N1 N2 N2 N1 N2 N2 N2 N1 N2 N2 N2 W W W W W W W N1 N1 N1 N1 N1 N1 N1 N2 N2 N2 N2 N2 N2 N2 N2 N2 N2 N2 N2 N2 N2 N2 N2 N2 N2 N2 N2 N2 N2 N2 N2 N2 N2 N2 N2 N2 N2 N2 N1 N2 N2 N2 N2 N2 N2 N2 N2 N2 N2 N2 N2 N2 N2 N2 N2 N2 N2 N2 N2 N2 N2 N2 N2 N2 N2 N2 N2 N2 N2 N2 N2 N2 N1 N2 N2 N2 N2 N2 N2 N2 N2 N2 N2 N2 N2 N2 N2 N2 N2 N2 N2 N2 N2 N2 N2 N2 N2 N2 N2 N2 N2 REM REM REM REM REM REM REM REM REM REM REM REM REM REM REM REM REM REM REM REM REM REM REM REM REM W W W N1 N1 N1 N1 N1 N1 N1 N2 N2 N2 N2 N2 N2 N2 N2 N2 W W W W W W W W W W W W W W W W W W W W W W W W W W W W W W W W W W,processed_sleepedf/spectral/ST7211J0-PSG_spectral.pt
processed_sleepedf/tensors/ST7212J0-PSG.pt,W W W W W W W W W W W W W W W W W W W W W W W W W W W W W W W W W W W W W W W W W W W N1 N1 N1 N1 W W W N1 W N1 N1 N1 N1 W N1 N1 W N1 N1 N1 N1 N1 N2 N2 N2 N2 N2 N2 N2 N2 N2 N2 N2 N2 N2 N2 N2 N2 N2 N2 N3 N3 N2 N3 N3 N3 N3 N3 N3 N3 N3 N3 N3 N3 N3 N3 N3 N3 N3 N3 N3 N3 N3 N3 N3 N3 N3 N3 N3 N3 N3 N3 N3 N3 N3 N3 N3 N3 N3 N3 N3 N3 N3 N3 N3 N3 N3 N3 N3 N3 N3 N3 N3 N3 N3 N3 N3 N3 N3 N3 N3 N3 N3 N3 N3 N3 N3 N3 N3 N3 N3 N3 N3 N3 N3 N3 N3 N3 N3 N3 W W W N1 N1 N1 N2 N2 N2 N2 N2 N2 N2 N2 N2 N2 N2 N2 N2 N2 N2 N2 N2 N2 N2 N2 N2 N2 N2 N2 N2 N2 N2 N2 N2 N2 REM REM REM REM REM REM REM REM REM REM REM REM REM REM REM REM REM REM REM REM REM REM REM REM REM REM REM REM REM REM REM REM REM REM REM REM REM REM REM REM REM REM REM REM REM REM N2 N2 N2 N2 N2 N2 N2 N2 N2 N2 N2 N2 N2 N2 N2 N2 N2 N2 N2 N2 N2 N2 N2 N2 N2 N3 N2 N2 N2 N3 N3 N2 N3 N3 N3 N3 N3 N3 N3 N3 N3 N3 N3 W N1 W W W W N1 W N1 N1 N2 N2 N2 N2 N2 N2 N2 N2 N2 N2 N2 W N1 N2 W N1 N1 N2 N3 N2 N2 N2 N2 N2 N2 N2 N2 N2 N2 N2 W N1 N2 N1 N1 N2 N2 N2 N2 N2 N2 N2 N2 N2 N2 N2 N2 N2 N2 N2 N3 N2 N3 N3 N3 N2 N3 N3 N3 N3 N3 N3 N3 N3 N3 N3 N3 N3 N3 N3 N3 N3 N3 N3 N3 N3 N3 N3 N3 N3 N3 N3 N3 N3 N3 N3 N3 N3 N3 N3 N3 N3 N3 N3 N3 N3 N3 N3 N3 N3 N3 N3 N3 N3 N3 N3 N3 N3 N3 N3 N3 N3 N3 N3 N3 N3 N3 N3 N3 N3 N3 N3 N3 N3 N3 N3 N3 N3 N3 N3 N3 N3 N3 N3 N3 N3 N3 N3 N3 N3 N3 N3 N3 N3 N3 N3 N3 N3 N3 N3 N3 N3 N3 N3 N3 N3 W N1 N1 N1 N1 N1 N2 N2 N2 REM REM REM REM REM REM REM REM REM REM REM REM REM W W W N1 N1 N1 N1 N1 N2 REM N1 N1 N1 N2 N2 REM REM REM N2 N2 N2 N2 N2 N2 N2 N2 N2 N2 N1 N1 N2 N2 N2 N2 N2 N2 N2 N2 N2 N2 N2 N2 N2 N2 N2 N1 N2 N2 W W N1 N1 N1 N1 N2 N2 N2 N1 W W W W W W N1 N1 N1 N1 N1 N1 N1 N2 N2 N2 N2 N2 N2 N2 N2 N2 N2 N2 N2 N2 N2 N2 N2 N2 N2 N2 N2 N2 N2 N2 N2 N2 N2 N2 N2 N2 N2 N2 N2 W N1 N2 N2 N1 N1 N2 N2 N2 N2 N2 N2 N2 N2 N2 N2 N2 N2 N2 N2 N2 N2 N2 N2 N2 N2 W W W W W W W N1 N1 N1 N1 N1 N2 N2 N2 N2 N2 N2 N2 N2 N2 N2 N2 N2 N2 N2 N2 N2 N2 N2 N2 N2 N2 N2 N1 N2 N2 N2 N2 N2 N2 N2 N2 N2 N2 N2 N2 N2 N2 N2 N2 N2 N2 N2 N2 N2 N2 N2 N2 N2 N2 N2 REM REM REM N1 REM REM REM REM REM REM REM REM REM REM REM REM REM REM REM REM REM REM REM REM REM REM REM REM REM REM REM REM REM REM REM REM REM REM REM REM REM REM REM REM REM REM REM REM REM REM REM REM REM REM REM REM REM W W N1 N1 N1 N1 N1 N1 REM REM REM REM REM N1 N1 N1 N1 N1 N2 N2 N2 N2 N2 N2 N2 N2 N2 N1 N2 N2 N2 N2 N2 N2 N2 N2 N2 N2 N2 N2 N2 N2 N2 N2 N2 N2 N2 N2 N2 N2 N2 N2 N2 N2 N2 N2 N2 N2 N2 N2 N2 N2 N2 N2 N2 N2 N2 N2 N2 N2 N2 N2 N2 N2 N2 N2 N2 N2 N2 N2 N2 N2 N2 N2 N2 N2 N2 N2 N2 N2 N2 N2 N2 N2 N2 N2 N2 N2 N2 N2 N2 N2 N2 N2 N2 N2 N2 N2 N2 N2 N2 N2 N2 N2 N2 N2 N2 N2 W W W W W W W W W W W W W W W W W W W W W W W N1 N1 N1 N1 N1 N1 N1 N1 N1 W N1 N1 N1 N1 N1 N1 N1 N1 N1 W N1 N1 N1 N1 N1 N1 N1 N1 W W N1 W W W W W W W W W N1 W W W W W W W W W W W W W W W W W W W N1 N1 N1 N1 N1 N1 N1 N1 N1 N1 N1 N1 N1 N1 N1 N1 N1 N1 N1 N1 N1 N1 N1 N2 N1 W N1 N1 N1 N1 N2 N2 N2 N2 N2 N2 N2 N2 N2 N2 N2 N2 N2 N2 N2 N2 N2 N2 N2 REM REM REM REM REM REM REM REM REM REM REM REM REM REM REM REM REM REM REM REM W W W W W W W W W W W W W W W W,processed_sleepedf/spectral/ST7212J0-PSG_spectral.pt
processed_sleepedf/tensors/ST7221J0-PSG.pt,W W W W W W W W W W W W W W W W W W W W W W N1 N1 N1 N1 N1 N1 N1 N1 N1 N1 N2 N1 N1 N2 N2 N2 N2 N1 N1 N2 N2 N1 N1 N1 W N1 N1 N1 N1 N1 N1 N1 N1 N1 N1 N1 N1 N1 N1 N1 N1 N1 W N1 N1 W W N1 N1 N2 N1 N1 N1 N1 N2 N2 N1 W W W W W W W W N1 N1 N1 N1 N1 N1 N1 N1 N2 N2 N2 N2 N2 N2 N2 N1 N2 N2 N2 N2 N2 N2 N2 N2 N2 N2 N2 N2 N2 N2 N2 N2 N2 N2 N2 N2 N2 N2 N2 N2 N2 N2 N2 N2 N2 N2 N2 N2 N2 N2 N2 N2 N2 N2 N2 N2 N2 N2 N2 N2 N2 N2 N2 N2 N2 N2 N2 N2 N2 N2 N2 N2 N2 N2 N2 N2 N2 N2 N2 N2 N2 N2 N2 N2 N2 N2 N2 N2 N3 N2 N2 N2 N2 N2 N2 N2 N2 N2 REM REM REM REM REM REM REM REM REM REM REM REM REM REM REM REM REM REM REM REM REM REM REM REM REM REM REM REM REM REM REM REM REM REM REM REM REM REM REM REM REM REM REM REM REM REM REM W W W W W W W W W W W W W W W W W W W W W W N1 N1 N1 N1 N1 N1 N2 N2 N1 N1 N2 N2 N2 N2 N2 N2 N2 N2 N2 N2 N2 N2 N2 N2 N2 N2 N2 N2 N2 N2 N2 N2 N2 N2 N2 N2 N2 N2 N2 N2 N2 N2 N2 W N1 N1 W N1 N1 N1 N1 N1 N2 N2 N2 N2 N2 N2 N2 N2 N2 N2 N2 N2 N2 N2 N2 W N1 N2 N2 N2 N2 N2 N2 N2 N2 N2 N2 N2 N2 N2 N2 N2 N2 N2 N2 N1 N1 N2 N2 N2 N2 N2 N2 N2 N2 N2 N2 N2 N2 N2 N2 N2 N2 N2 N2 N2 N2 N2 N2 N2 N2 N2 N2 N2 N2 N2 N2 N2 N2 N2 N3 N2 N2 N2 N2 N2 N2 W N1 N1 N1 N1 N1 N1 N1 N1 N2 N2 N2 N2 N2 N2 N2 N2 N2 N2 N2 N2 N2 N2 N2 N2 W N1 W N1 N2 N1 N2 N2 N2 N2 N2 N2 W N1 N1 W N1 N2 N2 W N1 N2 N1 N2 N2 N2 N2 N2 N2 N2 W N1 N1 N1 N2 N1 N2 N1 N1 N1 N2 N2 N2 N2 N2 N2 N2 N2 N2 N2 N2 REM N1 N1 REM REM REM REM N1 W N1 N1 N1 N1 REM REM REM REM REM REM REM REM REM REM REM REM REM REM REM REM REM REM REM REM REM REM REM REM REM REM REM REM REM REM REM REM REM REM REM REM REM REM REM REM REM REM REM REM REM REM REM REM REM REM REM REM REM REM REM REM REM REM REM REM N1 REM REM REM REM REM REM REM REM REM REM N1 N1 REM REM REM REM REM REM REM REM REM REM REM REM REM REM REM REM REM REM W N1 N1 N1 N1 N1 N1 N1 N1 N1 N1 N1 N1 N1 N1 N1 N1 N1 N2 N2 N2 N2 N2 N2 N1 N1 N1 N1 N1 N1 N1 N1 N1 N2 N2 N2 N2 N2 N2 N2 N2 N2 N2 N2 N2 N2 N2 N2 N2 N2 N2 N2 N2 N2 N2 N2 N2 N2 N2 N2 N2 N2 N2 N2 N2 N2 N2 N2 N2 N2 W W W N1 N1 N1 N1 N1 N2 N2 N2 N2 N2 N2 N2 N2 N2 N2 N2 N2 N2 N2 N2 N2 N2 N2 N2 N2 N2 N2 N2 N2 N2 N1 N1 N2 N2 N2 N2 N2 N2 W N1 N1 N1 N2 N2 N2 N2 N2 N2 N2 N2 N2 N2 N2 N2 N2 N2 N2 N2 N2 N2 N2 N2 N2 N2 N2 N2 N2 N2 N2 N2 N2 N2 N2 N2 N2 N2 N2 N2 N2 N2 N2 N2 N2 N2 N2 N2 N2 N2 N2 N2 N2 N2 N2 N2 REM REM REM REM REM REM REM REM REM REM REM REM REM REM N1 REM REM REM REM REM W N1 N1 N1 N1 N1 N1 N1 N1 N1 N2 N2 N2 N2 N1 N1 N2 N2 N2 N2 N2 N2 N2 N2 N2 N2 N1 N1 N1 W W W W W W W W N1 N1 N1 N1 N1 N1 N1 N2 N2 N2 N2 N2 N2 N2 N2 N2 N2 N1 N1 N1 N1 N1 N1 N1 N1 N2 N2 N2 N2 W W W W W W W W W W W N1 N1 N1 N1 N1 N2 N2 N2 N2 N2 N2 N2 N1 N2 N2 N2 N2 REM REM REM REM REM REM REM REM REM REM REM REM REM REM REM REM REM REM REM REM N1 N1 N1 N1 N1 N1 REM REM REM REM REM REM REM REM REM REM REM REM REM W W W W W W N1 N1 N1 N1 N1 N1 N2 N2 N2 N2 N2 N2 N2 N2 N2 N2 N2 N2 N2 N2 N2 N2 N2 N2 N2 N2 N1 N1 N1 N1 N1 N1 N1 REM REM REM REM N1 REM REM REM REM REM N1 REM REM REM REM REM REM N1 REM REM REM N1 N1 N1 N1 REM REM REM REM REM REM REM REM REM REM REM REM REM REM REM REM REM REM REM REM REM W W W N1 N1 N1 W N1 N1 N1 N1 W N1 N1 N1 N2 N2 W W W W W W W W W W W W W W W W W W W W W W W W W W W W W W W W W W W W W W W W W W W W W W W W,processed_sleepedf/spectral/ST7221J0-PSG_spectral.pt
processed_sleepedf/tensors/ST7222J0-PSG.pt,W W W W W W W W W W W W W W W W W W W W N1 N1 N1 N1 N1 N1 W N1 N1 N1 N1 N1 N1 N1 N1 N1 N1 N1 N1 N1 N1 N1 N2 N2 N2 N2 N2 N2 N1 N2 N2 N2 N2 N2 N2 N2 N2 N2 N2 N2 N2 N2 N2 N2 N2 N2 N2 N2 N2 N2 N2 N2 N2 N2 N2 N2 N2 N2 N2 N2 N2 N1 N2 N2 N2 N2 N2 N2 N2 N2 W N1 N2 N2 N2 N2 N2 N2 N2 N2 N2 N2 N2 N2 N2 N2 N2 N2 N2 N2 N2 N2 N2 N2 N2 N2 N2 N2 N2 N2 N2 N2 N2 N2 N2 N2 W N1 N2 N2 N2 N2 N2 N2 N2 N2 N2 N2 N2 REM REM REM REM REM REM REM REM REM REM REM REM REM REM REM REM REM REM REM REM REM REM REM REM REM REM REM REM REM W W N1 N1 N1 N1 W N1 N1 N1 N1 N2 N1 N1 N2 W N1 N1 N1 N2 N2 N2 N2 N2 N2 N2 N2 N2 N2 N2 N2 N2 N1 N1 N2 N1 N2 N1 N1 N1 N1 N1 N2 N2 N1 N1 N1 N2 N1 N2 N2 N2 N1 N1 N2 N2 W N1 N1 N2 N2 N1 N1 N2 N2 N2 N1 N1 N1 N1 N2 N2 N2 N2 N2 N2 N2 N2 N2 N2 N2 N2 N2 N2 N2 N2 N2 N2 N2 N2 N2 N2 N2 N2 N1 W N1 N1 N1 N1 N1 N1 N1 N1 N1 N2 N2 N2 N2 W N1 N1 N2 N2 N2 N2 N2 N2 N2 N2 N2 REM REM REM REM REM REM REM REM REM REM REM REM REM REM REM REM REM REM REM REM N1 REM REM REM REM REM REM REM REM REM REM REM REM REM REM REM REM REM REM REM REM REM REM REM REM REM N1 REM REM REM REM REM REM REM REM N1 N2 N2 N2 N2 N2 N2 N2 N2 N2 N2 N2 N2 N2 N2 N2 N2 N2 N2 N2 N2 N2 N2 N2 N2 N2 N2 N2 N2 N2 N2 N2 N2 N2 N2 N2 N2 N2 N2 N2 N2 N2 N2 N2 N2 N2 N2 N2 N2 N2 N2 N2 N2 N2 N2 N2 N2 N2 N2 N2 N2 N2 N2 N2 N2 N2 N2 N2 N2 N2 N2 N2 N2 N2 N2 N2 N2 N2 N2 N2 N2 N2 N1 N1 N1 N2 N2 N2 N2 N2 N2 N2 N2 N2 N2 N2 N2 N2 W N1 N2 N2 N2 N2 N2 N2 N2 N2 N2 N2 N2 N2 N2 N2 N2 N2 N2 N2 N2 N2 N2 N2 N2 N2 N2 N2 N2 N2 N2 N2 N2 N2 N2 N2 N2 N2 N2 N2 N2 N2 N2 N1 N1 N1 N1 N1 N2 N1 N1 N2 N2 N2 N2 N2 N2 N2 W N1 N2 N2 N2 N2 N2 N2 REM REM REM REM REM REM REM REM REM REM REM N1 REM REM REM REM REM REM REM REM REM REM N1 REM REM REM REM REM REM REM REM REM N1 N1 N1 REM REM REM REM N1 REM REM W N1 N1 N1 N1 N1 REM N1 N1 REM REM REM REM REM REM REM REM REM REM REM REM REM REM REM REM W N1 W N1 N1 N1 N1 N1 N1 N1 N2 N2 N2 N2 N2 N2 N2 N2 N2 N1 N1 N2 N2 N2 N2 N2 N2 N2 N2 N2 N2 N2 N2 N2 N2 N2 N1 N2 N2 N2 N2 N2 N2 N2 N2 N2 N2 N2 N2 N2 N2 N2 N2 N2 N2 N2 N2 N2 N2 N2 N2 N2 N2 N2 N2 N2 N2 N2 N2 N2 N2 N2 N2 N2 N2 N2 N2 N2 N2 N2 N2 N1 N1 N1 N1 N1 N1 N2 N2 N2 N2 N2 N2 N2 N2 N2 N2 N2 N2 N2 N2 N2 N2 N2 N2 N2 N2 N2 N2 N2 N2 REM REM REM REM REM REM N1 REM REM REM REM N1 REM REM N1 REM REM REM REM N1 REM REM REM REM REM REM REM REM REM REM REM REM W N1 N1 N1 N1 N1 N1 N1 N1 N1 N1 N1 N1 N1 REM REM REM N1 N1 W N1 N1 N1 N1 N1 N1 N1 N1 N1 N1 N2 N2 N2 N2 N2 N2 N2 N2 N2 N2 N2 N2 N2 N2 N2 N2 N2 N2 N2 N2 N2 N2 N2 N2 N2 N2 N2 N2 N2 N2 N2 N2 N2 N2 N2 N2 N2 N2 N2 N2 N2 N2 N2 N2 N2 N2 N2 N2 N2 N2 N2 N2 N2 N2 N2 N2 N2 N2 N2 N2 N2 N2 N2 N2 N2 N2 N2 N2 N2 N2 W W N1 N1 N1 N1 N1 N1 N2 N2 N2 N2 N2 N2 N1 N1 N1 REM REM REM REM N1 REM REM REM REM REM REM REM REM REM REM REM REM REM REM REM REM REM REM REM REM REM REM REM REM REM W W N1 N1 N1 N1 N1 N1 REM REM REM REM REM W N1 W W W W W W W W W W W W W W W W W W W W W W W W W W W N1 N1 N1 N1 N1 N1 N1 N1 N1 N1 N1 N1 N1 N1 N1 N1 N1 N1 N1 N1 N1 N1 N1 N1 N1 N1 W W W W W W N1 W W W N1 W W W W W W W,processed_sleepedf/spectral/ST7222J0-PSG_spectral.pt
processed_sleepedf/tensors/ST7241J0-PSG.pt,N1 N1 N1 N1 N1 W W W W W N1 N1 N2 N2 N2 N2 N2 N2 N1 N2 N2 N2 N2 N2 N2 N2 N2 N2 N2 N2 N2 N2 N2 N2 N2 N2 N2 N3 N2 N2 N2 W W W N1 N1 N2 N2 N2 N2 N2 N2 N2 N2 N2 N2 N2 N2 N3 N2 N2 N2 N3 N3 N2 N2 N2 N3 N3 N3 N3 N3 N3 N3 N2 W N1 N2 N2 N2 N2 N2 N2 N2 N2 N2 N2 N2 N2 N3 N3 N3 N3 N2 N3 N3 N3 N3 N3 N3 N3 N3 N2 N3 N3 N3 N3 N3 N3 N3 N3 N3 N1 N1 N2 N2 N2 N2 N1 N1 N2 N2 N2 N2 N2 N2 W W N1 N1 N1 N1 N2 N2 N2 N2 N2 N2 N2 N2 N2 N2 N2 N2 N2 N2 N2 N2 N2 N2 N2 N2 N2 N2 N3 N2 N2 N2 N2 N2 N2 N3 N2 N2 N3 N2 N2 N2 N3 N2 N2 N2 N2 N2 N2 N2 W W N1 N2 N2 N2 N2 N2 N2 N2 N2 N2 N2 N2 N2 N2 N2 N2 N2 REM REM REM REM REM REM REM REM REM REM REM REM REM REM REM REM REM REM REM REM REM REM REM W N1 N1 N1 N2 N2 N2 N2 N2 N2 N2 N2 N2 N2 N2 N2 N2 N2 N2 N2 N2 N2 N2 N2 N2 N2 N2 N2 N2 N2 N2 N2 N2 N2 N2 N2 N2 N2 N2 N2 N2 N2 N2 N2 N2 N2 N2 N2 N2 N2 N2 N2 N2 N2 N2 N2 N2 N2 N2 N2 N2 N2 N2 N2 N2 N2 N2 N2 N2 N2 N2 N2 N2 N2 N2 N2 N2 N2 N2 N2 N2 N2 N2 N2 N2 N2 N2 N2 N2 N2 N2 N2 N2 N2 N2 N2 N2 N3 N2 N2 N2 N3 N2 N2 N3 N3 N3 N2 N2 N3 N3 N3 N2 N1 N2 N2 N2 N2 N2 N2 N2 N2 N2 N2 N2 N2 N2 N2 N2 N2 N2 N2 N2 N2 N2 N2 N2 N2 N2 N2 N2 N2 N2 N2 N2 N2 N2 N2 N2 N2 N2 N2 N2 N2 N2 N2 N2 N2 N2 N2 N2 N2 N2 N2 N2 N2 N2 N2 N2 N2 REM REM REM REM REM REM REM REM REM REM REM REM REM REM REM REM REM REM REM REM REM REM REM REM REM REM REM REM REM REM REM REM REM REM REM REM REM REM REM REM REM REM REM REM REM REM REM N1 N1 N1 N1 N1 N1 N1 W W W N1 N1 N2 N2 N2 N2 N2 N2 N2 N2 N2 N2 N2 N2 N2 N2 N2 N2 N2 N2 N2 N2 N2 N2 N2 N2 N2 N2 N2 N2 N2 N2 N2 N2 N2 N2 N2 N2 N2 N2 N2 N2 N2 N2 N2 N2 N2 N2 N2 N2 N2 N2 N2 N2 N2 N2 N2 N2 N2 N2 N2 N2 W N1 N2 N2 N2 N2 N2 N2 N2 N2 N2 N2 N2 N2 N2 N2 N2 N2 N2 N2 N2 N2 N2 N2 N2 N2 N2 N1 N2 N2 N2 N2 N2 N2 N2 N2 N2 N2 N2 N2 N2 N2 N2 N2 N2 N2 N2 N2 N2 N2 N2 N2 N2 N2 N2 N2 N2 N2 N2 N2 N2 N2 N2 N2 N2 REM REM REM REM REM REM REM REM REM REM REM REM REM REM REM REM REM REM REM REM REM REM REM REM REM REM REM REM REM REM REM REM REM REM REM REM REM REM REM REM REM REM REM REM REM REM REM N1 N2 N2 N2 N2 N2 N2 N2 N2 N2 N2 N2 N2 N2 N2 N2 N2 N2 N2 N2 N2 N2 N2 N2 N2 N2 N2 N2 N2 N2 N2 N2 N2 N2 N2 N2 N2 N2 N2 N2 N2 N2 N2 N2 N2 N2 N2 N2 N2 N2 N2 N2 N2 N2 N2 N2 N2 N2 N2 N2 N2 N2 N2 N2 N2 N2 N2 N2 N2 N2 N2 N2 N2 N2 N2 N2 N2 N2 N1 N2 N2 N2 N2 N2 N2 N2 N2 N2 N2 N2 N2 N2 N2 N2 N2 N2 N2 N2 N2 N2 N2 N2 N2 N2 N2 N2 N2 N2 N2 N2 N2 REM REM REM REM REM REM REM REM REM REM REM REM REM REM REM REM REM REM REM REM REM REM REM REM REM REM REM REM REM REM REM REM REM REM REM REM REM REM REM N1 REM REM REM REM N2 N2 N2 N2 N2 REM REM REM REM REM REM REM REM REM REM REM REM REM REM REM REM REM REM REM REM REM REM REM REM REM REM REM REM REM REM REM REM REM REM REM REM REM REM REM REM REM REM REM REM REM REM REM REM REM REM REM REM N2 N2 N2 N2 N2 N2 N2 N2 N2 N2 N2 N2 N2 N2 N2 N2 N2 N2 N2 N2 N2 N2 N2 N2 N2 N2 N2 N2 N2 N2 N2 N2 N2 N2 N2 N2 N2 N2 N2 N2 N2 N2 N2 N2 N2 N2 N2 N2 N2 N2 N2 N2 N2 N2 N2 N2 N2 N2 N2 N2 N2 N2 N2 N2 N2 N2 N2 N2 N2 N3 N2 N2 N2 N2 N2 N2 N2 N2 N2 N2 N1 N1 N1 N2 N2 N2 N2 N2 N2 N2 N2 N2 N2 N2 N2 N2 N2 N2 N2 N2 N2 N2 N2 N2 N2 N2 N2 N2 N2 N2 N2 N2 N2 N2 N2 N2 N2 N2 N2 N2 N2 N2 N2 N2 N2 N2 N2 N2 N2 N2 N2 N2 N2 N2 N2 N2 N2 N2 N2 N2 N2 N2 N2 N2 N2 N2 N2 N2 N2 N2 N2 N2 N2 N2 N2 REM REM REM REM REM REM REM REM REM REM REM REM REM REM REM REM REM N1 REM REM REM REM REM REM REM REM W W W W W W W W W,processed_sleepedf/spectral/ST7241J0-PSG_spectral.pt
processed_sleepedf/tensors/ST7242J0-PSG.pt,N1 N1 N1 N2 N2 N2 N2 N2 N2 N2 N2 N2 N2 N2 N2 N2 N2 N2 N2 N2 N2 N2 N2 N2 N2 N2 N2 N3 N2 N2 N3 N3 N3 N3 N3 N3 N3 N3 N2 N2 N2 N2 N3 N2 N3 N3 N3 N3 N3 N3 N3 N3 N3 N3 N2 N2 N3 N3 N3 N3 N3 N3 N3 N3 N2 N2 N3 N2 N3 N3 N2 N3 N3 N3 N3 N3 N3 N3 N3 N3 N3 N3 N2 N2 N2 N3 N3 N3 N3 N3 N3 N3 N2 N3 N3 N3 N3 N2 N2 N2 N2 N2 N3 N2 N3 N3 N3 N3 N3 N3 N3 N3 N3 N3 N3 N3 N3 N3 N3 N3 N3 N3 N2 N3 W N1 N2 N2 N2 N2 N2 N2 N2 N2 N2 N2 N2 N2 N2 N2 N2 N2 N2 N2 N2 N2 N3 N3 N3 N2 N1 N2 N2 N2 N2 W N1 N2 N2 N2 N2 N2 N2 N2 N2 N2 REM REM REM REM REM REM REM REM REM REM REM REM REM REM REM REM REM REM REM REM REM REM REM REM N2 N2 N2 N2 N2 N2 N2 N2 N2 N2 N2 N2 N2 N2 N2 N2 N2 N2 N2 N2 N2 N2 N2 N2 N2 N2 N2 N2 N2 N2 N2 N2 N2 N2 N2 N2 N2 N2 N2 N2 N2 N2 N2 N2 N2 N2 N3 N2 N3 N3 N3 N3 N3 N3 N3 N3 N3 N3 N3 N3 N3 N3 N3 N3 N3 N3 N2 N3 N3 N3 N3 N3 N3 N3 N3 N3 N2 N1 N2 N2 N2 N2 N2 N2 N2 N2 W W W W N1 N2 N2 N2 N2 N2 N2 N2 N2 N2 N2 N2 N2 N2 N2 N2 N2 N2 N2 N2 N1 N2 N2 N2 N2 N1 N2 N2 N2 N2 N2 N2 N2 N2 N2 N2 N2 N2 N2 N2 N2 N2 N2 N2 N2 N2 N2 N2 N2 N2 N2 N2 N2 N2 N2 N2 N2 N2 N2 N2 N2 N2 N3 N2 N2 N3 N3 N3 N3 N3 N2 N3 N3 N3 N3 N3 N2 N3 N3 N3 N3 N3 N3 N3 N3 N3 N3 N3 N3 N3 N3 N3 N3 N3 N3 N3 N3 N3 N3 N2 N3 N2 N2 N2 N2 N2 N2 REM REM REM REM REM REM REM REM REM REM REM REM W N1 W N1 N2 N2 N2 N2 N2 N2 N2 N2 N2 N1 N2 N2 N2 N2 REM REM REM REM REM REM REM REM REM REM REM REM REM REM REM REM REM REM REM REM REM REM REM REM REM REM REM REM REM REM REM REM REM REM REM N2 N2 N2 N2 N2 N2 N2 N2 N2 N2 N2 N2 N2 N2 N2 N2 N2 N2 N2 N2 N2 N2 N2 N2 N2 N2 N2 N2 N2 N2 N2 N2 N2 N2 N2 N2 N2 N2 N2 N2 N2 N2 N2 N2 N2 N2 N2 N2 N2 N2 N2 N2 N2 N2 N2 N2 N2 N2 N2 N2 N2 N2 N2 N2 N2 N2 N2 N2 N2 N2 N2 N2 N2 N2 N2 N2 N2 N2 N2 N2 N2 N2 N2 N2 N2 N2 N2 N2 N2 N2 N2 N2 N2 N2 N2 N2 W W N1 N1 N2 N2 N2 N2 N2 N2 N2 N2 N2 N1 N2 N2 N2 N2 N2 N2 N2 N2 N2 N2 N2 N2 N2 N2 N2 N2 N2 N2 N2 N2 N1 N2 N2 N2 N2 N2 N2 N2 N2 N2 N2 N2 N2 N2 N2 W W N1 N2 N2 N2 N2 N2 N2 N2 N2 N2 N2 N2 N2 N2 N2 N2 N2 N2 N2 N2 N2 N2 N2 N2 N2 N2 N2 N2 REM REM REM REM REM REM REM REM REM REM REM REM REM REM REM REM REM REM REM REM REM REM REM REM REM REM REM REM REM REM REM REM REM REM REM REM REM REM REM REM REM REM REM REM REM REM REM REM REM REM REM REM REM W N1 N1 N2 N2 N2 N2 N2 N2 N2 N2 N2 N2 N2 N2 N2 N2 N2 N2 N2 N2 N2 N2 N2 N2 N2 N2 N2 N2 N2 N2 N2 N2 N2 N2 N2 N2 N2 N2 N2 N2 N2 N2 N2 N2 N2 N2 N2 N2 N2 N2 N2 N2 N2 N2 N2 N2 N2 N2 N2 N2 N2 N2 N2 N2 N3 N2 N2 N2 N2 N2 N2 N2 N2 N2 N2 N2 N2 N2 N2 N2 N2 N2 N2 N2 N2 N2 N2 N2 N2 N2 N2 N2 N2 N2 N2 N2 N2 N2 N2 N2 N2 N2 N2 REM REM REM REM REM REM REM REM REM REM REM REM REM REM REM REM REM REM REM REM REM REM REM REM REM REM REM REM REM REM REM REM REM REM REM REM REM REM REM REM REM REM REM REM REM REM W N1 N1 N2 N2 N2 N2 N2 N2 N2 N2 N2 N2 N2 N2 N2 N2 N2 N2 N2 N2 N2 N2 N2 N2 N2 N2 N2 N2 N2 N2 N2 N2 N2 N2 N2 N2 N2 N2 N2 N2 N2 N2 N2 N2 N2 N2 N2 N2 N2 N2 N2 N2 N2 N2 N2 N2 N2 N2 N2 N2 N2 N2 N2 N2 N2 N2 N2 N2 N2 N2 N2 N2 N2 N2 N2 N2 N2 N2 N2 N2 N2 N2 N2 N2 N2 N2 N2 N2 N2 N2 N2 N2 N2 N2 N2 N2 N2 N2 N2 N2 N2 N2 N2 N2 N2 W W W,processed_sleepedf/spectral/ST7242J0-PSG_spectral.pt
